
/home/jason/Dev/Pico/hid-remapper/firmware/build_pico/remapper_dual_b.elf:     file format elf32-littlearm

Sections:
Idx Name          Size      VMA       LMA       File off  Algn
  0 .boot2        00000100  10000000  10000000  00001000  2**0
                  CONTENTS, ALLOC, LOAD, READONLY, CODE
  1 .text         0000af9c  10000100  10000100  00001100  2**3
                  CONTENTS, ALLOC, LOAD, READONLY, CODE
  2 .rodata       0000063c  1000b0a0  1000b0a0  0000c0a0  2**3
                  CONTENTS, ALLOC, LOAD, READONLY, DATA
  3 .binary_info  0000002c  1000b6dc  1000b6dc  0000c6dc  2**2
                  CONTENTS, ALLOC, LOAD, READONLY, DATA
  4 .ram_vector_table 000000c0  20000000  20000000  0000e000  2**2
                  ALLOC
  5 .uninitialized_data 00000000  200000c0  200000c0  0000df08  2**0
                  CONTENTS
  6 .data         00000e48  200000c0  1000b708  0000d0c0  2**4
                  CONTENTS, ALLOC, LOAD, READONLY, CODE
  7 .tdata        00000000  20000f08  20000f08  0000df08  2**0
                  CONTENTS, ALLOC, LOAD, DATA, THREAD_LOCAL
  8 .tbss         00000000  20000f08  20000f08  00000000  2**0
                  ALLOC, THREAD_LOCAL
  9 .bss          0000336c  20000f08  1000c550  0000df08  2**3
                  ALLOC
 10 .heap         00000800  20004274  20004274  0000df08  2**2
                  CONTENTS, READONLY
 11 .scratch_x    00000000  20040000  20040000  0000e708  2**0
                  CONTENTS
 12 .scratch_y    00000000  20041000  20041000  0000e708  2**0
                  CONTENTS
 13 .stack_dummy  00000800  20041000  20041000  0000e720  2**5
                  CONTENTS, READONLY
 14 .ARM.attributes 00000028  00000000  00000000  0000ef20  2**0
                  CONTENTS, READONLY
 15 .comment      00000045  00000000  00000000  0000ef48  2**0
                  CONTENTS, READONLY
 16 .debug_info   00043b6b  00000000  00000000  0000ef8d  2**0
                  CONTENTS, READONLY, DEBUGGING, OCTETS
 17 .debug_abbrev 0000a862  00000000  00000000  00052af8  2**0
                  CONTENTS, READONLY, DEBUGGING, OCTETS
 18 .debug_loclists 0002c7f3  00000000  00000000  0005d35a  2**0
                  CONTENTS, READONLY, DEBUGGING, OCTETS
 19 .debug_aranges 000018f8  00000000  00000000  00089b50  2**3
                  CONTENTS, READONLY, DEBUGGING, OCTETS
 20 .debug_rnglists 000067a0  00000000  00000000  0008b448  2**0
                  CONTENTS, READONLY, DEBUGGING, OCTETS
 21 .debug_line   00032706  00000000  00000000  00091be8  2**0
                  CONTENTS, READONLY, DEBUGGING, OCTETS
 22 .debug_str    0000aaba  00000000  00000000  000c42ee  2**0
                  CONTENTS, READONLY, DEBUGGING, OCTETS
 23 .debug_frame  000040b0  00000000  00000000  000ceda8  2**2
                  CONTENTS, READONLY, DEBUGGING, OCTETS
 24 .debug_line_str 000003bc  00000000  00000000  000d2e58  2**0
                  CONTENTS, READONLY, DEBUGGING, OCTETS

/home/jason/Dev/Pico/hid-remapper/firmware/build_pico/remapper_dual_b.elf:     file format elf32-littlearm


Disassembly of section .boot2:

10000000 <__boot2_start__>:
10000000:	4b32b500 	.word	0x4b32b500
10000004:	60582021 	.word	0x60582021
10000008:	21026898 	.word	0x21026898
1000000c:	60984388 	.word	0x60984388
10000010:	611860d8 	.word	0x611860d8
10000014:	4b2e6158 	.word	0x4b2e6158
10000018:	60992100 	.word	0x60992100
1000001c:	61592104 	.word	0x61592104
10000020:	22f02101 	.word	0x22f02101
10000024:	492b5099 	.word	0x492b5099
10000028:	21016019 	.word	0x21016019
1000002c:	20356099 	.word	0x20356099
10000030:	f844f000 	.word	0xf844f000
10000034:	42902202 	.word	0x42902202
10000038:	2106d014 	.word	0x2106d014
1000003c:	f0006619 	.word	0xf0006619
10000040:	6e19f834 	.word	0x6e19f834
10000044:	66192101 	.word	0x66192101
10000048:	66182000 	.word	0x66182000
1000004c:	f000661a 	.word	0xf000661a
10000050:	6e19f82c 	.word	0x6e19f82c
10000054:	6e196e19 	.word	0x6e196e19
10000058:	f0002005 	.word	0xf0002005
1000005c:	2101f82f 	.word	0x2101f82f
10000060:	d1f94208 	.word	0xd1f94208
10000064:	60992100 	.word	0x60992100
10000068:	6019491b 	.word	0x6019491b
1000006c:	60592100 	.word	0x60592100
10000070:	481b491a 	.word	0x481b491a
10000074:	21016001 	.word	0x21016001
10000078:	21eb6099 	.word	0x21eb6099
1000007c:	21a06619 	.word	0x21a06619
10000080:	f0006619 	.word	0xf0006619
10000084:	2100f812 	.word	0x2100f812
10000088:	49166099 	.word	0x49166099
1000008c:	60014814 	.word	0x60014814
10000090:	60992101 	.word	0x60992101
10000094:	2800bc01 	.word	0x2800bc01
10000098:	4700d000 	.word	0x4700d000
1000009c:	49134812 	.word	0x49134812
100000a0:	c8036008 	.word	0xc8036008
100000a4:	8808f380 	.word	0x8808f380
100000a8:	b5034708 	.word	0xb5034708
100000ac:	20046a99 	.word	0x20046a99
100000b0:	d0fb4201 	.word	0xd0fb4201
100000b4:	42012001 	.word	0x42012001
100000b8:	bd03d1f8 	.word	0xbd03d1f8
100000bc:	6618b502 	.word	0x6618b502
100000c0:	f7ff6618 	.word	0xf7ff6618
100000c4:	6e18fff2 	.word	0x6e18fff2
100000c8:	bd026e18 	.word	0xbd026e18
100000cc:	40020000 	.word	0x40020000
100000d0:	18000000 	.word	0x18000000
100000d4:	00070000 	.word	0x00070000
100000d8:	005f0300 	.word	0x005f0300
100000dc:	00002221 	.word	0x00002221
100000e0:	180000f4 	.word	0x180000f4
100000e4:	a0002022 	.word	0xa0002022
100000e8:	10000100 	.word	0x10000100
100000ec:	e000ed08 	.word	0xe000ed08
	...
100000fc:	d58f0b07 	.word	0xd58f0b07

Disassembly of section .text:

10000100 <__VECTOR_TABLE>:
10000100:	20042000 	.word	0x20042000
10000104:	100001f7 	.word	0x100001f7
10000108:	100001c3 	.word	0x100001c3
1000010c:	100001c5 	.word	0x100001c5
10000110:	100001c1 	.word	0x100001c1
10000114:	100001c1 	.word	0x100001c1
10000118:	100001c1 	.word	0x100001c1
1000011c:	100001c1 	.word	0x100001c1
10000120:	100001c1 	.word	0x100001c1
10000124:	100001c1 	.word	0x100001c1
10000128:	100001c1 	.word	0x100001c1
1000012c:	100001c7 	.word	0x100001c7
10000130:	100001c1 	.word	0x100001c1
10000134:	100001c1 	.word	0x100001c1
10000138:	100001c9 	.word	0x100001c9
1000013c:	100001cb 	.word	0x100001cb
10000140:	100001cd 	.word	0x100001cd
10000144:	100001cd 	.word	0x100001cd
10000148:	100001cd 	.word	0x100001cd
1000014c:	100001cd 	.word	0x100001cd
10000150:	100001cd 	.word	0x100001cd
10000154:	100001cd 	.word	0x100001cd
10000158:	100001cd 	.word	0x100001cd
1000015c:	100001cd 	.word	0x100001cd
10000160:	100001cd 	.word	0x100001cd
10000164:	100001cd 	.word	0x100001cd
10000168:	100001cd 	.word	0x100001cd
1000016c:	100001cd 	.word	0x100001cd
10000170:	100001cd 	.word	0x100001cd
10000174:	100001cd 	.word	0x100001cd
10000178:	100001cd 	.word	0x100001cd
1000017c:	100001cd 	.word	0x100001cd
10000180:	100001cd 	.word	0x100001cd
10000184:	100001cd 	.word	0x100001cd
10000188:	100001cd 	.word	0x100001cd
1000018c:	100001cd 	.word	0x100001cd
10000190:	100001cd 	.word	0x100001cd
10000194:	100001cd 	.word	0x100001cd
10000198:	100001cd 	.word	0x100001cd
1000019c:	100001cd 	.word	0x100001cd
100001a0:	100001cd 	.word	0x100001cd
100001a4:	100001cd 	.word	0x100001cd
100001a8:	100001cd 	.word	0x100001cd
100001ac:	100001cd 	.word	0x100001cd
100001b0:	100001cd 	.word	0x100001cd
100001b4:	100001cd 	.word	0x100001cd
100001b8:	100001cd 	.word	0x100001cd
100001bc:	100001cd 	.word	0x100001cd

100001c0 <isr_invalid>:
100001c0:	be00      	bkpt	0x0000

100001c2 <isr_nmi>:
100001c2:	be00      	bkpt	0x0000

100001c4 <isr_hardfault>:
100001c4:	be00      	bkpt	0x0000

100001c6 <isr_svcall>:
100001c6:	be00      	bkpt	0x0000

100001c8 <isr_pendsv>:
100001c8:	be00      	bkpt	0x0000

100001ca <isr_systick>:
100001ca:	be00      	bkpt	0x0000

100001cc <__unhandled_user_irq>:
100001cc:	f3ef 8005 	mrs	r0, IPSR
100001d0:	3810      	subs	r0, #16

100001d2 <unhandled_user_irq_num_in_r0>:
100001d2:	be00      	bkpt	0x0000

100001d4 <binary_info_header>:
100001d4:	7188ebf2 	.word	0x7188ebf2
100001d8:	1000b6dc 	.word	0x1000b6dc
100001dc:	1000b708 	.word	0x1000b708
100001e0:	10000238 	.word	0x10000238
100001e4:	e71aa390 	.word	0xe71aa390

100001e8 <_entry_point>:
100001e8:	481e      	ldr	r0, [pc, #120]	@ (10000264 <data_cpy_table+0x2c>)

100001ea <_enter_vtable_in_r0>:
100001ea:	491f      	ldr	r1, [pc, #124]	@ (10000268 <data_cpy_table+0x30>)
100001ec:	6008      	str	r0, [r1, #0]
100001ee:	c806      	ldmia	r0!, {r1, r2}
100001f0:	f381 8808 	msr	MSP, r1
100001f4:	4710      	bx	r2

100001f6 <_reset_handler>:
100001f6:	481d      	ldr	r0, [pc, #116]	@ (1000026c <data_cpy_table+0x34>)
100001f8:	6800      	ldr	r0, [r0, #0]
100001fa:	2800      	cmp	r0, #0
100001fc:	d001      	beq.n	10000202 <hold_non_core0_in_bootrom+0x4>

100001fe <hold_non_core0_in_bootrom>:
100001fe:	4819      	ldr	r0, [pc, #100]	@ (10000264 <data_cpy_table+0x2c>)
10000200:	e7f3      	b.n	100001ea <_enter_vtable_in_r0>
10000202:	a40d      	add	r4, pc, #52	@ (adr r4, 10000238 <data_cpy_table>)
10000204:	cc0e      	ldmia	r4!, {r1, r2, r3}
10000206:	2900      	cmp	r1, #0
10000208:	d002      	beq.n	10000210 <hold_non_core0_in_bootrom+0x12>
1000020a:	f000 f812 	bl	10000232 <data_cpy>
1000020e:	e7f9      	b.n	10000204 <hold_non_core0_in_bootrom+0x6>
10000210:	4917      	ldr	r1, [pc, #92]	@ (10000270 <data_cpy_table+0x38>)
10000212:	4a18      	ldr	r2, [pc, #96]	@ (10000274 <data_cpy_table+0x3c>)
10000214:	2000      	movs	r0, #0
10000216:	e000      	b.n	1000021a <bss_fill_test>

10000218 <bss_fill_loop>:
10000218:	c101      	stmia	r1!, {r0}

1000021a <bss_fill_test>:
1000021a:	4291      	cmp	r1, r2
1000021c:	d1fc      	bne.n	10000218 <bss_fill_loop>

1000021e <platform_entry>:
1000021e:	4916      	ldr	r1, [pc, #88]	@ (10000278 <data_cpy_table+0x40>)
10000220:	4788      	blx	r1
10000222:	4916      	ldr	r1, [pc, #88]	@ (1000027c <data_cpy_table+0x44>)
10000224:	4788      	blx	r1
10000226:	4916      	ldr	r1, [pc, #88]	@ (10000280 <data_cpy_table+0x48>)
10000228:	4788      	blx	r1
1000022a:	be00      	bkpt	0x0000
1000022c:	e7fd      	b.n	1000022a <platform_entry+0xc>

1000022e <data_cpy_loop>:
1000022e:	c901      	ldmia	r1!, {r0}
10000230:	c201      	stmia	r2!, {r0}

10000232 <data_cpy>:
10000232:	429a      	cmp	r2, r3
10000234:	d3fb      	bcc.n	1000022e <data_cpy_loop>
10000236:	4770      	bx	lr

10000238 <data_cpy_table>:
10000238:	1000b708 	.word	0x1000b708
1000023c:	200000c0 	.word	0x200000c0
10000240:	20000f08 	.word	0x20000f08
10000244:	1000c550 	.word	0x1000c550
10000248:	20040000 	.word	0x20040000
1000024c:	20040000 	.word	0x20040000
10000250:	1000c550 	.word	0x1000c550
10000254:	20041000 	.word	0x20041000
10000258:	20041000 	.word	0x20041000
1000025c:	00000000 	.word	0x00000000
10000260:	4770      	bx	lr
10000262:	0000      	.short	0x0000
10000264:	00000000 	.word	0x00000000
10000268:	e000ed08 	.word	0xe000ed08
1000026c:	d0000000 	.word	0xd0000000
10000270:	20000f08 	.word	0x20000f08
10000274:	20004274 	.word	0x20004274
10000278:	10004f6d 	.word	0x10004f6d
1000027c:	10000355 	.word	0x10000355
10000280:	10004f65 	.word	0x10004f65

10000284 <_init>:
10000284:	b5f8      	push	{r3, r4, r5, r6, r7, lr}
10000286:	46c0      	nop			@ (mov r8, r8)

10000288 <register_tm_clones>:
10000288:	4806      	ldr	r0, [pc, #24]	@ (100002a4 <register_tm_clones+0x1c>)
1000028a:	4907      	ldr	r1, [pc, #28]	@ (100002a8 <register_tm_clones+0x20>)
1000028c:	1a09      	subs	r1, r1, r0
1000028e:	108b      	asrs	r3, r1, #2
10000290:	0fc9      	lsrs	r1, r1, #31
10000292:	18c9      	adds	r1, r1, r3
10000294:	b510      	push	{r4, lr}
10000296:	1049      	asrs	r1, r1, #1
10000298:	d003      	beq.n	100002a2 <register_tm_clones+0x1a>
1000029a:	4b04      	ldr	r3, [pc, #16]	@ (100002ac <register_tm_clones+0x24>)
1000029c:	2b00      	cmp	r3, #0
1000029e:	d000      	beq.n	100002a2 <register_tm_clones+0x1a>
100002a0:	4798      	blx	r3
100002a2:	bd10      	pop	{r4, pc}
100002a4:	20000f08 	.word	0x20000f08
100002a8:	20000f08 	.word	0x20000f08
100002ac:	00000000 	.word	0x00000000

100002b0 <frame_dummy>:
100002b0:	4b05      	ldr	r3, [pc, #20]	@ (100002c8 <frame_dummy+0x18>)
100002b2:	b510      	push	{r4, lr}
100002b4:	2b00      	cmp	r3, #0
100002b6:	d003      	beq.n	100002c0 <frame_dummy+0x10>
100002b8:	4904      	ldr	r1, [pc, #16]	@ (100002cc <frame_dummy+0x1c>)
100002ba:	4805      	ldr	r0, [pc, #20]	@ (100002d0 <frame_dummy+0x20>)
100002bc:	e000      	b.n	100002c0 <frame_dummy+0x10>
100002be:	bf00      	nop
100002c0:	f7ff ffe2 	bl	10000288 <register_tm_clones>
100002c4:	bd10      	pop	{r4, pc}
100002c6:	46c0      	nop			@ (mov r8, r8)
100002c8:	00000000 	.word	0x00000000
100002cc:	20004118 	.word	0x20004118
100002d0:	1000b09c 	.word	0x1000b09c

100002d4 <_Z15serial_callbackPKht>:
100002d4:	b530      	push	{r4, r5, lr}
100002d6:	7803      	ldrb	r3, [r0, #0]
100002d8:	0004      	movs	r4, r0
100002da:	3b05      	subs	r3, #5
100002dc:	b2db      	uxtb	r3, r3
100002de:	b083      	sub	sp, #12
100002e0:	2b05      	cmp	r3, #5
100002e2:	d809      	bhi.n	100002f8 <_Z15serial_callbackPKht+0x24>
100002e4:	4a18      	ldr	r2, [pc, #96]	@ (10000348 <_Z15serial_callbackPKht+0x74>)
100002e6:	009b      	lsls	r3, r3, #2
100002e8:	58d3      	ldr	r3, [r2, r3]
100002ea:	469f      	mov	pc, r3
100002ec:	7842      	ldrb	r2, [r0, #1]
100002ee:	4b17      	ldr	r3, [pc, #92]	@ (1000034c <_Z15serial_callbackPKht+0x78>)
100002f0:	701a      	strb	r2, [r3, #0]
100002f2:	2201      	movs	r2, #1
100002f4:	4b16      	ldr	r3, [pc, #88]	@ (10000350 <_Z15serial_callbackPKht+0x7c>)
100002f6:	701a      	strb	r2, [r3, #0]
100002f8:	2000      	movs	r0, #0
100002fa:	b003      	add	sp, #12
100002fc:	bd30      	pop	{r4, r5, pc}
100002fe:	7903      	ldrb	r3, [r0, #4]
10000300:	7882      	ldrb	r2, [r0, #2]
10000302:	7841      	ldrb	r1, [r0, #1]
10000304:	78c0      	ldrb	r0, [r0, #3]
10000306:	f000 fbb5 	bl	10000a74 <_Z19do_queue_get_reporthhhh>
1000030a:	e7f5      	b.n	100002f8 <_Z15serial_callbackPKht+0x24>
1000030c:	2200      	movs	r2, #0
1000030e:	2100      	movs	r1, #0
10000310:	2000      	movs	r0, #0
10000312:	f002 fb99 	bl	10002a48 <watchdog_reboot>
10000316:	e7ef      	b.n	100002f8 <_Z15serial_callbackPKht+0x24>
10000318:	2500      	movs	r5, #0
1000031a:	7843      	ldrb	r3, [r0, #1]
1000031c:	78c2      	ldrb	r2, [r0, #3]
1000031e:	9501      	str	r5, [sp, #4]
10000320:	78a4      	ldrb	r4, [r4, #2]
10000322:	3904      	subs	r1, #4
10000324:	b289      	uxth	r1, r1
10000326:	3004      	adds	r0, #4
10000328:	9400      	str	r4, [sp, #0]
1000032a:	f000 fb43 	bl	100009b4 <_Z19do_queue_out_reportPKhthhh7OutType>
1000032e:	e7e3      	b.n	100002f8 <_Z15serial_callbackPKht+0x24>
10000330:	2502      	movs	r5, #2
10000332:	7843      	ldrb	r3, [r0, #1]
10000334:	78c2      	ldrb	r2, [r0, #3]
10000336:	9501      	str	r5, [sp, #4]
10000338:	78a4      	ldrb	r4, [r4, #2]
1000033a:	3904      	subs	r1, #4
1000033c:	b289      	uxth	r1, r1
1000033e:	3004      	adds	r0, #4
10000340:	9400      	str	r4, [sp, #0]
10000342:	f000 fb37 	bl	100009b4 <_Z19do_queue_out_reportPKhthhh7OutType>
10000346:	e7d7      	b.n	100002f8 <_Z15serial_callbackPKht+0x24>
10000348:	1000b0a0 	.word	0x1000b0a0
1000034c:	2000426f 	.word	0x2000426f
10000350:	2000426e 	.word	0x2000426e

10000354 <main>:
10000354:	b570      	push	{r4, r5, r6, lr}
10000356:	b082      	sub	sp, #8
10000358:	f000 f9be 	bl	100006d8 <_Z11serial_initv>
1000035c:	f009 fe7c 	bl	1000a058 <board_init>
10000360:	f004 ff42 	bl	100051e8 <stdio_init_all>
10000364:	4d10      	ldr	r5, [pc, #64]	@ (100003a8 <main+0x54>)
10000366:	2604      	movs	r6, #4
10000368:	782b      	ldrb	r3, [r5, #0]
1000036a:	4c10      	ldr	r4, [pc, #64]	@ (100003ac <main+0x58>)
1000036c:	2b00      	cmp	r3, #0
1000036e:	d10b      	bne.n	10000388 <main+0x34>
10000370:	466b      	mov	r3, sp
10000372:	2101      	movs	r1, #1
10000374:	a801      	add	r0, sp, #4
10000376:	711e      	strb	r6, [r3, #4]
10000378:	f000 fb16 	bl	100009a8 <_Z24serial_write_nonblockingPKht>
1000037c:	0020      	movs	r0, r4
1000037e:	f000 f9d3 	bl	10000728 <_Z11serial_readPFbPKhtE>
10000382:	782b      	ldrb	r3, [r5, #0]
10000384:	2b00      	cmp	r3, #0
10000386:	d0f3      	beq.n	10000370 <main+0x1c>
10000388:	f009 fb5a 	bl	10009a40 <tusb_init>
1000038c:	2001      	movs	r0, #1
1000038e:	2100      	movs	r1, #0
10000390:	4240      	negs	r0, r0
10000392:	f007 f8c7 	bl	10007524 <tuh_task_ext>
10000396:	0020      	movs	r0, r4
10000398:	f000 f9c6 	bl	10000728 <_Z11serial_readPFbPKhtE>
1000039c:	f000 fb98 	bl	10000ad0 <_Z18do_send_out_reportv>
100003a0:	f000 fc34 	bl	10000c0c <_Z22activity_led_off_maybev>
100003a4:	e7f2      	b.n	1000038c <main+0x38>
100003a6:	46c0      	nop			@ (mov r8, r8)
100003a8:	2000426e 	.word	0x2000426e
100003ac:	100002d5 	.word	0x100002d5

100003b0 <_Z24report_received_callbackhhPKht>:
100003b0:	b5f0      	push	{r4, r5, r6, r7, lr}
100003b2:	46c6      	mov	lr, r8
100003b4:	b500      	push	{lr}
100003b6:	4680      	mov	r8, r0
100003b8:	000f      	movs	r7, r1
100003ba:	0016      	movs	r6, r2
100003bc:	001c      	movs	r4, r3
100003be:	f000 fc03 	bl	10000bc8 <_Z15activity_led_onv>
100003c2:	2303      	movs	r3, #3
100003c4:	4d08      	ldr	r5, [pc, #32]	@ (100003e8 <_Z24report_received_callbackhhPKht+0x38>)
100003c6:	0022      	movs	r2, r4
100003c8:	702b      	strb	r3, [r5, #0]
100003ca:	4643      	mov	r3, r8
100003cc:	0031      	movs	r1, r6
100003ce:	1ce8      	adds	r0, r5, #3
100003d0:	3403      	adds	r4, #3
100003d2:	706b      	strb	r3, [r5, #1]
100003d4:	70af      	strb	r7, [r5, #2]
100003d6:	f003 f929 	bl	1000362c <__wrap___aeabi_memcpy>
100003da:	0028      	movs	r0, r5
100003dc:	b2a1      	uxth	r1, r4
100003de:	f000 fae3 	bl	100009a8 <_Z24serial_write_nonblockingPKht>
100003e2:	bc80      	pop	{r7}
100003e4:	46b8      	mov	r8, r7
100003e6:	bdf0      	pop	{r4, r5, r6, r7, pc}
100003e8:	20003ca8 	.word	0x20003ca8

100003ec <tuh_hid_report_received_cb>:
100003ec:	b5f0      	push	{r4, r5, r6, r7, lr}
100003ee:	46c6      	mov	lr, r8
100003f0:	001c      	movs	r4, r3
100003f2:	b500      	push	{lr}
100003f4:	4690      	mov	r8, r2
100003f6:	0006      	movs	r6, r0
100003f8:	000f      	movs	r7, r1
100003fa:	f000 fbe5 	bl	10000bc8 <_Z15activity_led_onv>
100003fe:	2303      	movs	r3, #3
10000400:	4d0a      	ldr	r5, [pc, #40]	@ (1000042c <tuh_hid_report_received_cb+0x40>)
10000402:	0022      	movs	r2, r4
10000404:	4641      	mov	r1, r8
10000406:	1ce8      	adds	r0, r5, #3
10000408:	3403      	adds	r4, #3
1000040a:	702b      	strb	r3, [r5, #0]
1000040c:	706e      	strb	r6, [r5, #1]
1000040e:	70af      	strb	r7, [r5, #2]
10000410:	f003 f90c 	bl	1000362c <__wrap___aeabi_memcpy>
10000414:	0028      	movs	r0, r5
10000416:	b2a1      	uxth	r1, r4
10000418:	f000 fac6 	bl	100009a8 <_Z24serial_write_nonblockingPKht>
1000041c:	0039      	movs	r1, r7
1000041e:	0030      	movs	r0, r6
10000420:	f008 fdc4 	bl	10008fac <tuh_hid_receive_report>
10000424:	bc80      	pop	{r7}
10000426:	46b8      	mov	r8, r7
10000428:	bdf0      	pop	{r4, r5, r6, r7, pc}
1000042a:	46c0      	nop			@ (mov r8, r8)
1000042c:	20003ca8 	.word	0x20003ca8

10000430 <_Z28descriptor_received_callbackttPKhithh>:
10000430:	b5f0      	push	{r4, r5, r6, r7, lr}
10000432:	46c6      	mov	lr, r8
10000434:	b500      	push	{lr}
10000436:	000e      	movs	r6, r1
10000438:	0011      	movs	r1, r2
1000043a:	466a      	mov	r2, sp
1000043c:	001d      	movs	r5, r3
1000043e:	466b      	mov	r3, sp
10000440:	7f17      	ldrb	r7, [r2, #28]
10000442:	aa08      	add	r2, sp, #32
10000444:	7812      	ldrb	r2, [r2, #0]
10000446:	4c0f      	ldr	r4, [pc, #60]	@ (10000484 <_Z28descriptor_received_callbackttPKhithh+0x54>)
10000448:	4690      	mov	r8, r2
1000044a:	8b1b      	ldrh	r3, [r3, #24]
1000044c:	7060      	strb	r0, [r4, #1]
1000044e:	0a00      	lsrs	r0, r0, #8
10000450:	70a0      	strb	r0, [r4, #2]
10000452:	0a18      	lsrs	r0, r3, #8
10000454:	7160      	strb	r0, [r4, #5]
10000456:	2201      	movs	r2, #1
10000458:	0020      	movs	r0, r4
1000045a:	71a3      	strb	r3, [r4, #6]
1000045c:	4643      	mov	r3, r8
1000045e:	7022      	strb	r2, [r4, #0]
10000460:	70e6      	strb	r6, [r4, #3]
10000462:	002a      	movs	r2, r5
10000464:	0a36      	lsrs	r6, r6, #8
10000466:	3509      	adds	r5, #9
10000468:	3009      	adds	r0, #9
1000046a:	7126      	strb	r6, [r4, #4]
1000046c:	71e7      	strb	r7, [r4, #7]
1000046e:	7223      	strb	r3, [r4, #8]
10000470:	f003 f8dc 	bl	1000362c <__wrap___aeabi_memcpy>
10000474:	b2a9      	uxth	r1, r5
10000476:	2200      	movs	r2, #0
10000478:	0020      	movs	r0, r4
1000047a:	f000 f9fd 	bl	10000878 <_Z12serial_writePKhtb>
1000047e:	bc80      	pop	{r7}
10000480:	46b8      	mov	r8, r7
10000482:	bdf0      	pop	{r4, r5, r6, r7, pc}
10000484:	20003ca8 	.word	0x20003ca8

10000488 <tuh_hid_mount_cb>:
10000488:	b5f0      	push	{r4, r5, r6, r7, lr}
1000048a:	46de      	mov	lr, fp
1000048c:	4657      	mov	r7, sl
1000048e:	464e      	mov	r6, r9
10000490:	4645      	mov	r5, r8
10000492:	b5e0      	push	{r5, r6, r7, lr}
10000494:	0006      	movs	r6, r0
10000496:	b087      	sub	sp, #28
10000498:	4825      	ldr	r0, [pc, #148]	@ (10000530 <tuh_hid_mount_cb+0xa8>)
1000049a:	000f      	movs	r7, r1
1000049c:	4690      	mov	r8, r2
1000049e:	001d      	movs	r5, r3
100004a0:	f004 fef2 	bl	10005288 <__wrap_puts>
100004a4:	466b      	mov	r3, sp
100004a6:	1ddc      	adds	r4, r3, #7
100004a8:	0022      	movs	r2, r4
100004aa:	1d99      	adds	r1, r3, #6
100004ac:	0030      	movs	r0, r6
100004ae:	f006 fda1 	bl	10006ff4 <tuh_get_hub_addr_port>
100004b2:	230a      	movs	r3, #10
100004b4:	446b      	add	r3, sp
100004b6:	4699      	mov	r9, r3
100004b8:	ab02      	add	r3, sp, #8
100004ba:	464a      	mov	r2, r9
100004bc:	0019      	movs	r1, r3
100004be:	0030      	movs	r0, r6
100004c0:	469a      	mov	sl, r3
100004c2:	f006 fd59 	bl	10006f78 <tuh_vid_pid_get>
100004c6:	ab03      	add	r3, sp, #12
100004c8:	469b      	mov	fp, r3
100004ca:	001a      	movs	r2, r3
100004cc:	0039      	movs	r1, r7
100004ce:	0030      	movs	r0, r6
100004d0:	f008 fcd0 	bl	10008e74 <tuh_hid_itf_get_info>
100004d4:	465b      	mov	r3, fp
100004d6:	78d9      	ldrb	r1, [r3, #3]
100004d8:	4653      	mov	r3, sl
100004da:	2201      	movs	r2, #1
100004dc:	7820      	ldrb	r0, [r4, #0]
100004de:	4c15      	ldr	r4, [pc, #84]	@ (10000534 <tuh_hid_mount_cb+0xac>)
100004e0:	881b      	ldrh	r3, [r3, #0]
100004e2:	7022      	strb	r2, [r4, #0]
100004e4:	464a      	mov	r2, r9
100004e6:	7063      	strb	r3, [r4, #1]
100004e8:	0a1b      	lsrs	r3, r3, #8
100004ea:	70a3      	strb	r3, [r4, #2]
100004ec:	464b      	mov	r3, r9
100004ee:	71e0      	strb	r0, [r4, #7]
100004f0:	0020      	movs	r0, r4
100004f2:	8812      	ldrh	r2, [r2, #0]
100004f4:	781b      	ldrb	r3, [r3, #0]
100004f6:	0a12      	lsrs	r2, r2, #8
100004f8:	7122      	strb	r2, [r4, #4]
100004fa:	7221      	strb	r1, [r4, #8]
100004fc:	002a      	movs	r2, r5
100004fe:	4641      	mov	r1, r8
10000500:	3509      	adds	r5, #9
10000502:	3009      	adds	r0, #9
10000504:	70e3      	strb	r3, [r4, #3]
10000506:	7166      	strb	r6, [r4, #5]
10000508:	71a7      	strb	r7, [r4, #6]
1000050a:	f003 f88f 	bl	1000362c <__wrap___aeabi_memcpy>
1000050e:	2200      	movs	r2, #0
10000510:	b2a9      	uxth	r1, r5
10000512:	0020      	movs	r0, r4
10000514:	f000 f9b0 	bl	10000878 <_Z12serial_writePKhtb>
10000518:	0039      	movs	r1, r7
1000051a:	0030      	movs	r0, r6
1000051c:	f008 fd46 	bl	10008fac <tuh_hid_receive_report>
10000520:	b007      	add	sp, #28
10000522:	bcf0      	pop	{r4, r5, r6, r7}
10000524:	46bb      	mov	fp, r7
10000526:	46b2      	mov	sl, r6
10000528:	46a9      	mov	r9, r5
1000052a:	46a0      	mov	r8, r4
1000052c:	bdf0      	pop	{r4, r5, r6, r7, pc}
1000052e:	46c0      	nop			@ (mov r8, r8)
10000530:	1000b0b8 	.word	0x1000b0b8
10000534:	20003ca8 	.word	0x20003ca8

10000538 <_Z15umount_callbackhh>:
10000538:	2202      	movs	r2, #2
1000053a:	b500      	push	{lr}
1000053c:	b083      	sub	sp, #12
1000053e:	ab01      	add	r3, sp, #4
10000540:	701a      	strb	r2, [r3, #0]
10000542:	7058      	strb	r0, [r3, #1]
10000544:	7099      	strb	r1, [r3, #2]
10000546:	2200      	movs	r2, #0
10000548:	2103      	movs	r1, #3
1000054a:	0018      	movs	r0, r3
1000054c:	f000 f994 	bl	10000878 <_Z12serial_writePKhtb>
10000550:	b003      	add	sp, #12
10000552:	bd00      	pop	{pc}

10000554 <tuh_hid_umount_cb>:
10000554:	b530      	push	{r4, r5, lr}
10000556:	0005      	movs	r5, r0
10000558:	b083      	sub	sp, #12
1000055a:	000c      	movs	r4, r1
1000055c:	000a      	movs	r2, r1
1000055e:	4807      	ldr	r0, [pc, #28]	@ (1000057c <tuh_hid_umount_cb+0x28>)
10000560:	0029      	movs	r1, r5
10000562:	f004 ff15 	bl	10005390 <__wrap_printf>
10000566:	2302      	movs	r3, #2
10000568:	a801      	add	r0, sp, #4
1000056a:	2200      	movs	r2, #0
1000056c:	2103      	movs	r1, #3
1000056e:	7003      	strb	r3, [r0, #0]
10000570:	7045      	strb	r5, [r0, #1]
10000572:	7084      	strb	r4, [r0, #2]
10000574:	f000 f980 	bl	10000878 <_Z12serial_writePKhtb>
10000578:	b003      	add	sp, #12
1000057a:	bd30      	pop	{r4, r5, pc}
1000057c:	1000b0cc 	.word	0x1000b0cc

10000580 <tuh_sof_cb>:
10000580:	b500      	push	{lr}
10000582:	b083      	sub	sp, #12
10000584:	2308      	movs	r3, #8
10000586:	466a      	mov	r2, sp
10000588:	2101      	movs	r1, #1
1000058a:	a801      	add	r0, sp, #4
1000058c:	7113      	strb	r3, [r2, #4]
1000058e:	f000 fa0b 	bl	100009a8 <_Z24serial_write_nonblockingPKht>
10000592:	b003      	add	sp, #12
10000594:	bd00      	pop	{pc}
10000596:	46c0      	nop			@ (mov r8, r8)

10000598 <_Z13get_report_cbhhhhPht>:
10000598:	b570      	push	{r4, r5, r6, lr}
1000059a:	ab04      	add	r3, sp, #16
1000059c:	000e      	movs	r6, r1
1000059e:	cb02      	ldmia	r3!, {r1}
100005a0:	4c08      	ldr	r4, [pc, #32]	@ (100005c4 <_Z13get_report_cbhhhhPht+0x2c>)
100005a2:	881d      	ldrh	r5, [r3, #0]
100005a4:	230b      	movs	r3, #11
100005a6:	7060      	strb	r0, [r4, #1]
100005a8:	70e2      	strb	r2, [r4, #3]
100005aa:	1d20      	adds	r0, r4, #4
100005ac:	002a      	movs	r2, r5
100005ae:	3504      	adds	r5, #4
100005b0:	7023      	strb	r3, [r4, #0]
100005b2:	70a6      	strb	r6, [r4, #2]
100005b4:	f003 f83a 	bl	1000362c <__wrap___aeabi_memcpy>
100005b8:	b2a9      	uxth	r1, r5
100005ba:	2200      	movs	r2, #0
100005bc:	0020      	movs	r0, r4
100005be:	f000 f95b 	bl	10000878 <_Z12serial_writePKhtb>
100005c2:	bd70      	pop	{r4, r5, r6, pc}
100005c4:	20003ca8 	.word	0x20003ca8

100005c8 <_Z22set_report_complete_cbhhh>:
100005c8:	b570      	push	{r4, r5, r6, lr}
100005ca:	0004      	movs	r4, r0
100005cc:	250c      	movs	r5, #12
100005ce:	4b05      	ldr	r3, [pc, #20]	@ (100005e4 <_Z22set_report_complete_cbhhh+0x1c>)
100005d0:	7099      	strb	r1, [r3, #2]
100005d2:	70da      	strb	r2, [r3, #3]
100005d4:	0018      	movs	r0, r3
100005d6:	2200      	movs	r2, #0
100005d8:	2104      	movs	r1, #4
100005da:	701d      	strb	r5, [r3, #0]
100005dc:	705c      	strb	r4, [r3, #1]
100005de:	f000 f94b 	bl	10000878 <_Z12serial_writePKhtb>
100005e2:	bd70      	pop	{r4, r5, r6, pc}
100005e4:	20003ca8 	.word	0x20003ca8

100005e8 <tuh_midi_rx_cb>:
100005e8:	b570      	push	{r4, r5, r6, lr}
100005ea:	b082      	sub	sp, #8
100005ec:	0004      	movs	r4, r0
100005ee:	f000 faeb 	bl	10000bc8 <_Z15activity_led_onv>
100005f2:	466b      	mov	r3, sp
100005f4:	1dde      	adds	r6, r3, #7
100005f6:	0032      	movs	r2, r6
100005f8:	1d99      	adds	r1, r3, #6
100005fa:	0020      	movs	r0, r4
100005fc:	f006 fcfa 	bl	10006ff4 <tuh_get_hub_addr_port>
10000600:	230d      	movs	r3, #13
10000602:	4d09      	ldr	r5, [pc, #36]	@ (10000628 <tuh_midi_rx_cb+0x40>)
10000604:	702b      	strb	r3, [r5, #0]
10000606:	7833      	ldrb	r3, [r6, #0]
10000608:	1cae      	adds	r6, r5, #2
1000060a:	706b      	strb	r3, [r5, #1]
1000060c:	e003      	b.n	10000616 <tuh_midi_rx_cb+0x2e>
1000060e:	2106      	movs	r1, #6
10000610:	0028      	movs	r0, r5
10000612:	f000 f9c9 	bl	100009a8 <_Z24serial_write_nonblockingPKht>
10000616:	0031      	movs	r1, r6
10000618:	0020      	movs	r0, r4
1000061a:	f009 ffbd 	bl	1000a598 <tuh_midi_packet_read>
1000061e:	2800      	cmp	r0, #0
10000620:	d1f5      	bne.n	1000060e <tuh_midi_rx_cb+0x26>
10000622:	b002      	add	sp, #8
10000624:	bd70      	pop	{r4, r5, r6, pc}
10000626:	46c0      	nop			@ (mov r8, r8)
10000628:	20003ca8 	.word	0x20003ca8

1000062c <_Z5crc32PKhi>:
1000062c:	b530      	push	{r4, r5, lr}
1000062e:	2900      	cmp	r1, #0
10000630:	dd10      	ble.n	10000654 <_Z5crc32PKhi+0x28>
10000632:	2201      	movs	r2, #1
10000634:	24ff      	movs	r4, #255	@ 0xff
10000636:	4d08      	ldr	r5, [pc, #32]	@ (10000658 <_Z5crc32PKhi+0x2c>)
10000638:	1841      	adds	r1, r0, r1
1000063a:	4252      	negs	r2, r2
1000063c:	7803      	ldrb	r3, [r0, #0]
1000063e:	3001      	adds	r0, #1
10000640:	4053      	eors	r3, r2
10000642:	4023      	ands	r3, r4
10000644:	009b      	lsls	r3, r3, #2
10000646:	58eb      	ldr	r3, [r5, r3]
10000648:	0a12      	lsrs	r2, r2, #8
1000064a:	405a      	eors	r2, r3
1000064c:	4281      	cmp	r1, r0
1000064e:	d1f5      	bne.n	1000063c <_Z5crc32PKhi+0x10>
10000650:	43d0      	mvns	r0, r2
10000652:	bd30      	pop	{r4, r5, pc}
10000654:	2000      	movs	r0, #0
10000656:	e7fc      	b.n	10000652 <_Z5crc32PKhi+0x26>
10000658:	20000480 	.word	0x20000480

1000065c <_ZL7my_putcc>:
1000065c:	4919      	ldr	r1, [pc, #100]	@ (100006c4 <_ZL7my_putcc+0x68>)
1000065e:	b5f0      	push	{r4, r5, r6, r7, lr}
10000660:	880b      	ldrh	r3, [r1, #0]
10000662:	2b00      	cmp	r3, #0
10000664:	d114      	bne.n	10000690 <_ZL7my_putcc+0x34>
10000666:	4a18      	ldr	r2, [pc, #96]	@ (100006c8 <_ZL7my_putcc+0x6c>)
10000668:	6994      	ldr	r4, [r2, #24]
1000066a:	06a4      	lsls	r4, r4, #26
1000066c:	d405      	bmi.n	1000067a <_ZL7my_putcc+0x1e>
1000066e:	2120      	movs	r1, #32
10000670:	6993      	ldr	r3, [r2, #24]
10000672:	4219      	tst	r1, r3
10000674:	d1fc      	bne.n	10000670 <_ZL7my_putcc+0x14>
10000676:	6010      	str	r0, [r2, #0]
10000678:	e009      	b.n	1000068e <_ZL7my_putcc+0x32>
1000067a:	4c14      	ldr	r4, [pc, #80]	@ (100006cc <_ZL7my_putcc+0x70>)
1000067c:	4d14      	ldr	r5, [pc, #80]	@ (100006d0 <_ZL7my_putcc+0x74>)
1000067e:	8822      	ldrh	r2, [r4, #0]
10000680:	3301      	adds	r3, #1
10000682:	54a8      	strb	r0, [r5, r2]
10000684:	3201      	adds	r2, #1
10000686:	05d2      	lsls	r2, r2, #23
10000688:	0dd2      	lsrs	r2, r2, #23
1000068a:	8022      	strh	r2, [r4, #0]
1000068c:	800b      	strh	r3, [r1, #0]
1000068e:	bdf0      	pop	{r4, r5, r6, r7, pc}
10000690:	2280      	movs	r2, #128	@ 0x80
10000692:	0092      	lsls	r2, r2, #2
10000694:	4293      	cmp	r3, r2
10000696:	d3f0      	bcc.n	1000067a <_ZL7my_putcc+0x1e>
10000698:	2120      	movs	r1, #32
1000069a:	4e0e      	ldr	r6, [pc, #56]	@ (100006d4 <_ZL7my_putcc+0x78>)
1000069c:	4d0c      	ldr	r5, [pc, #48]	@ (100006d0 <_ZL7my_putcc+0x74>)
1000069e:	8834      	ldrh	r4, [r6, #0]
100006a0:	4a09      	ldr	r2, [pc, #36]	@ (100006c8 <_ZL7my_putcc+0x6c>)
100006a2:	5d2f      	ldrb	r7, [r5, r4]
100006a4:	6993      	ldr	r3, [r2, #24]
100006a6:	4219      	tst	r1, r3
100006a8:	d1fc      	bne.n	100006a4 <_ZL7my_putcc+0x48>
100006aa:	6017      	str	r7, [r2, #0]
100006ac:	4a07      	ldr	r2, [pc, #28]	@ (100006cc <_ZL7my_putcc+0x70>)
100006ae:	3401      	adds	r4, #1
100006b0:	8813      	ldrh	r3, [r2, #0]
100006b2:	05e4      	lsls	r4, r4, #23
100006b4:	54e8      	strb	r0, [r5, r3]
100006b6:	3301      	adds	r3, #1
100006b8:	05db      	lsls	r3, r3, #23
100006ba:	0de4      	lsrs	r4, r4, #23
100006bc:	0ddb      	lsrs	r3, r3, #23
100006be:	8034      	strh	r4, [r6, #0]
100006c0:	8013      	strh	r3, [r2, #0]
100006c2:	e7e4      	b.n	1000068e <_ZL7my_putcc+0x32>
100006c4:	20004260 	.word	0x20004260
100006c8:	40038000 	.word	0x40038000
100006cc:	2000425e 	.word	0x2000425e
100006d0:	20001d50 	.word	0x20001d50
100006d4:	2000425c 	.word	0x2000425c

100006d8 <_Z11serial_initv>:
100006d8:	b510      	push	{r4, lr}
100006da:	4c10      	ldr	r4, [pc, #64]	@ (1000071c <_Z11serial_initv+0x44>)
100006dc:	4910      	ldr	r1, [pc, #64]	@ (10000720 <_Z11serial_initv+0x48>)
100006de:	0020      	movs	r0, r4
100006e0:	f001 ffc8 	bl	10002674 <uart_init>
100006e4:	23c0      	movs	r3, #192	@ 0xc0
100006e6:	6b22      	ldr	r2, [r4, #48]	@ 0x30
100006e8:	021b      	lsls	r3, r3, #8
100006ea:	4393      	bics	r3, r2
100006ec:	4a0d      	ldr	r2, [pc, #52]	@ (10000724 <_Z11serial_initv+0x4c>)
100006ee:	0020      	movs	r0, r4
100006f0:	6013      	str	r3, [r2, #0]
100006f2:	2100      	movs	r1, #0
100006f4:	f002 f84e 	bl	10002794 <uart_set_translate_crlf>
100006f8:	2102      	movs	r1, #2
100006fa:	2004      	movs	r0, #4
100006fc:	f001 f80c 	bl	10001718 <gpio_set_function>
10000700:	2102      	movs	r1, #2
10000702:	2005      	movs	r0, #5
10000704:	f001 f808 	bl	10001718 <gpio_set_function>
10000708:	2102      	movs	r1, #2
1000070a:	2006      	movs	r0, #6
1000070c:	f001 f804 	bl	10001718 <gpio_set_function>
10000710:	2102      	movs	r1, #2
10000712:	2007      	movs	r0, #7
10000714:	f001 f800 	bl	10001718 <gpio_set_function>
10000718:	bd10      	pop	{r4, pc}
1000071a:	46c0      	nop			@ (mov r8, r8)
1000071c:	40038000 	.word	0x40038000
10000720:	003d0900 	.word	0x003d0900
10000724:	40039030 	.word	0x40039030

10000728 <_Z11serial_readPFbPKhtE>:
10000728:	b5f0      	push	{r4, r5, r6, r7, lr}
1000072a:	4646      	mov	r6, r8
1000072c:	46d6      	mov	lr, sl
1000072e:	464f      	mov	r7, r9
10000730:	4b49      	ldr	r3, [pc, #292]	@ (10000858 <_Z11serial_readPFbPKhtE+0x130>)
10000732:	b5c0      	push	{r6, r7, lr}
10000734:	881c      	ldrh	r4, [r3, #0]
10000736:	4682      	mov	sl, r0
10000738:	2600      	movs	r6, #0
1000073a:	4698      	mov	r8, r3
1000073c:	2c00      	cmp	r4, #0
1000073e:	d020      	beq.n	10000782 <_Z11serial_readPFbPKhtE+0x5a>
10000740:	2120      	movs	r1, #32
10000742:	4b46      	ldr	r3, [pc, #280]	@ (1000085c <_Z11serial_readPFbPKhtE+0x134>)
10000744:	4a46      	ldr	r2, [pc, #280]	@ (10000860 <_Z11serial_readPFbPKhtE+0x138>)
10000746:	469c      	mov	ip, r3
10000748:	8818      	ldrh	r0, [r3, #0]
1000074a:	6993      	ldr	r3, [r2, #24]
1000074c:	2500      	movs	r5, #0
1000074e:	4f45      	ldr	r7, [pc, #276]	@ (10000864 <_Z11serial_readPFbPKhtE+0x13c>)
10000750:	4219      	tst	r1, r3
10000752:	d110      	bne.n	10000776 <_Z11serial_readPFbPKhtE+0x4e>
10000754:	5c3d      	ldrb	r5, [r7, r0]
10000756:	6993      	ldr	r3, [r2, #24]
10000758:	4219      	tst	r1, r3
1000075a:	d1fc      	bne.n	10000756 <_Z11serial_readPFbPKhtE+0x2e>
1000075c:	3001      	adds	r0, #1
1000075e:	3c01      	subs	r4, #1
10000760:	05c0      	lsls	r0, r0, #23
10000762:	b2a4      	uxth	r4, r4
10000764:	6015      	str	r5, [r2, #0]
10000766:	0dc0      	lsrs	r0, r0, #23
10000768:	2501      	movs	r5, #1
1000076a:	2c00      	cmp	r4, #0
1000076c:	d04c      	beq.n	10000808 <_Z11serial_readPFbPKhtE+0xe0>
1000076e:	6993      	ldr	r3, [r2, #24]
10000770:	0026      	movs	r6, r4
10000772:	4219      	tst	r1, r3
10000774:	d0ee      	beq.n	10000754 <_Z11serial_readPFbPKhtE+0x2c>
10000776:	2d00      	cmp	r5, #0
10000778:	d003      	beq.n	10000782 <_Z11serial_readPFbPKhtE+0x5a>
1000077a:	4663      	mov	r3, ip
1000077c:	8018      	strh	r0, [r3, #0]
1000077e:	4643      	mov	r3, r8
10000780:	801e      	strh	r6, [r3, #0]
10000782:	4b37      	ldr	r3, [pc, #220]	@ (10000860 <_Z11serial_readPFbPKhtE+0x138>)
10000784:	699b      	ldr	r3, [r3, #24]
10000786:	06db      	lsls	r3, r3, #27
10000788:	d425      	bmi.n	100007d6 <_Z11serial_readPFbPKhtE+0xae>
1000078a:	4b37      	ldr	r3, [pc, #220]	@ (10000868 <_Z11serial_readPFbPKhtE+0x140>)
1000078c:	4c37      	ldr	r4, [pc, #220]	@ (1000086c <_Z11serial_readPFbPKhtE+0x144>)
1000078e:	4698      	mov	r8, r3
10000790:	4d37      	ldr	r5, [pc, #220]	@ (10000870 <_Z11serial_readPFbPKhtE+0x148>)
10000792:	2188      	movs	r1, #136	@ 0x88
10000794:	8820      	ldrh	r0, [r4, #0]
10000796:	0089      	lsls	r1, r1, #2
10000798:	f002 fafa 	bl	10002d90 <__wrap___aeabi_uidiv>
1000079c:	2010      	movs	r0, #16
1000079e:	000f      	movs	r7, r1
100007a0:	4a2f      	ldr	r2, [pc, #188]	@ (10000860 <_Z11serial_readPFbPKhtE+0x138>)
100007a2:	b289      	uxth	r1, r1
100007a4:	8021      	strh	r1, [r4, #0]
100007a6:	6993      	ldr	r3, [r2, #24]
100007a8:	4218      	tst	r0, r3
100007aa:	d1fc      	bne.n	100007a6 <_Z11serial_readPFbPKhtE+0x7e>
100007ac:	6813      	ldr	r3, [r2, #0]
100007ae:	782e      	ldrb	r6, [r5, #0]
100007b0:	b2db      	uxtb	r3, r3
100007b2:	2e00      	cmp	r6, #0
100007b4:	d015      	beq.n	100007e2 <_Z11serial_readPFbPKhtE+0xba>
100007b6:	3101      	adds	r1, #1
100007b8:	b289      	uxth	r1, r1
100007ba:	2bdc      	cmp	r3, #220	@ 0xdc
100007bc:	d01a      	beq.n	100007f4 <_Z11serial_readPFbPKhtE+0xcc>
100007be:	2bdd      	cmp	r3, #221	@ 0xdd
100007c0:	d100      	bne.n	100007c4 <_Z11serial_readPFbPKhtE+0x9c>
100007c2:	23db      	movs	r3, #219	@ 0xdb
100007c4:	4642      	mov	r2, r8
100007c6:	55d3      	strb	r3, [r2, r7]
100007c8:	2300      	movs	r3, #0
100007ca:	8021      	strh	r1, [r4, #0]
100007cc:	702b      	strb	r3, [r5, #0]
100007ce:	4b24      	ldr	r3, [pc, #144]	@ (10000860 <_Z11serial_readPFbPKhtE+0x138>)
100007d0:	699b      	ldr	r3, [r3, #24]
100007d2:	06db      	lsls	r3, r3, #27
100007d4:	d5dd      	bpl.n	10000792 <_Z11serial_readPFbPKhtE+0x6a>
100007d6:	2000      	movs	r0, #0
100007d8:	bce0      	pop	{r5, r6, r7}
100007da:	46ba      	mov	sl, r7
100007dc:	46b1      	mov	r9, r6
100007de:	46a8      	mov	r8, r5
100007e0:	bdf0      	pop	{r4, r5, r6, r7, pc}
100007e2:	2bc0      	cmp	r3, #192	@ 0xc0
100007e4:	d00b      	beq.n	100007fe <_Z11serial_readPFbPKhtE+0xd6>
100007e6:	2bdb      	cmp	r3, #219	@ 0xdb
100007e8:	d006      	beq.n	100007f8 <_Z11serial_readPFbPKhtE+0xd0>
100007ea:	4642      	mov	r2, r8
100007ec:	3101      	adds	r1, #1
100007ee:	8021      	strh	r1, [r4, #0]
100007f0:	55d3      	strb	r3, [r2, r7]
100007f2:	e7ec      	b.n	100007ce <_Z11serial_readPFbPKhtE+0xa6>
100007f4:	23c0      	movs	r3, #192	@ 0xc0
100007f6:	e7e5      	b.n	100007c4 <_Z11serial_readPFbPKhtE+0x9c>
100007f8:	2301      	movs	r3, #1
100007fa:	702b      	strb	r3, [r5, #0]
100007fc:	e7e7      	b.n	100007ce <_Z11serial_readPFbPKhtE+0xa6>
100007fe:	2f04      	cmp	r7, #4
10000800:	d807      	bhi.n	10000812 <_Z11serial_readPFbPKhtE+0xea>
10000802:	2300      	movs	r3, #0
10000804:	8023      	strh	r3, [r4, #0]
10000806:	e7e2      	b.n	100007ce <_Z11serial_readPFbPKhtE+0xa6>
10000808:	4663      	mov	r3, ip
1000080a:	8018      	strh	r0, [r3, #0]
1000080c:	4643      	mov	r3, r8
1000080e:	801c      	strh	r4, [r3, #0]
10000810:	e7b7      	b.n	10000782 <_Z11serial_readPFbPKhtE+0x5a>
10000812:	4b15      	ldr	r3, [pc, #84]	@ (10000868 <_Z11serial_readPFbPKhtE+0x140>)
10000814:	1f39      	subs	r1, r7, #4
10000816:	4699      	mov	r9, r3
10000818:	0018      	movs	r0, r3
1000081a:	f7ff ff07 	bl	1000062c <_Z5crc32PKhi>
1000081e:	464b      	mov	r3, r9
10000820:	8821      	ldrh	r1, [r4, #0]
10000822:	185a      	adds	r2, r3, r1
10000824:	1e53      	subs	r3, r2, #1
10000826:	1e97      	subs	r7, r2, #2
10000828:	781b      	ldrb	r3, [r3, #0]
1000082a:	783f      	ldrb	r7, [r7, #0]
1000082c:	021b      	lsls	r3, r3, #8
1000082e:	433b      	orrs	r3, r7
10000830:	1ed7      	subs	r7, r2, #3
10000832:	783f      	ldrb	r7, [r7, #0]
10000834:	021b      	lsls	r3, r3, #8
10000836:	3a04      	subs	r2, #4
10000838:	7812      	ldrb	r2, [r2, #0]
1000083a:	433b      	orrs	r3, r7
1000083c:	021b      	lsls	r3, r3, #8
1000083e:	4313      	orrs	r3, r2
10000840:	4298      	cmp	r0, r3
10000842:	d003      	beq.n	1000084c <_Z11serial_readPFbPKhtE+0x124>
10000844:	480b      	ldr	r0, [pc, #44]	@ (10000874 <_Z11serial_readPFbPKhtE+0x14c>)
10000846:	f004 fd1f 	bl	10005288 <__wrap_puts>
1000084a:	e7da      	b.n	10000802 <_Z11serial_readPFbPKhtE+0xda>
1000084c:	3904      	subs	r1, #4
1000084e:	4648      	mov	r0, r9
10000850:	b289      	uxth	r1, r1
10000852:	47d0      	blx	sl
10000854:	8026      	strh	r6, [r4, #0]
10000856:	e7bf      	b.n	100007d8 <_Z11serial_readPFbPKhtE+0xb0>
10000858:	20004260 	.word	0x20004260
1000085c:	2000425c 	.word	0x2000425c
10000860:	40038000 	.word	0x40038000
10000864:	20001d50 	.word	0x20001d50
10000868:	2000219c 	.word	0x2000219c
1000086c:	20004262 	.word	0x20004262
10000870:	20004269 	.word	0x20004269
10000874:	1000b0e8 	.word	0x1000b0e8

10000878 <_Z12serial_writePKhtb>:
10000878:	b5f8      	push	{r3, r4, r5, r6, r7, lr}
1000087a:	0006      	movs	r6, r0
1000087c:	000d      	movs	r5, r1
1000087e:	0014      	movs	r4, r2
10000880:	f7ff fed4 	bl	1000062c <_Z5crc32PKhi>
10000884:	0007      	movs	r7, r0
10000886:	2c00      	cmp	r4, #0
10000888:	d034      	beq.n	100008f4 <_Z12serial_writePKhtb+0x7c>
1000088a:	1daa      	adds	r2, r5, #6
1000088c:	b292      	uxth	r2, r2
1000088e:	2d00      	cmp	r5, #0
10000890:	d100      	bne.n	10000894 <_Z12serial_writePKhtb+0x1c>
10000892:	e084      	b.n	1000099e <_Z12serial_writePKhtb+0x126>
10000894:	2300      	movs	r3, #0
10000896:	e005      	b.n	100008a4 <_Z12serial_writePKhtb+0x2c>
10000898:	29db      	cmp	r1, #219	@ 0xdb
1000089a:	d006      	beq.n	100008aa <_Z12serial_writePKhtb+0x32>
1000089c:	3301      	adds	r3, #1
1000089e:	b299      	uxth	r1, r3
100008a0:	428d      	cmp	r5, r1
100008a2:	d908      	bls.n	100008b6 <_Z12serial_writePKhtb+0x3e>
100008a4:	5cf1      	ldrb	r1, [r6, r3]
100008a6:	29c0      	cmp	r1, #192	@ 0xc0
100008a8:	d1f6      	bne.n	10000898 <_Z12serial_writePKhtb+0x20>
100008aa:	3301      	adds	r3, #1
100008ac:	3201      	adds	r2, #1
100008ae:	b299      	uxth	r1, r3
100008b0:	b292      	uxth	r2, r2
100008b2:	428d      	cmp	r5, r1
100008b4:	d8f6      	bhi.n	100008a4 <_Z12serial_writePKhtb+0x2c>
100008b6:	b2fb      	uxtb	r3, r7
100008b8:	2bc0      	cmp	r3, #192	@ 0xc0
100008ba:	d05c      	beq.n	10000976 <_Z12serial_writePKhtb+0xfe>
100008bc:	2bdb      	cmp	r3, #219	@ 0xdb
100008be:	d05a      	beq.n	10000976 <_Z12serial_writePKhtb+0xfe>
100008c0:	0a3b      	lsrs	r3, r7, #8
100008c2:	b2db      	uxtb	r3, r3
100008c4:	2bc0      	cmp	r3, #192	@ 0xc0
100008c6:	d05c      	beq.n	10000982 <_Z12serial_writePKhtb+0x10a>
100008c8:	2bdb      	cmp	r3, #219	@ 0xdb
100008ca:	d05a      	beq.n	10000982 <_Z12serial_writePKhtb+0x10a>
100008cc:	0c3b      	lsrs	r3, r7, #16
100008ce:	b2db      	uxtb	r3, r3
100008d0:	2bc0      	cmp	r3, #192	@ 0xc0
100008d2:	d05c      	beq.n	1000098e <_Z12serial_writePKhtb+0x116>
100008d4:	2bdb      	cmp	r3, #219	@ 0xdb
100008d6:	d05a      	beq.n	1000098e <_Z12serial_writePKhtb+0x116>
100008d8:	0e3b      	lsrs	r3, r7, #24
100008da:	2bc0      	cmp	r3, #192	@ 0xc0
100008dc:	d05c      	beq.n	10000998 <_Z12serial_writePKhtb+0x120>
100008de:	2bdb      	cmp	r3, #219	@ 0xdb
100008e0:	d05a      	beq.n	10000998 <_Z12serial_writePKhtb+0x120>
100008e2:	4b30      	ldr	r3, [pc, #192]	@ (100009a4 <_Z12serial_writePKhtb+0x12c>)
100008e4:	8819      	ldrh	r1, [r3, #0]
100008e6:	2380      	movs	r3, #128	@ 0x80
100008e8:	009b      	lsls	r3, r3, #2
100008ea:	1a5b      	subs	r3, r3, r1
100008ec:	429a      	cmp	r2, r3
100008ee:	dd01      	ble.n	100008f4 <_Z12serial_writePKhtb+0x7c>
100008f0:	2000      	movs	r0, #0
100008f2:	e02a      	b.n	1000094a <_Z12serial_writePKhtb+0xd2>
100008f4:	20c0      	movs	r0, #192	@ 0xc0
100008f6:	f7ff feb1 	bl	1000065c <_ZL7my_putcc>
100008fa:	2d00      	cmp	r5, #0
100008fc:	d014      	beq.n	10000928 <_Z12serial_writePKhtb+0xb0>
100008fe:	2400      	movs	r4, #0
10000900:	e006      	b.n	10000910 <_Z12serial_writePKhtb+0x98>
10000902:	28db      	cmp	r0, #219	@ 0xdb
10000904:	d022      	beq.n	1000094c <_Z12serial_writePKhtb+0xd4>
10000906:	f7ff fea9 	bl	1000065c <_ZL7my_putcc>
1000090a:	3401      	adds	r4, #1
1000090c:	42a5      	cmp	r5, r4
1000090e:	dd0b      	ble.n	10000928 <_Z12serial_writePKhtb+0xb0>
10000910:	5d30      	ldrb	r0, [r6, r4]
10000912:	28c0      	cmp	r0, #192	@ 0xc0
10000914:	d1f5      	bne.n	10000902 <_Z12serial_writePKhtb+0x8a>
10000916:	20db      	movs	r0, #219	@ 0xdb
10000918:	f7ff fea0 	bl	1000065c <_ZL7my_putcc>
1000091c:	3401      	adds	r4, #1
1000091e:	20dc      	movs	r0, #220	@ 0xdc
10000920:	f7ff fe9c 	bl	1000065c <_ZL7my_putcc>
10000924:	42a5      	cmp	r5, r4
10000926:	dcf3      	bgt.n	10000910 <_Z12serial_writePKhtb+0x98>
10000928:	2400      	movs	r4, #0
1000092a:	0038      	movs	r0, r7
1000092c:	40e0      	lsrs	r0, r4
1000092e:	b2c0      	uxtb	r0, r0
10000930:	28c0      	cmp	r0, #192	@ 0xc0
10000932:	d019      	beq.n	10000968 <_Z12serial_writePKhtb+0xf0>
10000934:	28db      	cmp	r0, #219	@ 0xdb
10000936:	d010      	beq.n	1000095a <_Z12serial_writePKhtb+0xe2>
10000938:	f7ff fe90 	bl	1000065c <_ZL7my_putcc>
1000093c:	3408      	adds	r4, #8
1000093e:	2c20      	cmp	r4, #32
10000940:	d1f3      	bne.n	1000092a <_Z12serial_writePKhtb+0xb2>
10000942:	20c0      	movs	r0, #192	@ 0xc0
10000944:	f7ff fe8a 	bl	1000065c <_ZL7my_putcc>
10000948:	2001      	movs	r0, #1
1000094a:	bdf8      	pop	{r3, r4, r5, r6, r7, pc}
1000094c:	20db      	movs	r0, #219	@ 0xdb
1000094e:	f7ff fe85 	bl	1000065c <_ZL7my_putcc>
10000952:	20dd      	movs	r0, #221	@ 0xdd
10000954:	f7ff fe82 	bl	1000065c <_ZL7my_putcc>
10000958:	e7d7      	b.n	1000090a <_Z12serial_writePKhtb+0x92>
1000095a:	20db      	movs	r0, #219	@ 0xdb
1000095c:	f7ff fe7e 	bl	1000065c <_ZL7my_putcc>
10000960:	20dd      	movs	r0, #221	@ 0xdd
10000962:	f7ff fe7b 	bl	1000065c <_ZL7my_putcc>
10000966:	e7e9      	b.n	1000093c <_Z12serial_writePKhtb+0xc4>
10000968:	20db      	movs	r0, #219	@ 0xdb
1000096a:	f7ff fe77 	bl	1000065c <_ZL7my_putcc>
1000096e:	20dc      	movs	r0, #220	@ 0xdc
10000970:	f7ff fe74 	bl	1000065c <_ZL7my_putcc>
10000974:	e7e2      	b.n	1000093c <_Z12serial_writePKhtb+0xc4>
10000976:	0a3b      	lsrs	r3, r7, #8
10000978:	3201      	adds	r2, #1
1000097a:	b2db      	uxtb	r3, r3
1000097c:	b292      	uxth	r2, r2
1000097e:	2bc0      	cmp	r3, #192	@ 0xc0
10000980:	d1a2      	bne.n	100008c8 <_Z12serial_writePKhtb+0x50>
10000982:	0c3b      	lsrs	r3, r7, #16
10000984:	3201      	adds	r2, #1
10000986:	b2db      	uxtb	r3, r3
10000988:	b292      	uxth	r2, r2
1000098a:	2bc0      	cmp	r3, #192	@ 0xc0
1000098c:	d1a2      	bne.n	100008d4 <_Z12serial_writePKhtb+0x5c>
1000098e:	3201      	adds	r2, #1
10000990:	b292      	uxth	r2, r2
10000992:	0e3b      	lsrs	r3, r7, #24
10000994:	2bc0      	cmp	r3, #192	@ 0xc0
10000996:	d1a2      	bne.n	100008de <_Z12serial_writePKhtb+0x66>
10000998:	3201      	adds	r2, #1
1000099a:	b292      	uxth	r2, r2
1000099c:	e7a1      	b.n	100008e2 <_Z12serial_writePKhtb+0x6a>
1000099e:	2206      	movs	r2, #6
100009a0:	e789      	b.n	100008b6 <_Z12serial_writePKhtb+0x3e>
100009a2:	46c0      	nop			@ (mov r8, r8)
100009a4:	20004260 	.word	0x20004260

100009a8 <_Z24serial_write_nonblockingPKht>:
100009a8:	b510      	push	{r4, lr}
100009aa:	2201      	movs	r2, #1
100009ac:	f7ff ff64 	bl	10000878 <_Z12serial_writePKhtb>
100009b0:	bd10      	pop	{r4, pc}
100009b2:	46c0      	nop			@ (mov r8, r8)

100009b4 <_Z19do_queue_out_reportPKhthhh7OutType>:
100009b4:	b5f8      	push	{r3, r4, r5, r6, r7, lr}
100009b6:	4657      	mov	r7, sl
100009b8:	464e      	mov	r6, r9
100009ba:	4645      	mov	r5, r8
100009bc:	46de      	mov	lr, fp
100009be:	b5e0      	push	{r5, r6, r7, lr}
100009c0:	4684      	mov	ip, r0
100009c2:	0018      	movs	r0, r3
100009c4:	ab0a      	add	r3, sp, #40	@ 0x28
100009c6:	781b      	ldrb	r3, [r3, #0]
100009c8:	4f26      	ldr	r7, [pc, #152]	@ (10000a64 <_Z19do_queue_out_reportPKhthhh7OutType+0xb0>)
100009ca:	469a      	mov	sl, r3
100009cc:	ab0b      	add	r3, sp, #44	@ 0x2c
100009ce:	781b      	ldrb	r3, [r3, #0]
100009d0:	783d      	ldrb	r5, [r7, #0]
100009d2:	b25b      	sxtb	r3, r3
100009d4:	4699      	mov	r9, r3
100009d6:	2d08      	cmp	r5, #8
100009d8:	d03f      	beq.n	10000a5a <_Z19do_queue_out_reportPKhthhh7OutType+0xa6>
100009da:	2a00      	cmp	r2, #0
100009dc:	d125      	bne.n	10000a2a <_Z19do_queue_out_reportPKhthhh7OutType+0x76>
100009de:	2940      	cmp	r1, #64	@ 0x40
100009e0:	dc1d      	bgt.n	10000a1e <_Z19do_queue_out_reportPKhthhh7OutType+0x6a>
100009e2:	4b21      	ldr	r3, [pc, #132]	@ (10000a68 <_Z19do_queue_out_reportPKhthhh7OutType+0xb4>)
100009e4:	781e      	ldrb	r6, [r3, #0]
100009e6:	4698      	mov	r8, r3
100009e8:	00f4      	lsls	r4, r6, #3
100009ea:	4b20      	ldr	r3, [pc, #128]	@ (10000a6c <_Z19do_queue_out_reportPKhthhh7OutType+0xb8>)
100009ec:	19a4      	adds	r4, r4, r6
100009ee:	00e4      	lsls	r4, r4, #3
100009f0:	54e0      	strb	r0, [r4, r3]
100009f2:	469b      	mov	fp, r3
100009f4:	1918      	adds	r0, r3, r4
100009f6:	4653      	mov	r3, sl
100009f8:	7043      	strb	r3, [r0, #1]
100009fa:	464b      	mov	r3, r9
100009fc:	3407      	adds	r4, #7
100009fe:	7082      	strb	r2, [r0, #2]
10000a00:	8081      	strh	r1, [r0, #4]
10000a02:	7183      	strb	r3, [r0, #6]
10000a04:	0020      	movs	r0, r4
10000a06:	4458      	add	r0, fp
10000a08:	000a      	movs	r2, r1
10000a0a:	4661      	mov	r1, ip
10000a0c:	f002 fe0e 	bl	1000362c <__wrap___aeabi_memcpy>
10000a10:	2307      	movs	r3, #7
10000a12:	4642      	mov	r2, r8
10000a14:	3601      	adds	r6, #1
10000a16:	4033      	ands	r3, r6
10000a18:	3501      	adds	r5, #1
10000a1a:	7013      	strb	r3, [r2, #0]
10000a1c:	703d      	strb	r5, [r7, #0]
10000a1e:	bcf0      	pop	{r4, r5, r6, r7}
10000a20:	46bb      	mov	fp, r7
10000a22:	46b2      	mov	sl, r6
10000a24:	46a9      	mov	r9, r5
10000a26:	46a0      	mov	r8, r4
10000a28:	bdf8      	pop	{r3, r4, r5, r6, r7, pc}
10000a2a:	293f      	cmp	r1, #63	@ 0x3f
10000a2c:	dcf7      	bgt.n	10000a1e <_Z19do_queue_out_reportPKhthhh7OutType+0x6a>
10000a2e:	4b0e      	ldr	r3, [pc, #56]	@ (10000a68 <_Z19do_queue_out_reportPKhthhh7OutType+0xb4>)
10000a30:	4c0e      	ldr	r4, [pc, #56]	@ (10000a6c <_Z19do_queue_out_reportPKhthhh7OutType+0xb8>)
10000a32:	781e      	ldrb	r6, [r3, #0]
10000a34:	4698      	mov	r8, r3
10000a36:	00f3      	lsls	r3, r6, #3
10000a38:	199b      	adds	r3, r3, r6
10000a3a:	00db      	lsls	r3, r3, #3
10000a3c:	469b      	mov	fp, r3
10000a3e:	5518      	strb	r0, [r3, r4]
10000a40:	18e0      	adds	r0, r4, r3
10000a42:	4653      	mov	r3, sl
10000a44:	7043      	strb	r3, [r0, #1]
10000a46:	1c4b      	adds	r3, r1, #1
10000a48:	8083      	strh	r3, [r0, #4]
10000a4a:	464b      	mov	r3, r9
10000a4c:	7183      	strb	r3, [r0, #6]
10000a4e:	465b      	mov	r3, fp
10000a50:	3308      	adds	r3, #8
10000a52:	7082      	strb	r2, [r0, #2]
10000a54:	71c2      	strb	r2, [r0, #7]
10000a56:	1918      	adds	r0, r3, r4
10000a58:	e7d6      	b.n	10000a08 <_Z19do_queue_out_reportPKhthhh7OutType+0x54>
10000a5a:	4805      	ldr	r0, [pc, #20]	@ (10000a70 <_Z19do_queue_out_reportPKhthhh7OutType+0xbc>)
10000a5c:	f004 fc14 	bl	10005288 <__wrap_puts>
10000a60:	e7dd      	b.n	10000a1e <_Z19do_queue_out_reportPKhthhh7OutType+0x6a>
10000a62:	46c0      	nop			@ (mov r8, r8)
10000a64:	20004268 	.word	0x20004268
10000a68:	20004266 	.word	0x20004266
10000a6c:	20001f50 	.word	0x20001f50
10000a70:	1000b0f4 	.word	0x1000b0f4

10000a74 <_Z19do_queue_get_reporthhhh>:
10000a74:	b5f0      	push	{r4, r5, r6, r7, lr}
10000a76:	46c6      	mov	lr, r8
10000a78:	b500      	push	{lr}
10000a7a:	4c11      	ldr	r4, [pc, #68]	@ (10000ac0 <_Z19do_queue_get_reporthhhh+0x4c>)
10000a7c:	7827      	ldrb	r7, [r4, #0]
10000a7e:	46a4      	mov	ip, r4
10000a80:	2f08      	cmp	r7, #8
10000a82:	d018      	beq.n	10000ab6 <_Z19do_queue_get_reporthhhh+0x42>
10000a84:	4c0f      	ldr	r4, [pc, #60]	@ (10000ac4 <_Z19do_queue_get_reporthhhh+0x50>)
10000a86:	3701      	adds	r7, #1
10000a88:	7826      	ldrb	r6, [r4, #0]
10000a8a:	46a0      	mov	r8, r4
10000a8c:	00f5      	lsls	r5, r6, #3
10000a8e:	4c0e      	ldr	r4, [pc, #56]	@ (10000ac8 <_Z19do_queue_get_reporthhhh+0x54>)
10000a90:	19ad      	adds	r5, r5, r6
10000a92:	00ed      	lsls	r5, r5, #3
10000a94:	5529      	strb	r1, [r5, r4]
10000a96:	1964      	adds	r4, r4, r5
10000a98:	7062      	strb	r2, [r4, #1]
10000a9a:	2201      	movs	r2, #1
10000a9c:	80a3      	strh	r3, [r4, #4]
10000a9e:	2307      	movs	r3, #7
10000aa0:	71a2      	strb	r2, [r4, #6]
10000aa2:	4642      	mov	r2, r8
10000aa4:	3601      	adds	r6, #1
10000aa6:	4033      	ands	r3, r6
10000aa8:	7013      	strb	r3, [r2, #0]
10000aaa:	4663      	mov	r3, ip
10000aac:	70a0      	strb	r0, [r4, #2]
10000aae:	701f      	strb	r7, [r3, #0]
10000ab0:	bc80      	pop	{r7}
10000ab2:	46b8      	mov	r8, r7
10000ab4:	bdf0      	pop	{r4, r5, r6, r7, pc}
10000ab6:	4805      	ldr	r0, [pc, #20]	@ (10000acc <_Z19do_queue_get_reporthhhh+0x58>)
10000ab8:	f004 fbe6 	bl	10005288 <__wrap_puts>
10000abc:	e7f8      	b.n	10000ab0 <_Z19do_queue_get_reporthhhh+0x3c>
10000abe:	46c0      	nop			@ (mov r8, r8)
10000ac0:	20004268 	.word	0x20004268
10000ac4:	20004266 	.word	0x20004266
10000ac8:	20001f50 	.word	0x20001f50
10000acc:	1000b0f4 	.word	0x1000b0f4

10000ad0 <_Z18do_send_out_reportv>:
10000ad0:	b5f0      	push	{r4, r5, r6, r7, lr}
10000ad2:	46ce      	mov	lr, r9
10000ad4:	4647      	mov	r7, r8
10000ad6:	b580      	push	{r7, lr}
10000ad8:	4c28      	ldr	r4, [pc, #160]	@ (10000b7c <_Z18do_send_out_reportv+0xac>)
10000ada:	b083      	sub	sp, #12
10000adc:	7823      	ldrb	r3, [r4, #0]
10000ade:	2b00      	cmp	r3, #0
10000ae0:	d02d      	beq.n	10000b3e <_Z18do_send_out_reportv+0x6e>
10000ae2:	4e27      	ldr	r6, [pc, #156]	@ (10000b80 <_Z18do_send_out_reportv+0xb0>)
10000ae4:	7833      	ldrb	r3, [r6, #0]
10000ae6:	2b00      	cmp	r3, #0
10000ae8:	d029      	beq.n	10000b3e <_Z18do_send_out_reportv+0x6e>
10000aea:	2106      	movs	r1, #6
10000aec:	4f25      	ldr	r7, [pc, #148]	@ (10000b84 <_Z18do_send_out_reportv+0xb4>)
10000aee:	4826      	ldr	r0, [pc, #152]	@ (10000b88 <_Z18do_send_out_reportv+0xb8>)
10000af0:	783b      	ldrb	r3, [r7, #0]
10000af2:	00dd      	lsls	r5, r3, #3
10000af4:	4698      	mov	r8, r3
10000af6:	18eb      	adds	r3, r5, r3
10000af8:	00db      	lsls	r3, r3, #3
10000afa:	18c2      	adds	r2, r0, r3
10000afc:	5651      	ldrsb	r1, [r2, r1]
10000afe:	2900      	cmp	r1, #0
10000b00:	d122      	bne.n	10000b48 <_Z18do_send_out_reportv+0x78>
10000b02:	5cc3      	ldrb	r3, [r0, r3]
10000b04:	7851      	ldrb	r1, [r2, #1]
10000b06:	469c      	mov	ip, r3
10000b08:	2302      	movs	r3, #2
10000b0a:	4699      	mov	r9, r3
10000b0c:	7892      	ldrb	r2, [r2, #2]
10000b0e:	4445      	add	r5, r8
10000b10:	00ed      	lsls	r5, r5, #3
10000b12:	1943      	adds	r3, r0, r5
10000b14:	889b      	ldrh	r3, [r3, #4]
10000b16:	3507      	adds	r5, #7
10000b18:	1945      	adds	r5, r0, r5
10000b1a:	9301      	str	r3, [sp, #4]
10000b1c:	4660      	mov	r0, ip
10000b1e:	464b      	mov	r3, r9
10000b20:	9500      	str	r5, [sp, #0]
10000b22:	f008 fa0d 	bl	10008f40 <tuh_hid_set_report>
10000b26:	2800      	cmp	r0, #0
10000b28:	d009      	beq.n	10000b3e <_Z18do_send_out_reportv+0x6e>
10000b2a:	2300      	movs	r3, #0
10000b2c:	783a      	ldrb	r2, [r7, #0]
10000b2e:	7033      	strb	r3, [r6, #0]
10000b30:	3201      	adds	r2, #1
10000b32:	3307      	adds	r3, #7
10000b34:	4013      	ands	r3, r2
10000b36:	703b      	strb	r3, [r7, #0]
10000b38:	7823      	ldrb	r3, [r4, #0]
10000b3a:	3b01      	subs	r3, #1
10000b3c:	7023      	strb	r3, [r4, #0]
10000b3e:	b003      	add	sp, #12
10000b40:	bcc0      	pop	{r6, r7}
10000b42:	46b9      	mov	r9, r7
10000b44:	46b0      	mov	r8, r6
10000b46:	bdf0      	pop	{r4, r5, r6, r7, pc}
10000b48:	2902      	cmp	r1, #2
10000b4a:	d00f      	beq.n	10000b6c <_Z18do_send_out_reportv+0x9c>
10000b4c:	2901      	cmp	r1, #1
10000b4e:	d1f6      	bne.n	10000b3e <_Z18do_send_out_reportv+0x6e>
10000b50:	5cc0      	ldrb	r0, [r0, r3]
10000b52:	8893      	ldrh	r3, [r2, #4]
10000b54:	7895      	ldrb	r5, [r2, #2]
10000b56:	7851      	ldrb	r1, [r2, #1]
10000b58:	9301      	str	r3, [sp, #4]
10000b5a:	4b0c      	ldr	r3, [pc, #48]	@ (10000b8c <_Z18do_send_out_reportv+0xbc>)
10000b5c:	002a      	movs	r2, r5
10000b5e:	9300      	str	r3, [sp, #0]
10000b60:	2303      	movs	r3, #3
10000b62:	f008 f9b7 	bl	10008ed4 <tuh_hid_get_report>
10000b66:	2800      	cmp	r0, #0
10000b68:	d0e9      	beq.n	10000b3e <_Z18do_send_out_reportv+0x6e>
10000b6a:	e7de      	b.n	10000b2a <_Z18do_send_out_reportv+0x5a>
10000b6c:	5cc3      	ldrb	r3, [r0, r3]
10000b6e:	7851      	ldrb	r1, [r2, #1]
10000b70:	469c      	mov	ip, r3
10000b72:	2303      	movs	r3, #3
10000b74:	7892      	ldrb	r2, [r2, #2]
10000b76:	4699      	mov	r9, r3
10000b78:	e7c9      	b.n	10000b0e <_Z18do_send_out_reportv+0x3e>
10000b7a:	46c0      	nop			@ (mov r8, r8)
10000b7c:	20004268 	.word	0x20004268
10000b80:	20000880 	.word	0x20000880
10000b84:	20004265 	.word	0x20004265
10000b88:	20001f50 	.word	0x20001f50
10000b8c:	20001d10 	.word	0x20001d10

10000b90 <tuh_hid_set_report_complete_cb>:
10000b90:	b510      	push	{r4, lr}
10000b92:	2401      	movs	r4, #1
10000b94:	4b02      	ldr	r3, [pc, #8]	@ (10000ba0 <tuh_hid_set_report_complete_cb+0x10>)
10000b96:	701c      	strb	r4, [r3, #0]
10000b98:	f7ff fd16 	bl	100005c8 <_Z22set_report_complete_cbhhh>
10000b9c:	bd10      	pop	{r4, pc}
10000b9e:	46c0      	nop			@ (mov r8, r8)
10000ba0:	20000880 	.word	0x20000880

10000ba4 <tuh_hid_get_report_complete_cb>:
10000ba4:	b570      	push	{r4, r5, r6, lr}
10000ba6:	b082      	sub	sp, #8
10000ba8:	466c      	mov	r4, sp
10000baa:	2601      	movs	r6, #1
10000bac:	8b25      	ldrh	r5, [r4, #24]
10000bae:	4c04      	ldr	r4, [pc, #16]	@ (10000bc0 <tuh_hid_get_report_complete_cb+0x1c>)
10000bb0:	7026      	strb	r6, [r4, #0]
10000bb2:	4c04      	ldr	r4, [pc, #16]	@ (10000bc4 <tuh_hid_get_report_complete_cb+0x20>)
10000bb4:	9501      	str	r5, [sp, #4]
10000bb6:	9400      	str	r4, [sp, #0]
10000bb8:	f7ff fcee 	bl	10000598 <_Z13get_report_cbhhhhPht>
10000bbc:	b002      	add	sp, #8
10000bbe:	bd70      	pop	{r4, r5, r6, pc}
10000bc0:	20000880 	.word	0x20000880
10000bc4:	20001d10 	.word	0x20001d10

10000bc8 <_Z15activity_led_onv>:
10000bc8:	b570      	push	{r4, r5, r6, lr}
10000bca:	4c0c      	ldr	r4, [pc, #48]	@ (10000bfc <_Z15activity_led_onv+0x34>)
10000bcc:	7823      	ldrb	r3, [r4, #0]
10000bce:	2b00      	cmp	r3, #0
10000bd0:	d00f      	beq.n	10000bf2 <_Z15activity_led_onv+0x2a>
10000bd2:	2201      	movs	r2, #1
10000bd4:	4b0a      	ldr	r3, [pc, #40]	@ (10000c00 <_Z15activity_led_onv+0x38>)
10000bd6:	2001      	movs	r0, #1
10000bd8:	701a      	strb	r2, [r3, #0]
10000bda:	2500      	movs	r5, #0
10000bdc:	f000 f8ba 	bl	10000d54 <_Z14led_driver_setb>
10000be0:	f001 fcfa 	bl	100025d8 <time_us_64>
10000be4:	4c07      	ldr	r4, [pc, #28]	@ (10000c04 <_Z15activity_led_onv+0x3c>)
10000be6:	4b08      	ldr	r3, [pc, #32]	@ (10000c08 <_Z15activity_led_onv+0x40>)
10000be8:	1900      	adds	r0, r0, r4
10000bea:	4169      	adcs	r1, r5
10000bec:	6018      	str	r0, [r3, #0]
10000bee:	6059      	str	r1, [r3, #4]
10000bf0:	bd70      	pop	{r4, r5, r6, pc}
10000bf2:	f000 f833 	bl	10000c5c <_Z15led_driver_initv>
10000bf6:	2301      	movs	r3, #1
10000bf8:	7023      	strb	r3, [r4, #0]
10000bfa:	e7ea      	b.n	10000bd2 <_Z15activity_led_onv+0xa>
10000bfc:	20004264 	.word	0x20004264
10000c00:	20004267 	.word	0x20004267
10000c04:	0000c350 	.word	0x0000c350
10000c08:	20000f08 	.word	0x20000f08

10000c0c <_Z22activity_led_off_maybev>:
10000c0c:	b570      	push	{r4, r5, r6, lr}
10000c0e:	4c10      	ldr	r4, [pc, #64]	@ (10000c50 <_Z22activity_led_off_maybev+0x44>)
10000c10:	7823      	ldrb	r3, [r4, #0]
10000c12:	2b00      	cmp	r3, #0
10000c14:	d100      	bne.n	10000c18 <_Z22activity_led_off_maybev+0xc>
10000c16:	bd70      	pop	{r4, r5, r6, pc}
10000c18:	f001 fcde 	bl	100025d8 <time_us_64>
10000c1c:	4a0d      	ldr	r2, [pc, #52]	@ (10000c54 <_Z22activity_led_off_maybev+0x48>)
10000c1e:	6853      	ldr	r3, [r2, #4]
10000c20:	428b      	cmp	r3, r1
10000c22:	d209      	bcs.n	10000c38 <_Z22activity_led_off_maybev+0x2c>
10000c24:	4d0c      	ldr	r5, [pc, #48]	@ (10000c58 <_Z22activity_led_off_maybev+0x4c>)
10000c26:	782b      	ldrb	r3, [r5, #0]
10000c28:	2b00      	cmp	r3, #0
10000c2a:	d00b      	beq.n	10000c44 <_Z22activity_led_off_maybev+0x38>
10000c2c:	2300      	movs	r3, #0
10000c2e:	2000      	movs	r0, #0
10000c30:	7023      	strb	r3, [r4, #0]
10000c32:	f000 f88f 	bl	10000d54 <_Z14led_driver_setb>
10000c36:	e7ee      	b.n	10000c16 <_Z22activity_led_off_maybev+0xa>
10000c38:	428b      	cmp	r3, r1
10000c3a:	d1ec      	bne.n	10000c16 <_Z22activity_led_off_maybev+0xa>
10000c3c:	6813      	ldr	r3, [r2, #0]
10000c3e:	4283      	cmp	r3, r0
10000c40:	d2e9      	bcs.n	10000c16 <_Z22activity_led_off_maybev+0xa>
10000c42:	e7ef      	b.n	10000c24 <_Z22activity_led_off_maybev+0x18>
10000c44:	f000 f80a 	bl	10000c5c <_Z15led_driver_initv>
10000c48:	2301      	movs	r3, #1
10000c4a:	702b      	strb	r3, [r5, #0]
10000c4c:	e7ee      	b.n	10000c2c <_Z22activity_led_off_maybev+0x20>
10000c4e:	46c0      	nop			@ (mov r8, r8)
10000c50:	20004267 	.word	0x20004267
10000c54:	20000f08 	.word	0x20000f08
10000c58:	20004264 	.word	0x20004264

10000c5c <_Z15led_driver_initv>:
10000c5c:	b5f0      	push	{r4, r5, r6, r7, lr}
10000c5e:	46c6      	mov	lr, r8
10000c60:	b500      	push	{lr}
10000c62:	4c32      	ldr	r4, [pc, #200]	@ (10000d2c <_Z15led_driver_initv+0xd0>)
10000c64:	4832      	ldr	r0, [pc, #200]	@ (10000d30 <_Z15led_driver_initv+0xd4>)
10000c66:	b086      	sub	sp, #24
10000c68:	2101      	movs	r1, #1
10000c6a:	6020      	str	r0, [r4, #0]
10000c6c:	f004 fcb0 	bl	100055d0 <pio_claim_unused_sm>
10000c70:	4d30      	ldr	r5, [pc, #192]	@ (10000d34 <_Z15led_driver_initv+0xd8>)
10000c72:	4931      	ldr	r1, [pc, #196]	@ (10000d38 <_Z15led_driver_initv+0xdc>)
10000c74:	6028      	str	r0, [r5, #0]
10000c76:	6820      	ldr	r0, [r4, #0]
10000c78:	f004 fcc6 	bl	10005608 <pio_add_program>
10000c7c:	4b2f      	ldr	r3, [pc, #188]	@ (10000d3c <_Z15led_driver_initv+0xe0>)
10000c7e:	6821      	ldr	r1, [r4, #0]
10000c80:	469c      	mov	ip, r3
10000c82:	4461      	add	r1, ip
10000c84:	4e2e      	ldr	r6, [pc, #184]	@ (10000d40 <_Z15led_driver_initv+0xe4>)
10000c86:	0d09      	lsrs	r1, r1, #20
10000c88:	3106      	adds	r1, #6
10000c8a:	6030      	str	r0, [r6, #0]
10000c8c:	b2c9      	uxtb	r1, r1
10000c8e:	2010      	movs	r0, #16
10000c90:	f000 fd42 	bl	10001718 <gpio_set_function>
10000c94:	2301      	movs	r3, #1
10000c96:	6829      	ldr	r1, [r5, #0]
10000c98:	2210      	movs	r2, #16
10000c9a:	6820      	ldr	r0, [r4, #0]
10000c9c:	9300      	str	r3, [sp, #0]
10000c9e:	f004 fd2f 	bl	10005700 <pio_sm_set_consecutive_pindirs>
10000ca2:	2380      	movs	r3, #128	@ 0x80
10000ca4:	6832      	ldr	r2, [r6, #0]
10000ca6:	025b      	lsls	r3, r3, #9
10000ca8:	9302      	str	r3, [sp, #8]
10000caa:	1cd3      	adds	r3, r2, #3
10000cac:	031b      	lsls	r3, r3, #12
10000cae:	01d2      	lsls	r2, r2, #7
10000cb0:	4313      	orrs	r3, r2
10000cb2:	4a24      	ldr	r2, [pc, #144]	@ (10000d44 <_Z15led_driver_initv+0xe8>)
10000cb4:	2005      	movs	r0, #5
10000cb6:	4013      	ands	r3, r2
10000cb8:	9303      	str	r3, [sp, #12]
10000cba:	4b23      	ldr	r3, [pc, #140]	@ (10000d48 <_Z15led_driver_initv+0xec>)
10000cbc:	9305      	str	r3, [sp, #20]
10000cbe:	4b23      	ldr	r3, [pc, #140]	@ (10000d4c <_Z15led_driver_initv+0xf0>)
10000cc0:	9304      	str	r3, [sp, #16]
10000cc2:	f001 fe69 	bl	10002998 <clock_get_hz>
10000cc6:	f002 fc1b 	bl	10003500 <__wrap___aeabi_ui2f>
10000cca:	4921      	ldr	r1, [pc, #132]	@ (10000d50 <_Z15led_driver_initv+0xf4>)
10000ccc:	f002 fbfd 	bl	100034ca <__wrap___aeabi_fdiv>
10000cd0:	21ec      	movs	r1, #236	@ 0xec
10000cd2:	0589      	lsls	r1, r1, #22
10000cd4:	f002 fbf6 	bl	100034c4 <__wrap___aeabi_fadd>
10000cd8:	4680      	mov	r8, r0
10000cda:	f002 fc39 	bl	10003550 <__wrap___aeabi_f2uiz>
10000cde:	b287      	uxth	r7, r0
10000ce0:	2300      	movs	r3, #0
10000ce2:	2f00      	cmp	r7, #0
10000ce4:	d00e      	beq.n	10000d04 <_Z15led_driver_initv+0xa8>
10000ce6:	0038      	movs	r0, r7
10000ce8:	f002 fc0a 	bl	10003500 <__wrap___aeabi_ui2f>
10000cec:	1c01      	adds	r1, r0, #0
10000cee:	4640      	mov	r0, r8
10000cf0:	f002 fbe5 	bl	100034be <__wrap___aeabi_fsub>
10000cf4:	2187      	movs	r1, #135	@ 0x87
10000cf6:	05c9      	lsls	r1, r1, #23
10000cf8:	f002 fbfb 	bl	100034f2 <__wrap___aeabi_fmul>
10000cfc:	f002 fc28 	bl	10003550 <__wrap___aeabi_f2uiz>
10000d00:	b2c3      	uxtb	r3, r0
10000d02:	021b      	lsls	r3, r3, #8
10000d04:	043f      	lsls	r7, r7, #16
10000d06:	6832      	ldr	r2, [r6, #0]
10000d08:	6829      	ldr	r1, [r5, #0]
10000d0a:	431f      	orrs	r7, r3
10000d0c:	6820      	ldr	r0, [r4, #0]
10000d0e:	ab02      	add	r3, sp, #8
10000d10:	9702      	str	r7, [sp, #8]
10000d12:	f004 fd4f 	bl	100057b4 <pio_sm_init>
10000d16:	2301      	movs	r3, #1
10000d18:	6828      	ldr	r0, [r5, #0]
10000d1a:	6822      	ldr	r2, [r4, #0]
10000d1c:	4083      	lsls	r3, r0
10000d1e:	6811      	ldr	r1, [r2, #0]
10000d20:	430b      	orrs	r3, r1
10000d22:	6013      	str	r3, [r2, #0]
10000d24:	b006      	add	sp, #24
10000d26:	bc80      	pop	{r7}
10000d28:	46b8      	mov	r8, r7
10000d2a:	bdf0      	pop	{r4, r5, r6, r7, pc}
10000d2c:	20002194 	.word	0x20002194
10000d30:	50200000 	.word	0x50200000
10000d34:	20002190 	.word	0x20002190
10000d38:	1000b2e0 	.word	0x1000b2e0
10000d3c:	afe00000 	.word	0xafe00000
10000d40:	20002198 	.word	0x20002198
10000d44:	9fffffff 	.word	0x9fffffff
10000d48:	20004000 	.word	0x20004000
10000d4c:	70060000 	.word	0x70060000
10000d50:	4af42400 	.word	0x4af42400

10000d54 <_Z14led_driver_setb>:
10000d54:	4243      	negs	r3, r0
10000d56:	4158      	adcs	r0, r3
10000d58:	4b0a      	ldr	r3, [pc, #40]	@ (10000d84 <_Z14led_driver_setb+0x30>)
10000d5a:	4240      	negs	r0, r0
10000d5c:	4018      	ands	r0, r3
10000d5e:	4b0a      	ldr	r3, [pc, #40]	@ (10000d88 <_Z14led_driver_setb+0x34>)
10000d60:	b510      	push	{r4, lr}
10000d62:	469c      	mov	ip, r3
10000d64:	4b09      	ldr	r3, [pc, #36]	@ (10000d8c <_Z14led_driver_setb+0x38>)
10000d66:	2201      	movs	r2, #1
10000d68:	6819      	ldr	r1, [r3, #0]
10000d6a:	4b09      	ldr	r3, [pc, #36]	@ (10000d90 <_Z14led_driver_setb+0x3c>)
10000d6c:	4460      	add	r0, ip
10000d6e:	681c      	ldr	r4, [r3, #0]
10000d70:	0023      	movs	r3, r4
10000d72:	3310      	adds	r3, #16
10000d74:	409a      	lsls	r2, r3
10000d76:	684b      	ldr	r3, [r1, #4]
10000d78:	421a      	tst	r2, r3
10000d7a:	d1fc      	bne.n	10000d76 <_Z14led_driver_setb+0x22>
10000d7c:	3404      	adds	r4, #4
10000d7e:	00a4      	lsls	r4, r4, #2
10000d80:	5060      	str	r0, [r4, r1]
10000d82:	bd10      	pop	{r4, pc}
10000d84:	b4ff7e00 	.word	0xb4ff7e00
10000d88:	4b008200 	.word	0x4b008200
10000d8c:	20002194 	.word	0x20002194
10000d90:	20002190 	.word	0x20002190

10000d94 <usbh_app_driver_get_cb>:
10000d94:	2302      	movs	r3, #2
10000d96:	7003      	strb	r3, [r0, #0]
10000d98:	4800      	ldr	r0, [pc, #0]	@ (10000d9c <usbh_app_driver_get_cb+0x8>)
10000d9a:	4770      	bx	lr
10000d9c:	20000884 	.word	0x20000884

10000da0 <_Z10xboxh_initv>:
10000da0:	2001      	movs	r0, #1
10000da2:	4770      	bx	lr

10000da4 <_Z10xboxh_openhhPK21tusb_desc_interface_tt>:
10000da4:	b5f0      	push	{r4, r5, r6, r7, lr}
10000da6:	4645      	mov	r5, r8
10000da8:	46de      	mov	lr, fp
10000daa:	4657      	mov	r7, sl
10000dac:	464e      	mov	r6, r9
10000dae:	b5e0      	push	{r5, r6, r7, lr}
10000db0:	7915      	ldrb	r5, [r2, #4]
10000db2:	b085      	sub	sp, #20
10000db4:	00e8      	lsls	r0, r5, #3
10000db6:	1b40      	subs	r0, r0, r5
10000db8:	3009      	adds	r0, #9
10000dba:	4283      	cmp	r3, r0
10000dbc:	d322      	bcc.n	10000e04 <_Z10xboxh_openhhPK21tusb_desc_interface_tt+0x60>
10000dbe:	4c57      	ldr	r4, [pc, #348]	@ (10000f1c <_Z10xboxh_openhhPK21tusb_desc_interface_tt+0x178>)
10000dc0:	7860      	ldrb	r0, [r4, #1]
10000dc2:	2800      	cmp	r0, #0
10000dc4:	d06a      	beq.n	10000e9c <_Z10xboxh_openhhPK21tusb_desc_interface_tt+0xf8>
10000dc6:	2051      	movs	r0, #81	@ 0x51
10000dc8:	5c20      	ldrb	r0, [r4, r0]
10000dca:	2800      	cmp	r0, #0
10000dcc:	d068      	beq.n	10000ea0 <_Z10xboxh_openhhPK21tusb_desc_interface_tt+0xfc>
10000dce:	20a1      	movs	r0, #161	@ 0xa1
10000dd0:	5c20      	ldrb	r0, [r4, r0]
10000dd2:	2800      	cmp	r0, #0
10000dd4:	d066      	beq.n	10000ea4 <_Z10xboxh_openhhPK21tusb_desc_interface_tt+0x100>
10000dd6:	20f1      	movs	r0, #241	@ 0xf1
10000dd8:	5c20      	ldrb	r0, [r4, r0]
10000dda:	2800      	cmp	r0, #0
10000ddc:	d064      	beq.n	10000ea8 <_Z10xboxh_openhhPK21tusb_desc_interface_tt+0x104>
10000dde:	2042      	movs	r0, #66	@ 0x42
10000de0:	30ff      	adds	r0, #255	@ 0xff
10000de2:	5c20      	ldrb	r0, [r4, r0]
10000de4:	2800      	cmp	r0, #0
10000de6:	d015      	beq.n	10000e14 <_Z10xboxh_openhhPK21tusb_desc_interface_tt+0x70>
10000de8:	2092      	movs	r0, #146	@ 0x92
10000dea:	30ff      	adds	r0, #255	@ 0xff
10000dec:	5c20      	ldrb	r0, [r4, r0]
10000dee:	2800      	cmp	r0, #0
10000df0:	d05c      	beq.n	10000eac <_Z10xboxh_openhhPK21tusb_desc_interface_tt+0x108>
10000df2:	20e2      	movs	r0, #226	@ 0xe2
10000df4:	30ff      	adds	r0, #255	@ 0xff
10000df6:	5c20      	ldrb	r0, [r4, r0]
10000df8:	2800      	cmp	r0, #0
10000dfa:	d059      	beq.n	10000eb0 <_Z10xboxh_openhhPK21tusb_desc_interface_tt+0x10c>
10000dfc:	4848      	ldr	r0, [pc, #288]	@ (10000f20 <_Z10xboxh_openhhPK21tusb_desc_interface_tt+0x17c>)
10000dfe:	5c20      	ldrb	r0, [r4, r0]
10000e00:	2800      	cmp	r0, #0
10000e02:	d049      	beq.n	10000e98 <_Z10xboxh_openhhPK21tusb_desc_interface_tt+0xf4>
10000e04:	2000      	movs	r0, #0
10000e06:	b005      	add	sp, #20
10000e08:	bcf0      	pop	{r4, r5, r6, r7}
10000e0a:	46bb      	mov	fp, r7
10000e0c:	46b2      	mov	sl, r6
10000e0e:	46a9      	mov	r9, r5
10000e10:	46a0      	mov	r8, r4
10000e12:	bdf0      	pop	{r4, r5, r6, r7, pc}
10000e14:	2004      	movs	r0, #4
10000e16:	2d02      	cmp	r5, #2
10000e18:	d1f4      	bne.n	10000e04 <_Z10xboxh_openhhPK21tusb_desc_interface_tt+0x60>
10000e1a:	7955      	ldrb	r5, [r2, #5]
10000e1c:	2dff      	cmp	r5, #255	@ 0xff
10000e1e:	d1f1      	bne.n	10000e04 <_Z10xboxh_openhhPK21tusb_desc_interface_tt+0x60>
10000e20:	7995      	ldrb	r5, [r2, #6]
10000e22:	2d47      	cmp	r5, #71	@ 0x47
10000e24:	d067      	beq.n	10000ef6 <_Z10xboxh_openhhPK21tusb_desc_interface_tt+0x152>
10000e26:	2d5d      	cmp	r5, #93	@ 0x5d
10000e28:	d1ec      	bne.n	10000e04 <_Z10xboxh_openhhPK21tusb_desc_interface_tt+0x60>
10000e2a:	79d5      	ldrb	r5, [r2, #7]
10000e2c:	2d01      	cmp	r5, #1
10000e2e:	d1e9      	bne.n	10000e04 <_Z10xboxh_openhhPK21tusb_desc_interface_tt+0x60>
10000e30:	2601      	movs	r6, #1
10000e32:	0085      	lsls	r5, r0, #2
10000e34:	46ab      	mov	fp, r5
10000e36:	182d      	adds	r5, r5, r0
10000e38:	012d      	lsls	r5, r5, #4
10000e3a:	5566      	strb	r6, [r4, r5]
10000e3c:	7816      	ldrb	r6, [r2, #0]
10000e3e:	18d5      	adds	r5, r2, r3
10000e40:	1996      	adds	r6, r2, r6
10000e42:	42ae      	cmp	r6, r5
10000e44:	d25d      	bcs.n	10000f02 <_Z10xboxh_openhhPK21tusb_desc_interface_tt+0x15e>
10000e46:	2300      	movs	r3, #0
10000e48:	9403      	str	r4, [sp, #12]
10000e4a:	4698      	mov	r8, r3
10000e4c:	4699      	mov	r9, r3
10000e4e:	469a      	mov	sl, r3
10000e50:	2703      	movs	r7, #3
10000e52:	000c      	movs	r4, r1
10000e54:	9300      	str	r3, [sp, #0]
10000e56:	9001      	str	r0, [sp, #4]
10000e58:	9202      	str	r2, [sp, #8]
10000e5a:	e003      	b.n	10000e64 <_Z10xboxh_openhhPK21tusb_desc_interface_tt+0xc0>
10000e5c:	7833      	ldrb	r3, [r6, #0]
10000e5e:	18f6      	adds	r6, r6, r3
10000e60:	42ae      	cmp	r6, r5
10000e62:	d22a      	bcs.n	10000eba <_Z10xboxh_openhhPK21tusb_desc_interface_tt+0x116>
10000e64:	7873      	ldrb	r3, [r6, #1]
10000e66:	2b05      	cmp	r3, #5
10000e68:	d1f8      	bne.n	10000e5c <_Z10xboxh_openhhPK21tusb_desc_interface_tt+0xb8>
10000e6a:	78f3      	ldrb	r3, [r6, #3]
10000e6c:	403b      	ands	r3, r7
10000e6e:	2b03      	cmp	r3, #3
10000e70:	d1f4      	bne.n	10000e5c <_Z10xboxh_openhhPK21tusb_desc_interface_tt+0xb8>
10000e72:	0031      	movs	r1, r6
10000e74:	0020      	movs	r0, r4
10000e76:	f006 ff51 	bl	10007d1c <tuh_edpt_open>
10000e7a:	2800      	cmp	r0, #0
10000e7c:	d0c2      	beq.n	10000e04 <_Z10xboxh_openhhPK21tusb_desc_interface_tt+0x60>
10000e7e:	7973      	ldrb	r3, [r6, #5]
10000e80:	7931      	ldrb	r1, [r6, #4]
10000e82:	021b      	lsls	r3, r3, #8
10000e84:	430b      	orrs	r3, r1
10000e86:	78b2      	ldrb	r2, [r6, #2]
10000e88:	055b      	lsls	r3, r3, #21
10000e8a:	0d5b      	lsrs	r3, r3, #21
10000e8c:	09d1      	lsrs	r1, r2, #7
10000e8e:	2901      	cmp	r1, #1
10000e90:	d010      	beq.n	10000eb4 <_Z10xboxh_openhhPK21tusb_desc_interface_tt+0x110>
10000e92:	4698      	mov	r8, r3
10000e94:	4691      	mov	r9, r2
10000e96:	e7e1      	b.n	10000e5c <_Z10xboxh_openhhPK21tusb_desc_interface_tt+0xb8>
10000e98:	3007      	adds	r0, #7
10000e9a:	e7bc      	b.n	10000e16 <_Z10xboxh_openhhPK21tusb_desc_interface_tt+0x72>
10000e9c:	2000      	movs	r0, #0
10000e9e:	e7ba      	b.n	10000e16 <_Z10xboxh_openhhPK21tusb_desc_interface_tt+0x72>
10000ea0:	2001      	movs	r0, #1
10000ea2:	e7b8      	b.n	10000e16 <_Z10xboxh_openhhPK21tusb_desc_interface_tt+0x72>
10000ea4:	2002      	movs	r0, #2
10000ea6:	e7b6      	b.n	10000e16 <_Z10xboxh_openhhPK21tusb_desc_interface_tt+0x72>
10000ea8:	2003      	movs	r0, #3
10000eaa:	e7b4      	b.n	10000e16 <_Z10xboxh_openhhPK21tusb_desc_interface_tt+0x72>
10000eac:	2005      	movs	r0, #5
10000eae:	e7b2      	b.n	10000e16 <_Z10xboxh_openhhPK21tusb_desc_interface_tt+0x72>
10000eb0:	2006      	movs	r0, #6
10000eb2:	e7b0      	b.n	10000e16 <_Z10xboxh_openhhPK21tusb_desc_interface_tt+0x72>
10000eb4:	469a      	mov	sl, r3
10000eb6:	9200      	str	r2, [sp, #0]
10000eb8:	e7d0      	b.n	10000e5c <_Z10xboxh_openhhPK21tusb_desc_interface_tt+0xb8>
10000eba:	465b      	mov	r3, fp
10000ebc:	0021      	movs	r1, r4
10000ebe:	9801      	ldr	r0, [sp, #4]
10000ec0:	9c03      	ldr	r4, [sp, #12]
10000ec2:	181b      	adds	r3, r3, r0
10000ec4:	011b      	lsls	r3, r3, #4
10000ec6:	18e3      	adds	r3, r4, r3
10000ec8:	9a02      	ldr	r2, [sp, #8]
10000eca:	7059      	strb	r1, [r3, #1]
10000ecc:	7892      	ldrb	r2, [r2, #2]
10000ece:	709a      	strb	r2, [r3, #2]
10000ed0:	9a00      	ldr	r2, [sp, #0]
10000ed2:	70da      	strb	r2, [r3, #3]
10000ed4:	4653      	mov	r3, sl
10000ed6:	2b40      	cmp	r3, #64	@ 0x40
10000ed8:	d901      	bls.n	10000ede <_Z10xboxh_openhhPK21tusb_desc_interface_tt+0x13a>
10000eda:	2340      	movs	r3, #64	@ 0x40
10000edc:	469a      	mov	sl, r3
10000ede:	0003      	movs	r3, r0
10000ee0:	4652      	mov	r2, sl
10000ee2:	445b      	add	r3, fp
10000ee4:	011b      	lsls	r3, r3, #4
10000ee6:	18e3      	adds	r3, r4, r3
10000ee8:	809a      	strh	r2, [r3, #4]
10000eea:	464a      	mov	r2, r9
10000eec:	719a      	strb	r2, [r3, #6]
10000eee:	4642      	mov	r2, r8
10000ef0:	2001      	movs	r0, #1
10000ef2:	811a      	strh	r2, [r3, #8]
10000ef4:	e787      	b.n	10000e06 <_Z10xboxh_openhhPK21tusb_desc_interface_tt+0x62>
10000ef6:	79d5      	ldrb	r5, [r2, #7]
10000ef8:	2602      	movs	r6, #2
10000efa:	2dd0      	cmp	r5, #208	@ 0xd0
10000efc:	d000      	beq.n	10000f00 <_Z10xboxh_openhhPK21tusb_desc_interface_tt+0x15c>
10000efe:	e781      	b.n	10000e04 <_Z10xboxh_openhhPK21tusb_desc_interface_tt+0x60>
10000f00:	e797      	b.n	10000e32 <_Z10xboxh_openhhPK21tusb_desc_interface_tt+0x8e>
10000f02:	2350      	movs	r3, #80	@ 0x50
10000f04:	4343      	muls	r3, r0
10000f06:	18e3      	adds	r3, r4, r3
10000f08:	7059      	strb	r1, [r3, #1]
10000f0a:	7892      	ldrb	r2, [r2, #2]
10000f0c:	709a      	strb	r2, [r3, #2]
10000f0e:	2200      	movs	r2, #0
10000f10:	4692      	mov	sl, r2
10000f12:	4690      	mov	r8, r2
10000f14:	4691      	mov	r9, r2
10000f16:	70da      	strb	r2, [r3, #3]
10000f18:	e7e1      	b.n	10000ede <_Z10xboxh_openhhPK21tusb_desc_interface_tt+0x13a>
10000f1a:	46c0      	nop			@ (mov r8, r8)
10000f1c:	20000f10 	.word	0x20000f10
10000f20:	00000231 	.word	0x00000231

10000f24 <_Z16xboxh_set_confighh>:
10000f24:	b5f0      	push	{r4, r5, r6, r7, lr}
10000f26:	46c6      	mov	lr, r8
10000f28:	b500      	push	{lr}
10000f2a:	4c62      	ldr	r4, [pc, #392]	@ (100010b4 <_Z16xboxh_set_confighh+0x190>)
10000f2c:	0002      	movs	r2, r0
10000f2e:	7863      	ldrb	r3, [r4, #1]
10000f30:	b086      	sub	sp, #24
10000f32:	4298      	cmp	r0, r3
10000f34:	d023      	beq.n	10000f7e <_Z16xboxh_set_confighh+0x5a>
10000f36:	2351      	movs	r3, #81	@ 0x51
10000f38:	5ce3      	ldrb	r3, [r4, r3]
10000f3a:	429a      	cmp	r2, r3
10000f3c:	d048      	beq.n	10000fd0 <_Z16xboxh_set_confighh+0xac>
10000f3e:	23a1      	movs	r3, #161	@ 0xa1
10000f40:	5ce3      	ldrb	r3, [r4, r3]
10000f42:	429a      	cmp	r2, r3
10000f44:	d04a      	beq.n	10000fdc <_Z16xboxh_set_confighh+0xb8>
10000f46:	23f1      	movs	r3, #241	@ 0xf1
10000f48:	5ce3      	ldrb	r3, [r4, r3]
10000f4a:	429a      	cmp	r2, r3
10000f4c:	d04c      	beq.n	10000fe8 <_Z16xboxh_set_confighh+0xc4>
10000f4e:	2342      	movs	r3, #66	@ 0x42
10000f50:	33ff      	adds	r3, #255	@ 0xff
10000f52:	5ce3      	ldrb	r3, [r4, r3]
10000f54:	429a      	cmp	r2, r3
10000f56:	d04d      	beq.n	10000ff4 <_Z16xboxh_set_confighh+0xd0>
10000f58:	2392      	movs	r3, #146	@ 0x92
10000f5a:	33ff      	adds	r3, #255	@ 0xff
10000f5c:	5ce3      	ldrb	r3, [r4, r3]
10000f5e:	429a      	cmp	r2, r3
10000f60:	d04f      	beq.n	10001002 <_Z16xboxh_set_confighh+0xde>
10000f62:	23e2      	movs	r3, #226	@ 0xe2
10000f64:	33ff      	adds	r3, #255	@ 0xff
10000f66:	5ce3      	ldrb	r3, [r4, r3]
10000f68:	429a      	cmp	r2, r3
10000f6a:	d051      	beq.n	10001010 <_Z16xboxh_set_confighh+0xec>
10000f6c:	4b52      	ldr	r3, [pc, #328]	@ (100010b8 <_Z16xboxh_set_confighh+0x194>)
10000f6e:	2000      	movs	r0, #0
10000f70:	5ce3      	ldrb	r3, [r4, r3]
10000f72:	429a      	cmp	r2, r3
10000f74:	d053      	beq.n	1000101e <_Z16xboxh_set_confighh+0xfa>
10000f76:	b006      	add	sp, #24
10000f78:	bc80      	pop	{r7}
10000f7a:	46b8      	mov	r8, r7
10000f7c:	bdf0      	pop	{r4, r5, r6, r7, pc}
10000f7e:	78a0      	ldrb	r0, [r4, #2]
10000f80:	4288      	cmp	r0, r1
10000f82:	d1d8      	bne.n	10000f36 <_Z16xboxh_set_confighh+0x12>
10000f84:	2700      	movs	r7, #0
10000f86:	00be      	lsls	r6, r7, #2
10000f88:	19f5      	adds	r5, r6, r7
10000f8a:	012d      	lsls	r5, r5, #4
10000f8c:	5762      	ldrsb	r2, [r4, r5]
10000f8e:	2a01      	cmp	r2, #1
10000f90:	d04b      	beq.n	1000102a <_Z16xboxh_set_confighh+0x106>
10000f92:	2a02      	cmp	r2, #2
10000f94:	d11a      	bne.n	10000fcc <_Z16xboxh_set_confighh+0xa8>
10000f96:	1965      	adds	r5, r4, r5
10000f98:	3a01      	subs	r2, #1
10000f9a:	0018      	movs	r0, r3
10000f9c:	79a9      	ldrb	r1, [r5, #6]
10000f9e:	60ea      	str	r2, [r5, #12]
10000fa0:	f006 fe3c 	bl	10007c1c <usbh_edpt_claim>
10000fa4:	2800      	cmp	r0, #0
10000fa6:	d011      	beq.n	10000fcc <_Z16xboxh_set_confighh+0xa8>
10000fa8:	2300      	movs	r3, #0
10000faa:	79a9      	ldrb	r1, [r5, #6]
10000fac:	7868      	ldrb	r0, [r5, #1]
10000fae:	4a43      	ldr	r2, [pc, #268]	@ (100010bc <_Z16xboxh_set_confighh+0x198>)
10000fb0:	9301      	str	r3, [sp, #4]
10000fb2:	9300      	str	r3, [sp, #0]
10000fb4:	3305      	adds	r3, #5
10000fb6:	f006 fe79 	bl	10007cac <usbh_edpt_xfer_with_callback>
10000fba:	2800      	cmp	r0, #0
10000fbc:	d106      	bne.n	10000fcc <_Z16xboxh_set_confighh+0xa8>
10000fbe:	2350      	movs	r3, #80	@ 0x50
10000fc0:	437b      	muls	r3, r7
10000fc2:	18e3      	adds	r3, r4, r3
10000fc4:	7999      	ldrb	r1, [r3, #6]
10000fc6:	7858      	ldrb	r0, [r3, #1]
10000fc8:	f006 fe4c 	bl	10007c64 <usbh_edpt_release>
10000fcc:	2001      	movs	r0, #1
10000fce:	e7d2      	b.n	10000f76 <_Z16xboxh_set_confighh+0x52>
10000fd0:	2052      	movs	r0, #82	@ 0x52
10000fd2:	5c20      	ldrb	r0, [r4, r0]
10000fd4:	4288      	cmp	r0, r1
10000fd6:	d1b2      	bne.n	10000f3e <_Z16xboxh_set_confighh+0x1a>
10000fd8:	2701      	movs	r7, #1
10000fda:	e7d4      	b.n	10000f86 <_Z16xboxh_set_confighh+0x62>
10000fdc:	20a2      	movs	r0, #162	@ 0xa2
10000fde:	5c20      	ldrb	r0, [r4, r0]
10000fe0:	4288      	cmp	r0, r1
10000fe2:	d1b0      	bne.n	10000f46 <_Z16xboxh_set_confighh+0x22>
10000fe4:	2702      	movs	r7, #2
10000fe6:	e7ce      	b.n	10000f86 <_Z16xboxh_set_confighh+0x62>
10000fe8:	20f2      	movs	r0, #242	@ 0xf2
10000fea:	5c20      	ldrb	r0, [r4, r0]
10000fec:	4288      	cmp	r0, r1
10000fee:	d1ae      	bne.n	10000f4e <_Z16xboxh_set_confighh+0x2a>
10000ff0:	2703      	movs	r7, #3
10000ff2:	e7c8      	b.n	10000f86 <_Z16xboxh_set_confighh+0x62>
10000ff4:	20a1      	movs	r0, #161	@ 0xa1
10000ff6:	0040      	lsls	r0, r0, #1
10000ff8:	5c20      	ldrb	r0, [r4, r0]
10000ffa:	4288      	cmp	r0, r1
10000ffc:	d1ac      	bne.n	10000f58 <_Z16xboxh_set_confighh+0x34>
10000ffe:	2704      	movs	r7, #4
10001000:	e7c1      	b.n	10000f86 <_Z16xboxh_set_confighh+0x62>
10001002:	20c9      	movs	r0, #201	@ 0xc9
10001004:	0040      	lsls	r0, r0, #1
10001006:	5c20      	ldrb	r0, [r4, r0]
10001008:	4288      	cmp	r0, r1
1000100a:	d1aa      	bne.n	10000f62 <_Z16xboxh_set_confighh+0x3e>
1000100c:	2705      	movs	r7, #5
1000100e:	e7ba      	b.n	10000f86 <_Z16xboxh_set_confighh+0x62>
10001010:	20f1      	movs	r0, #241	@ 0xf1
10001012:	0040      	lsls	r0, r0, #1
10001014:	5c20      	ldrb	r0, [r4, r0]
10001016:	4288      	cmp	r0, r1
10001018:	d1a8      	bne.n	10000f6c <_Z16xboxh_set_confighh+0x48>
1000101a:	2706      	movs	r7, #6
1000101c:	e7b3      	b.n	10000f86 <_Z16xboxh_set_confighh+0x62>
1000101e:	4a28      	ldr	r2, [pc, #160]	@ (100010c0 <_Z16xboxh_set_confighh+0x19c>)
10001020:	2707      	movs	r7, #7
10001022:	5ca2      	ldrb	r2, [r4, r2]
10001024:	428a      	cmp	r2, r1
10001026:	d1a6      	bne.n	10000f76 <_Z16xboxh_set_confighh+0x52>
10001028:	e7ad      	b.n	10000f86 <_Z16xboxh_set_confighh+0x62>
1000102a:	1962      	adds	r2, r4, r5
1000102c:	0018      	movs	r0, r3
1000102e:	78d1      	ldrb	r1, [r2, #3]
10001030:	4690      	mov	r8, r2
10001032:	f006 fdf3 	bl	10007c1c <usbh_edpt_claim>
10001036:	2800      	cmp	r0, #0
10001038:	d010      	beq.n	1000105c <_Z16xboxh_set_confighh+0x138>
1000103a:	4643      	mov	r3, r8
1000103c:	889b      	ldrh	r3, [r3, #4]
1000103e:	002a      	movs	r2, r5
10001040:	469c      	mov	ip, r3
10001042:	4643      	mov	r3, r8
10001044:	78d9      	ldrb	r1, [r3, #3]
10001046:	7858      	ldrb	r0, [r3, #1]
10001048:	2300      	movs	r3, #0
1000104a:	3210      	adds	r2, #16
1000104c:	9301      	str	r3, [sp, #4]
1000104e:	9300      	str	r3, [sp, #0]
10001050:	18a2      	adds	r2, r4, r2
10001052:	4663      	mov	r3, ip
10001054:	f006 fe2a 	bl	10007cac <usbh_edpt_xfer_with_callback>
10001058:	2800      	cmp	r0, #0
1000105a:	d024      	beq.n	100010a6 <_Z16xboxh_set_confighh+0x182>
1000105c:	2317      	movs	r3, #23
1000105e:	2116      	movs	r1, #22
10001060:	446b      	add	r3, sp
10001062:	4698      	mov	r8, r3
10001064:	19f6      	adds	r6, r6, r7
10001066:	0136      	lsls	r6, r6, #4
10001068:	19a6      	adds	r6, r4, r6
1000106a:	001a      	movs	r2, r3
1000106c:	4469      	add	r1, sp
1000106e:	7870      	ldrb	r0, [r6, #1]
10001070:	f005 ffc0 	bl	10006ff4 <tuh_get_hub_addr_port>
10001074:	78b3      	ldrb	r3, [r6, #2]
10001076:	1964      	adds	r4, r4, r5
10001078:	9302      	str	r3, [sp, #8]
1000107a:	4643      	mov	r3, r8
1000107c:	781b      	ldrb	r3, [r3, #0]
1000107e:	4a11      	ldr	r2, [pc, #68]	@ (100010c4 <_Z16xboxh_set_confighh+0x1a0>)
10001080:	9301      	str	r3, [sp, #4]
10001082:	78a3      	ldrb	r3, [r4, #2]
10001084:	7861      	ldrb	r1, [r4, #1]
10001086:	021b      	lsls	r3, r3, #8
10001088:	430b      	orrs	r3, r1
1000108a:	ba5b      	rev16	r3, r3
1000108c:	b29b      	uxth	r3, r3
1000108e:	490e      	ldr	r1, [pc, #56]	@ (100010c8 <_Z16xboxh_set_confighh+0x1a4>)
10001090:	480e      	ldr	r0, [pc, #56]	@ (100010cc <_Z16xboxh_set_confighh+0x1a8>)
10001092:	9300      	str	r3, [sp, #0]
10001094:	237f      	movs	r3, #127	@ 0x7f
10001096:	f7ff f9cb 	bl	10000430 <_Z28descriptor_received_callbackttPKhithh>
1000109a:	7870      	ldrb	r0, [r6, #1]
1000109c:	78b1      	ldrb	r1, [r6, #2]
1000109e:	f006 ff0b 	bl	10007eb8 <usbh_driver_set_config_complete>
100010a2:	2001      	movs	r0, #1
100010a4:	e767      	b.n	10000f76 <_Z16xboxh_set_confighh+0x52>
100010a6:	4643      	mov	r3, r8
100010a8:	78d9      	ldrb	r1, [r3, #3]
100010aa:	7858      	ldrb	r0, [r3, #1]
100010ac:	f006 fdda 	bl	10007c64 <usbh_edpt_release>
100010b0:	e7d4      	b.n	1000105c <_Z16xboxh_set_confighh+0x138>
100010b2:	46c0      	nop			@ (mov r8, r8)
100010b4:	20000f10 	.word	0x20000f10
100010b8:	00000231 	.word	0x00000231
100010bc:	200008cc 	.word	0x200008cc
100010c0:	00000232 	.word	0x00000232
100010c4:	1000b2f0 	.word	0x1000b2f0
100010c8:	0000028e 	.word	0x0000028e
100010cc:	0000045e 	.word	0x0000045e

100010d0 <_Z13xboxh_xfer_cbhh13xfer_result_tm>:
100010d0:	b5f0      	push	{r4, r5, r6, r7, lr}
100010d2:	464f      	mov	r7, r9
100010d4:	4646      	mov	r6, r8
100010d6:	46d6      	mov	lr, sl
100010d8:	b5c0      	push	{r6, r7, lr}
100010da:	4db5      	ldr	r5, [pc, #724]	@ (100013b0 <_Z13xboxh_xfer_cbhh13xfer_result_tm+0x2e0>)
100010dc:	0002      	movs	r2, r0
100010de:	786c      	ldrb	r4, [r5, #1]
100010e0:	000f      	movs	r7, r1
100010e2:	001e      	movs	r6, r3
100010e4:	b08a      	sub	sp, #40	@ 0x28
100010e6:	42a0      	cmp	r0, r4
100010e8:	d028      	beq.n	1000113c <_Z13xboxh_xfer_cbhh13xfer_result_tm+0x6c>
100010ea:	2351      	movs	r3, #81	@ 0x51
100010ec:	5cec      	ldrb	r4, [r5, r3]
100010ee:	42a2      	cmp	r2, r4
100010f0:	d032      	beq.n	10001158 <_Z13xboxh_xfer_cbhh13xfer_result_tm+0x88>
100010f2:	23a1      	movs	r3, #161	@ 0xa1
100010f4:	5cec      	ldrb	r4, [r5, r3]
100010f6:	42a2      	cmp	r2, r4
100010f8:	d04e      	beq.n	10001198 <_Z13xboxh_xfer_cbhh13xfer_result_tm+0xc8>
100010fa:	23f1      	movs	r3, #241	@ 0xf1
100010fc:	5cec      	ldrb	r4, [r5, r3]
100010fe:	42a2      	cmp	r2, r4
10001100:	d05a      	beq.n	100011b8 <_Z13xboxh_xfer_cbhh13xfer_result_tm+0xe8>
10001102:	2342      	movs	r3, #66	@ 0x42
10001104:	33ff      	adds	r3, #255	@ 0xff
10001106:	5cec      	ldrb	r4, [r5, r3]
10001108:	42a2      	cmp	r2, r4
1000110a:	d065      	beq.n	100011d8 <_Z13xboxh_xfer_cbhh13xfer_result_tm+0x108>
1000110c:	2392      	movs	r3, #146	@ 0x92
1000110e:	33ff      	adds	r3, #255	@ 0xff
10001110:	5cec      	ldrb	r4, [r5, r3]
10001112:	42a2      	cmp	r2, r4
10001114:	d100      	bne.n	10001118 <_Z13xboxh_xfer_cbhh13xfer_result_tm+0x48>
10001116:	e072      	b.n	100011fe <_Z13xboxh_xfer_cbhh13xfer_result_tm+0x12e>
10001118:	23e2      	movs	r3, #226	@ 0xe2
1000111a:	33ff      	adds	r3, #255	@ 0xff
1000111c:	5cec      	ldrb	r4, [r5, r3]
1000111e:	42a2      	cmp	r2, r4
10001120:	d100      	bne.n	10001124 <_Z13xboxh_xfer_cbhh13xfer_result_tm+0x54>
10001122:	e07f      	b.n	10001224 <_Z13xboxh_xfer_cbhh13xfer_result_tm+0x154>
10001124:	4ba3      	ldr	r3, [pc, #652]	@ (100013b4 <_Z13xboxh_xfer_cbhh13xfer_result_tm+0x2e4>)
10001126:	2000      	movs	r0, #0
10001128:	5cec      	ldrb	r4, [r5, r3]
1000112a:	42a2      	cmp	r2, r4
1000112c:	d100      	bne.n	10001130 <_Z13xboxh_xfer_cbhh13xfer_result_tm+0x60>
1000112e:	e08c      	b.n	1000124a <_Z13xboxh_xfer_cbhh13xfer_result_tm+0x17a>
10001130:	b00a      	add	sp, #40	@ 0x28
10001132:	bce0      	pop	{r5, r6, r7}
10001134:	46ba      	mov	sl, r7
10001136:	46b1      	mov	r9, r6
10001138:	46a8      	mov	r8, r5
1000113a:	bdf0      	pop	{r4, r5, r6, r7, pc}
1000113c:	78e9      	ldrb	r1, [r5, #3]
1000113e:	428f      	cmp	r7, r1
10001140:	d100      	bne.n	10001144 <_Z13xboxh_xfer_cbhh13xfer_result_tm+0x74>
10001142:	e14c      	b.n	100013de <_Z13xboxh_xfer_cbhh13xfer_result_tm+0x30e>
10001144:	79ab      	ldrb	r3, [r5, #6]
10001146:	42bb      	cmp	r3, r7
10001148:	d1cf      	bne.n	100010ea <_Z13xboxh_xfer_cbhh13xfer_result_tm+0x1a>
1000114a:	2300      	movs	r3, #0
1000114c:	56eb      	ldrsb	r3, [r5, r3]
1000114e:	2b01      	cmp	r3, #1
10001150:	d020      	beq.n	10001194 <_Z13xboxh_xfer_cbhh13xfer_result_tm+0xc4>
10001152:	2200      	movs	r2, #0
10001154:	4691      	mov	r9, r2
10001156:	e00e      	b.n	10001176 <_Z13xboxh_xfer_cbhh13xfer_result_tm+0xa6>
10001158:	3302      	adds	r3, #2
1000115a:	5ce9      	ldrb	r1, [r5, r3]
1000115c:	428f      	cmp	r7, r1
1000115e:	d100      	bne.n	10001162 <_Z13xboxh_xfer_cbhh13xfer_result_tm+0x92>
10001160:	e0af      	b.n	100012c2 <_Z13xboxh_xfer_cbhh13xfer_result_tm+0x1f2>
10001162:	3303      	adds	r3, #3
10001164:	5ceb      	ldrb	r3, [r5, r3]
10001166:	42bb      	cmp	r3, r7
10001168:	d1c3      	bne.n	100010f2 <_Z13xboxh_xfer_cbhh13xfer_result_tm+0x22>
1000116a:	2350      	movs	r3, #80	@ 0x50
1000116c:	56eb      	ldrsb	r3, [r5, r3]
1000116e:	2b01      	cmp	r3, #1
10001170:	d010      	beq.n	10001194 <_Z13xboxh_xfer_cbhh13xfer_result_tm+0xc4>
10001172:	2201      	movs	r2, #1
10001174:	4691      	mov	r9, r2
10001176:	2b02      	cmp	r3, #2
10001178:	d10c      	bne.n	10001194 <_Z13xboxh_xfer_cbhh13xfer_result_tm+0xc4>
1000117a:	428f      	cmp	r7, r1
1000117c:	d100      	bne.n	10001180 <_Z13xboxh_xfer_cbhh13xfer_result_tm+0xb0>
1000117e:	e0aa      	b.n	100012d6 <_Z13xboxh_xfer_cbhh13xfer_result_tm+0x206>
10001180:	464b      	mov	r3, r9
10001182:	009b      	lsls	r3, r3, #2
10001184:	469a      	mov	sl, r3
10001186:	4654      	mov	r4, sl
10001188:	444c      	add	r4, r9
1000118a:	0124      	lsls	r4, r4, #4
1000118c:	192b      	adds	r3, r5, r4
1000118e:	799a      	ldrb	r2, [r3, #6]
10001190:	42ba      	cmp	r2, r7
10001192:	d06c      	beq.n	1000126e <_Z13xboxh_xfer_cbhh13xfer_result_tm+0x19e>
10001194:	2001      	movs	r0, #1
10001196:	e7cb      	b.n	10001130 <_Z13xboxh_xfer_cbhh13xfer_result_tm+0x60>
10001198:	3302      	adds	r3, #2
1000119a:	5ce9      	ldrb	r1, [r5, r3]
1000119c:	428f      	cmp	r7, r1
1000119e:	d100      	bne.n	100011a2 <_Z13xboxh_xfer_cbhh13xfer_result_tm+0xd2>
100011a0:	e0ce      	b.n	10001340 <_Z13xboxh_xfer_cbhh13xfer_result_tm+0x270>
100011a2:	3303      	adds	r3, #3
100011a4:	5ceb      	ldrb	r3, [r5, r3]
100011a6:	42bb      	cmp	r3, r7
100011a8:	d1a7      	bne.n	100010fa <_Z13xboxh_xfer_cbhh13xfer_result_tm+0x2a>
100011aa:	23a0      	movs	r3, #160	@ 0xa0
100011ac:	56eb      	ldrsb	r3, [r5, r3]
100011ae:	2b01      	cmp	r3, #1
100011b0:	d0f0      	beq.n	10001194 <_Z13xboxh_xfer_cbhh13xfer_result_tm+0xc4>
100011b2:	2202      	movs	r2, #2
100011b4:	4691      	mov	r9, r2
100011b6:	e7de      	b.n	10001176 <_Z13xboxh_xfer_cbhh13xfer_result_tm+0xa6>
100011b8:	3302      	adds	r3, #2
100011ba:	5ce9      	ldrb	r1, [r5, r3]
100011bc:	428f      	cmp	r7, r1
100011be:	d100      	bne.n	100011c2 <_Z13xboxh_xfer_cbhh13xfer_result_tm+0xf2>
100011c0:	e0d5      	b.n	1000136e <_Z13xboxh_xfer_cbhh13xfer_result_tm+0x29e>
100011c2:	3303      	adds	r3, #3
100011c4:	5ceb      	ldrb	r3, [r5, r3]
100011c6:	42bb      	cmp	r3, r7
100011c8:	d19b      	bne.n	10001102 <_Z13xboxh_xfer_cbhh13xfer_result_tm+0x32>
100011ca:	23f0      	movs	r3, #240	@ 0xf0
100011cc:	56eb      	ldrsb	r3, [r5, r3]
100011ce:	2b01      	cmp	r3, #1
100011d0:	d0e0      	beq.n	10001194 <_Z13xboxh_xfer_cbhh13xfer_result_tm+0xc4>
100011d2:	2203      	movs	r2, #3
100011d4:	4691      	mov	r9, r2
100011d6:	e7ce      	b.n	10001176 <_Z13xboxh_xfer_cbhh13xfer_result_tm+0xa6>
100011d8:	2344      	movs	r3, #68	@ 0x44
100011da:	33ff      	adds	r3, #255	@ 0xff
100011dc:	5ce9      	ldrb	r1, [r5, r3]
100011de:	428f      	cmp	r7, r1
100011e0:	d100      	bne.n	100011e4 <_Z13xboxh_xfer_cbhh13xfer_result_tm+0x114>
100011e2:	e0cf      	b.n	10001384 <_Z13xboxh_xfer_cbhh13xfer_result_tm+0x2b4>
100011e4:	3303      	adds	r3, #3
100011e6:	5ceb      	ldrb	r3, [r5, r3]
100011e8:	42bb      	cmp	r3, r7
100011ea:	d000      	beq.n	100011ee <_Z13xboxh_xfer_cbhh13xfer_result_tm+0x11e>
100011ec:	e78e      	b.n	1000110c <_Z13xboxh_xfer_cbhh13xfer_result_tm+0x3c>
100011ee:	23a0      	movs	r3, #160	@ 0xa0
100011f0:	005b      	lsls	r3, r3, #1
100011f2:	56eb      	ldrsb	r3, [r5, r3]
100011f4:	2b01      	cmp	r3, #1
100011f6:	d0cd      	beq.n	10001194 <_Z13xboxh_xfer_cbhh13xfer_result_tm+0xc4>
100011f8:	2204      	movs	r2, #4
100011fa:	4691      	mov	r9, r2
100011fc:	e7bb      	b.n	10001176 <_Z13xboxh_xfer_cbhh13xfer_result_tm+0xa6>
100011fe:	2394      	movs	r3, #148	@ 0x94
10001200:	33ff      	adds	r3, #255	@ 0xff
10001202:	5ce9      	ldrb	r1, [r5, r3]
10001204:	428f      	cmp	r7, r1
10001206:	d100      	bne.n	1000120a <_Z13xboxh_xfer_cbhh13xfer_result_tm+0x13a>
10001208:	e0a5      	b.n	10001356 <_Z13xboxh_xfer_cbhh13xfer_result_tm+0x286>
1000120a:	3303      	adds	r3, #3
1000120c:	5ceb      	ldrb	r3, [r5, r3]
1000120e:	42bb      	cmp	r3, r7
10001210:	d000      	beq.n	10001214 <_Z13xboxh_xfer_cbhh13xfer_result_tm+0x144>
10001212:	e781      	b.n	10001118 <_Z13xboxh_xfer_cbhh13xfer_result_tm+0x48>
10001214:	23c8      	movs	r3, #200	@ 0xc8
10001216:	005b      	lsls	r3, r3, #1
10001218:	56eb      	ldrsb	r3, [r5, r3]
1000121a:	2b01      	cmp	r3, #1
1000121c:	d0ba      	beq.n	10001194 <_Z13xboxh_xfer_cbhh13xfer_result_tm+0xc4>
1000121e:	2205      	movs	r2, #5
10001220:	4691      	mov	r9, r2
10001222:	e7a8      	b.n	10001176 <_Z13xboxh_xfer_cbhh13xfer_result_tm+0xa6>
10001224:	23e4      	movs	r3, #228	@ 0xe4
10001226:	33ff      	adds	r3, #255	@ 0xff
10001228:	5ce9      	ldrb	r1, [r5, r3]
1000122a:	428f      	cmp	r7, r1
1000122c:	d100      	bne.n	10001230 <_Z13xboxh_xfer_cbhh13xfer_result_tm+0x160>
1000122e:	e0cb      	b.n	100013c8 <_Z13xboxh_xfer_cbhh13xfer_result_tm+0x2f8>
10001230:	3303      	adds	r3, #3
10001232:	5ceb      	ldrb	r3, [r5, r3]
10001234:	42bb      	cmp	r3, r7
10001236:	d000      	beq.n	1000123a <_Z13xboxh_xfer_cbhh13xfer_result_tm+0x16a>
10001238:	e774      	b.n	10001124 <_Z13xboxh_xfer_cbhh13xfer_result_tm+0x54>
1000123a:	23f0      	movs	r3, #240	@ 0xf0
1000123c:	005b      	lsls	r3, r3, #1
1000123e:	56eb      	ldrsb	r3, [r5, r3]
10001240:	2b01      	cmp	r3, #1
10001242:	d0a7      	beq.n	10001194 <_Z13xboxh_xfer_cbhh13xfer_result_tm+0xc4>
10001244:	2206      	movs	r2, #6
10001246:	4691      	mov	r9, r2
10001248:	e795      	b.n	10001176 <_Z13xboxh_xfer_cbhh13xfer_result_tm+0xa6>
1000124a:	4b5b      	ldr	r3, [pc, #364]	@ (100013b8 <_Z13xboxh_xfer_cbhh13xfer_result_tm+0x2e8>)
1000124c:	5ce9      	ldrb	r1, [r5, r3]
1000124e:	428f      	cmp	r7, r1
10001250:	d100      	bne.n	10001254 <_Z13xboxh_xfer_cbhh13xfer_result_tm+0x184>
10001252:	e0a2      	b.n	1000139a <_Z13xboxh_xfer_cbhh13xfer_result_tm+0x2ca>
10001254:	4b59      	ldr	r3, [pc, #356]	@ (100013bc <_Z13xboxh_xfer_cbhh13xfer_result_tm+0x2ec>)
10001256:	5ceb      	ldrb	r3, [r5, r3]
10001258:	42bb      	cmp	r3, r7
1000125a:	d000      	beq.n	1000125e <_Z13xboxh_xfer_cbhh13xfer_result_tm+0x18e>
1000125c:	e768      	b.n	10001130 <_Z13xboxh_xfer_cbhh13xfer_result_tm+0x60>
1000125e:	238c      	movs	r3, #140	@ 0x8c
10001260:	009b      	lsls	r3, r3, #2
10001262:	56eb      	ldrsb	r3, [r5, r3]
10001264:	2b01      	cmp	r3, #1
10001266:	d095      	beq.n	10001194 <_Z13xboxh_xfer_cbhh13xfer_result_tm+0xc4>
10001268:	2207      	movs	r2, #7
1000126a:	4691      	mov	r9, r2
1000126c:	e783      	b.n	10001176 <_Z13xboxh_xfer_cbhh13xfer_result_tm+0xa6>
1000126e:	68da      	ldr	r2, [r3, #12]
10001270:	2a00      	cmp	r2, #0
10001272:	d08f      	beq.n	10001194 <_Z13xboxh_xfer_cbhh13xfer_result_tm+0xc4>
10001274:	3201      	adds	r2, #1
10001276:	60da      	str	r2, [r3, #12]
10001278:	2a03      	cmp	r2, #3
1000127a:	d100      	bne.n	1000127e <_Z13xboxh_xfer_cbhh13xfer_result_tm+0x1ae>
1000127c:	e170      	b.n	10001560 <_Z13xboxh_xfer_cbhh13xfer_result_tm+0x490>
1000127e:	dd00      	ble.n	10001282 <_Z13xboxh_xfer_cbhh13xfer_result_tm+0x1b2>
10001280:	e107      	b.n	10001492 <_Z13xboxh_xfer_cbhh13xfer_result_tm+0x3c2>
10001282:	2a02      	cmp	r2, #2
10001284:	d000      	beq.n	10001288 <_Z13xboxh_xfer_cbhh13xfer_result_tm+0x1b8>
10001286:	e785      	b.n	10001194 <_Z13xboxh_xfer_cbhh13xfer_result_tm+0xc4>
10001288:	0039      	movs	r1, r7
1000128a:	7858      	ldrb	r0, [r3, #1]
1000128c:	f006 fcc6 	bl	10007c1c <usbh_edpt_claim>
10001290:	2800      	cmp	r0, #0
10001292:	d100      	bne.n	10001296 <_Z13xboxh_xfer_cbhh13xfer_result_tm+0x1c6>
10001294:	e77e      	b.n	10001194 <_Z13xboxh_xfer_cbhh13xfer_result_tm+0xc4>
10001296:	464b      	mov	r3, r9
10001298:	2450      	movs	r4, #80	@ 0x50
1000129a:	435c      	muls	r4, r3
1000129c:	2300      	movs	r3, #0
1000129e:	192c      	adds	r4, r5, r4
100012a0:	79a1      	ldrb	r1, [r4, #6]
100012a2:	7860      	ldrb	r0, [r4, #1]
100012a4:	4a46      	ldr	r2, [pc, #280]	@ (100013c0 <_Z13xboxh_xfer_cbhh13xfer_result_tm+0x2f0>)
100012a6:	9301      	str	r3, [sp, #4]
100012a8:	9300      	str	r3, [sp, #0]
100012aa:	3305      	adds	r3, #5
100012ac:	f006 fcfe 	bl	10007cac <usbh_edpt_xfer_with_callback>
100012b0:	2800      	cmp	r0, #0
100012b2:	d000      	beq.n	100012b6 <_Z13xboxh_xfer_cbhh13xfer_result_tm+0x1e6>
100012b4:	e76e      	b.n	10001194 <_Z13xboxh_xfer_cbhh13xfer_result_tm+0xc4>
100012b6:	79a1      	ldrb	r1, [r4, #6]
100012b8:	7860      	ldrb	r0, [r4, #1]
100012ba:	f006 fcd3 	bl	10007c64 <usbh_edpt_release>
100012be:	2001      	movs	r0, #1
100012c0:	e736      	b.n	10001130 <_Z13xboxh_xfer_cbhh13xfer_result_tm+0x60>
100012c2:	2350      	movs	r3, #80	@ 0x50
100012c4:	56eb      	ldrsb	r3, [r5, r3]
100012c6:	2b01      	cmp	r3, #1
100012c8:	d100      	bne.n	100012cc <_Z13xboxh_xfer_cbhh13xfer_result_tm+0x1fc>
100012ca:	e0d2      	b.n	10001472 <_Z13xboxh_xfer_cbhh13xfer_result_tm+0x3a2>
100012cc:	2b02      	cmp	r3, #2
100012ce:	d000      	beq.n	100012d2 <_Z13xboxh_xfer_cbhh13xfer_result_tm+0x202>
100012d0:	e760      	b.n	10001194 <_Z13xboxh_xfer_cbhh13xfer_result_tm+0xc4>
100012d2:	2301      	movs	r3, #1
100012d4:	4699      	mov	r9, r3
100012d6:	464b      	mov	r3, r9
100012d8:	009b      	lsls	r3, r3, #2
100012da:	469a      	mov	sl, r3
100012dc:	2e00      	cmp	r6, #0
100012de:	d013      	beq.n	10001308 <_Z13xboxh_xfer_cbhh13xfer_result_tm+0x238>
100012e0:	444b      	add	r3, r9
100012e2:	011b      	lsls	r3, r3, #4
100012e4:	18eb      	adds	r3, r5, r3
100012e6:	4a37      	ldr	r2, [pc, #220]	@ (100013c4 <_Z13xboxh_xfer_cbhh13xfer_result_tm+0x2f4>)
100012e8:	8a19      	ldrh	r1, [r3, #16]
100012ea:	4291      	cmp	r1, r2
100012ec:	d100      	bne.n	100012f0 <_Z13xboxh_xfer_cbhh13xfer_result_tm+0x220>
100012ee:	e10e      	b.n	1000150e <_Z13xboxh_xfer_cbhh13xfer_result_tm+0x43e>
100012f0:	4653      	mov	r3, sl
100012f2:	444b      	add	r3, r9
100012f4:	011b      	lsls	r3, r3, #4
100012f6:	18eb      	adds	r3, r5, r3
100012f8:	7c1a      	ldrb	r2, [r3, #16]
100012fa:	2a20      	cmp	r2, #32
100012fc:	d100      	bne.n	10001300 <_Z13xboxh_xfer_cbhh13xfer_result_tm+0x230>
100012fe:	e079      	b.n	100013f4 <_Z13xboxh_xfer_cbhh13xfer_result_tm+0x324>
10001300:	2a07      	cmp	r2, #7
10001302:	d100      	bne.n	10001306 <_Z13xboxh_xfer_cbhh13xfer_result_tm+0x236>
10001304:	e076      	b.n	100013f4 <_Z13xboxh_xfer_cbhh13xfer_result_tm+0x324>
10001306:	78d9      	ldrb	r1, [r3, #3]
10001308:	0020      	movs	r0, r4
1000130a:	f006 fc87 	bl	10007c1c <usbh_edpt_claim>
1000130e:	2800      	cmp	r0, #0
10001310:	d100      	bne.n	10001314 <_Z13xboxh_xfer_cbhh13xfer_result_tm+0x244>
10001312:	e738      	b.n	10001186 <_Z13xboxh_xfer_cbhh13xfer_result_tm+0xb6>
10001314:	4652      	mov	r2, sl
10001316:	2600      	movs	r6, #0
10001318:	444a      	add	r2, r9
1000131a:	0112      	lsls	r2, r2, #4
1000131c:	18ac      	adds	r4, r5, r2
1000131e:	3210      	adds	r2, #16
10001320:	88a3      	ldrh	r3, [r4, #4]
10001322:	78e1      	ldrb	r1, [r4, #3]
10001324:	7860      	ldrb	r0, [r4, #1]
10001326:	18aa      	adds	r2, r5, r2
10001328:	9601      	str	r6, [sp, #4]
1000132a:	9600      	str	r6, [sp, #0]
1000132c:	f006 fcbe 	bl	10007cac <usbh_edpt_xfer_with_callback>
10001330:	2800      	cmp	r0, #0
10001332:	d000      	beq.n	10001336 <_Z13xboxh_xfer_cbhh13xfer_result_tm+0x266>
10001334:	e727      	b.n	10001186 <_Z13xboxh_xfer_cbhh13xfer_result_tm+0xb6>
10001336:	78e1      	ldrb	r1, [r4, #3]
10001338:	7860      	ldrb	r0, [r4, #1]
1000133a:	f006 fc93 	bl	10007c64 <usbh_edpt_release>
1000133e:	e722      	b.n	10001186 <_Z13xboxh_xfer_cbhh13xfer_result_tm+0xb6>
10001340:	23a0      	movs	r3, #160	@ 0xa0
10001342:	56eb      	ldrsb	r3, [r5, r3]
10001344:	2b01      	cmp	r3, #1
10001346:	d100      	bne.n	1000134a <_Z13xboxh_xfer_cbhh13xfer_result_tm+0x27a>
10001348:	e08f      	b.n	1000146a <_Z13xboxh_xfer_cbhh13xfer_result_tm+0x39a>
1000134a:	2b02      	cmp	r3, #2
1000134c:	d000      	beq.n	10001350 <_Z13xboxh_xfer_cbhh13xfer_result_tm+0x280>
1000134e:	e721      	b.n	10001194 <_Z13xboxh_xfer_cbhh13xfer_result_tm+0xc4>
10001350:	2302      	movs	r3, #2
10001352:	4699      	mov	r9, r3
10001354:	e7bf      	b.n	100012d6 <_Z13xboxh_xfer_cbhh13xfer_result_tm+0x206>
10001356:	23c8      	movs	r3, #200	@ 0xc8
10001358:	005b      	lsls	r3, r3, #1
1000135a:	56eb      	ldrsb	r3, [r5, r3]
1000135c:	2b01      	cmp	r3, #1
1000135e:	d100      	bne.n	10001362 <_Z13xboxh_xfer_cbhh13xfer_result_tm+0x292>
10001360:	e085      	b.n	1000146e <_Z13xboxh_xfer_cbhh13xfer_result_tm+0x39e>
10001362:	2b02      	cmp	r3, #2
10001364:	d000      	beq.n	10001368 <_Z13xboxh_xfer_cbhh13xfer_result_tm+0x298>
10001366:	e715      	b.n	10001194 <_Z13xboxh_xfer_cbhh13xfer_result_tm+0xc4>
10001368:	2305      	movs	r3, #5
1000136a:	4699      	mov	r9, r3
1000136c:	e7b3      	b.n	100012d6 <_Z13xboxh_xfer_cbhh13xfer_result_tm+0x206>
1000136e:	23f0      	movs	r3, #240	@ 0xf0
10001370:	56eb      	ldrsb	r3, [r5, r3]
10001372:	2b01      	cmp	r3, #1
10001374:	d100      	bne.n	10001378 <_Z13xboxh_xfer_cbhh13xfer_result_tm+0x2a8>
10001376:	e07e      	b.n	10001476 <_Z13xboxh_xfer_cbhh13xfer_result_tm+0x3a6>
10001378:	2b02      	cmp	r3, #2
1000137a:	d000      	beq.n	1000137e <_Z13xboxh_xfer_cbhh13xfer_result_tm+0x2ae>
1000137c:	e70a      	b.n	10001194 <_Z13xboxh_xfer_cbhh13xfer_result_tm+0xc4>
1000137e:	2303      	movs	r3, #3
10001380:	4699      	mov	r9, r3
10001382:	e7a8      	b.n	100012d6 <_Z13xboxh_xfer_cbhh13xfer_result_tm+0x206>
10001384:	23a0      	movs	r3, #160	@ 0xa0
10001386:	005b      	lsls	r3, r3, #1
10001388:	56eb      	ldrsb	r3, [r5, r3]
1000138a:	2b01      	cmp	r3, #1
1000138c:	d069      	beq.n	10001462 <_Z13xboxh_xfer_cbhh13xfer_result_tm+0x392>
1000138e:	2b02      	cmp	r3, #2
10001390:	d000      	beq.n	10001394 <_Z13xboxh_xfer_cbhh13xfer_result_tm+0x2c4>
10001392:	e6ff      	b.n	10001194 <_Z13xboxh_xfer_cbhh13xfer_result_tm+0xc4>
10001394:	2304      	movs	r3, #4
10001396:	4699      	mov	r9, r3
10001398:	e79d      	b.n	100012d6 <_Z13xboxh_xfer_cbhh13xfer_result_tm+0x206>
1000139a:	3b03      	subs	r3, #3
1000139c:	56eb      	ldrsb	r3, [r5, r3]
1000139e:	2b01      	cmp	r3, #1
100013a0:	d061      	beq.n	10001466 <_Z13xboxh_xfer_cbhh13xfer_result_tm+0x396>
100013a2:	2b02      	cmp	r3, #2
100013a4:	d000      	beq.n	100013a8 <_Z13xboxh_xfer_cbhh13xfer_result_tm+0x2d8>
100013a6:	e6f5      	b.n	10001194 <_Z13xboxh_xfer_cbhh13xfer_result_tm+0xc4>
100013a8:	2307      	movs	r3, #7
100013aa:	4699      	mov	r9, r3
100013ac:	e793      	b.n	100012d6 <_Z13xboxh_xfer_cbhh13xfer_result_tm+0x206>
100013ae:	46c0      	nop			@ (mov r8, r8)
100013b0:	20000f10 	.word	0x20000f10
100013b4:	00000231 	.word	0x00000231
100013b8:	00000233 	.word	0x00000233
100013bc:	00000236 	.word	0x00000236
100013c0:	200008c4 	.word	0x200008c4
100013c4:	00003007 	.word	0x00003007
100013c8:	23f0      	movs	r3, #240	@ 0xf0
100013ca:	005b      	lsls	r3, r3, #1
100013cc:	56eb      	ldrsb	r3, [r5, r3]
100013ce:	2b01      	cmp	r3, #1
100013d0:	d01f      	beq.n	10001412 <_Z13xboxh_xfer_cbhh13xfer_result_tm+0x342>
100013d2:	2b02      	cmp	r3, #2
100013d4:	d000      	beq.n	100013d8 <_Z13xboxh_xfer_cbhh13xfer_result_tm+0x308>
100013d6:	e6dd      	b.n	10001194 <_Z13xboxh_xfer_cbhh13xfer_result_tm+0xc4>
100013d8:	2306      	movs	r3, #6
100013da:	4699      	mov	r9, r3
100013dc:	e77b      	b.n	100012d6 <_Z13xboxh_xfer_cbhh13xfer_result_tm+0x206>
100013de:	2300      	movs	r3, #0
100013e0:	56eb      	ldrsb	r3, [r5, r3]
100013e2:	2b01      	cmp	r3, #1
100013e4:	d100      	bne.n	100013e8 <_Z13xboxh_xfer_cbhh13xfer_result_tm+0x318>
100013e6:	e0d4      	b.n	10001592 <_Z13xboxh_xfer_cbhh13xfer_result_tm+0x4c2>
100013e8:	2b02      	cmp	r3, #2
100013ea:	d000      	beq.n	100013ee <_Z13xboxh_xfer_cbhh13xfer_result_tm+0x31e>
100013ec:	e6d2      	b.n	10001194 <_Z13xboxh_xfer_cbhh13xfer_result_tm+0xc4>
100013ee:	2300      	movs	r3, #0
100013f0:	4699      	mov	r9, r3
100013f2:	e770      	b.n	100012d6 <_Z13xboxh_xfer_cbhh13xfer_result_tm+0x206>
100013f4:	b2b3      	uxth	r3, r6
100013f6:	4656      	mov	r6, sl
100013f8:	444e      	add	r6, r9
100013fa:	0136      	lsls	r6, r6, #4
100013fc:	0032      	movs	r2, r6
100013fe:	19ae      	adds	r6, r5, r6
10001400:	3210      	adds	r2, #16
10001402:	0020      	movs	r0, r4
10001404:	78b1      	ldrb	r1, [r6, #2]
10001406:	18aa      	adds	r2, r5, r2
10001408:	f7fe ffd2 	bl	100003b0 <_Z24report_received_callbackhhPKht>
1000140c:	7874      	ldrb	r4, [r6, #1]
1000140e:	78f1      	ldrb	r1, [r6, #3]
10001410:	e77a      	b.n	10001308 <_Z13xboxh_xfer_cbhh13xfer_result_tm+0x238>
10001412:	2706      	movs	r7, #6
10001414:	2e00      	cmp	r6, #0
10001416:	d007      	beq.n	10001428 <_Z13xboxh_xfer_cbhh13xfer_result_tm+0x358>
10001418:	00ba      	lsls	r2, r7, #2
1000141a:	19d2      	adds	r2, r2, r7
1000141c:	0112      	lsls	r2, r2, #4
1000141e:	18ab      	adds	r3, r5, r2
10001420:	4698      	mov	r8, r3
10001422:	7c1b      	ldrb	r3, [r3, #16]
10001424:	2b00      	cmp	r3, #0
10001426:	d028      	beq.n	1000147a <_Z13xboxh_xfer_cbhh13xfer_result_tm+0x3aa>
10001428:	0020      	movs	r0, r4
1000142a:	f006 fbf7 	bl	10007c1c <usbh_edpt_claim>
1000142e:	2800      	cmp	r0, #0
10001430:	d100      	bne.n	10001434 <_Z13xboxh_xfer_cbhh13xfer_result_tm+0x364>
10001432:	e6af      	b.n	10001194 <_Z13xboxh_xfer_cbhh13xfer_result_tm+0xc4>
10001434:	00ba      	lsls	r2, r7, #2
10001436:	19d2      	adds	r2, r2, r7
10001438:	0112      	lsls	r2, r2, #4
1000143a:	18ac      	adds	r4, r5, r2
1000143c:	3210      	adds	r2, #16
1000143e:	18aa      	adds	r2, r5, r2
10001440:	2500      	movs	r5, #0
10001442:	88a3      	ldrh	r3, [r4, #4]
10001444:	78e1      	ldrb	r1, [r4, #3]
10001446:	7860      	ldrb	r0, [r4, #1]
10001448:	9501      	str	r5, [sp, #4]
1000144a:	9500      	str	r5, [sp, #0]
1000144c:	f006 fc2e 	bl	10007cac <usbh_edpt_xfer_with_callback>
10001450:	2800      	cmp	r0, #0
10001452:	d000      	beq.n	10001456 <_Z13xboxh_xfer_cbhh13xfer_result_tm+0x386>
10001454:	e69e      	b.n	10001194 <_Z13xboxh_xfer_cbhh13xfer_result_tm+0xc4>
10001456:	78e1      	ldrb	r1, [r4, #3]
10001458:	7860      	ldrb	r0, [r4, #1]
1000145a:	f006 fc03 	bl	10007c64 <usbh_edpt_release>
1000145e:	2001      	movs	r0, #1
10001460:	e666      	b.n	10001130 <_Z13xboxh_xfer_cbhh13xfer_result_tm+0x60>
10001462:	2704      	movs	r7, #4
10001464:	e7d6      	b.n	10001414 <_Z13xboxh_xfer_cbhh13xfer_result_tm+0x344>
10001466:	2707      	movs	r7, #7
10001468:	e7d4      	b.n	10001414 <_Z13xboxh_xfer_cbhh13xfer_result_tm+0x344>
1000146a:	2702      	movs	r7, #2
1000146c:	e7d2      	b.n	10001414 <_Z13xboxh_xfer_cbhh13xfer_result_tm+0x344>
1000146e:	2705      	movs	r7, #5
10001470:	e7d0      	b.n	10001414 <_Z13xboxh_xfer_cbhh13xfer_result_tm+0x344>
10001472:	2701      	movs	r7, #1
10001474:	e7ce      	b.n	10001414 <_Z13xboxh_xfer_cbhh13xfer_result_tm+0x344>
10001476:	2703      	movs	r7, #3
10001478:	e7cc      	b.n	10001414 <_Z13xboxh_xfer_cbhh13xfer_result_tm+0x344>
1000147a:	4641      	mov	r1, r8
1000147c:	3210      	adds	r2, #16
1000147e:	0020      	movs	r0, r4
10001480:	7889      	ldrb	r1, [r1, #2]
10001482:	b2b3      	uxth	r3, r6
10001484:	18aa      	adds	r2, r5, r2
10001486:	f7fe ff93 	bl	100003b0 <_Z24report_received_callbackhhPKht>
1000148a:	4643      	mov	r3, r8
1000148c:	785c      	ldrb	r4, [r3, #1]
1000148e:	78d9      	ldrb	r1, [r3, #3]
10001490:	e7ca      	b.n	10001428 <_Z13xboxh_xfer_cbhh13xfer_result_tm+0x358>
10001492:	2a04      	cmp	r2, #4
10001494:	d000      	beq.n	10001498 <_Z13xboxh_xfer_cbhh13xfer_result_tm+0x3c8>
10001496:	e67d      	b.n	10001194 <_Z13xboxh_xfer_cbhh13xfer_result_tm+0xc4>
10001498:	2700      	movs	r7, #0
1000149a:	78d9      	ldrb	r1, [r3, #3]
1000149c:	7858      	ldrb	r0, [r3, #1]
1000149e:	60df      	str	r7, [r3, #12]
100014a0:	f006 fbbc 	bl	10007c1c <usbh_edpt_claim>
100014a4:	2800      	cmp	r0, #0
100014a6:	d00f      	beq.n	100014c8 <_Z13xboxh_xfer_cbhh13xfer_result_tm+0x3f8>
100014a8:	464b      	mov	r3, r9
100014aa:	2650      	movs	r6, #80	@ 0x50
100014ac:	0022      	movs	r2, r4
100014ae:	435e      	muls	r6, r3
100014b0:	3210      	adds	r2, #16
100014b2:	19ae      	adds	r6, r5, r6
100014b4:	88b3      	ldrh	r3, [r6, #4]
100014b6:	78f1      	ldrb	r1, [r6, #3]
100014b8:	7870      	ldrb	r0, [r6, #1]
100014ba:	18aa      	adds	r2, r5, r2
100014bc:	9701      	str	r7, [sp, #4]
100014be:	9700      	str	r7, [sp, #0]
100014c0:	f006 fbf4 	bl	10007cac <usbh_edpt_xfer_with_callback>
100014c4:	42b8      	cmp	r0, r7
100014c6:	d066      	beq.n	10001596 <_Z13xboxh_xfer_cbhh13xfer_result_tm+0x4c6>
100014c8:	4656      	mov	r6, sl
100014ca:	2117      	movs	r1, #23
100014cc:	444e      	add	r6, r9
100014ce:	0136      	lsls	r6, r6, #4
100014d0:	19ae      	adds	r6, r5, r6
100014d2:	af06      	add	r7, sp, #24
100014d4:	003a      	movs	r2, r7
100014d6:	4469      	add	r1, sp
100014d8:	7870      	ldrb	r0, [r6, #1]
100014da:	f005 fd8b 	bl	10006ff4 <tuh_get_hub_addr_port>
100014de:	78b3      	ldrb	r3, [r6, #2]
100014e0:	192c      	adds	r4, r5, r4
100014e2:	9302      	str	r3, [sp, #8]
100014e4:	783b      	ldrb	r3, [r7, #0]
100014e6:	4a31      	ldr	r2, [pc, #196]	@ (100015ac <_Z13xboxh_xfer_cbhh13xfer_result_tm+0x4dc>)
100014e8:	9301      	str	r3, [sp, #4]
100014ea:	78a3      	ldrb	r3, [r4, #2]
100014ec:	7861      	ldrb	r1, [r4, #1]
100014ee:	021b      	lsls	r3, r3, #8
100014f0:	430b      	orrs	r3, r1
100014f2:	ba5b      	rev16	r3, r3
100014f4:	b29b      	uxth	r3, r3
100014f6:	492e      	ldr	r1, [pc, #184]	@ (100015b0 <_Z13xboxh_xfer_cbhh13xfer_result_tm+0x4e0>)
100014f8:	482e      	ldr	r0, [pc, #184]	@ (100015b4 <_Z13xboxh_xfer_cbhh13xfer_result_tm+0x4e4>)
100014fa:	9300      	str	r3, [sp, #0]
100014fc:	2389      	movs	r3, #137	@ 0x89
100014fe:	f7fe ff97 	bl	10000430 <_Z28descriptor_received_callbackttPKhithh>
10001502:	7870      	ldrb	r0, [r6, #1]
10001504:	78b1      	ldrb	r1, [r6, #2]
10001506:	f006 fcd7 	bl	10007eb8 <usbh_driver_set_config_complete>
1000150a:	2001      	movs	r0, #1
1000150c:	e610      	b.n	10001130 <_Z13xboxh_xfer_cbhh13xfer_result_tm+0x60>
1000150e:	aa06      	add	r2, sp, #24
10001510:	4690      	mov	r8, r2
10001512:	4641      	mov	r1, r8
10001514:	4a28      	ldr	r2, [pc, #160]	@ (100015b8 <_Z13xboxh_xfer_cbhh13xfer_result_tm+0x4e8>)
10001516:	0020      	movs	r0, r4
10001518:	800a      	strh	r2, [r1, #0]
1000151a:	2209      	movs	r2, #9
1000151c:	70ca      	strb	r2, [r1, #3]
1000151e:	4a27      	ldr	r2, [pc, #156]	@ (100015bc <_Z13xboxh_xfer_cbhh13xfer_result_tm+0x4ec>)
10001520:	9207      	str	r2, [sp, #28]
10001522:	2200      	movs	r2, #0
10001524:	9208      	str	r2, [sp, #32]
10001526:	730a      	strb	r2, [r1, #12]
10001528:	7c9a      	ldrb	r2, [r3, #18]
1000152a:	708a      	strb	r2, [r1, #2]
1000152c:	7999      	ldrb	r1, [r3, #6]
1000152e:	f006 fb75 	bl	10007c1c <usbh_edpt_claim>
10001532:	2800      	cmp	r0, #0
10001534:	d00e      	beq.n	10001554 <_Z13xboxh_xfer_cbhh13xfer_result_tm+0x484>
10001536:	464b      	mov	r3, r9
10001538:	2450      	movs	r4, #80	@ 0x50
1000153a:	2200      	movs	r2, #0
1000153c:	435c      	muls	r4, r3
1000153e:	192c      	adds	r4, r5, r4
10001540:	79a1      	ldrb	r1, [r4, #6]
10001542:	7860      	ldrb	r0, [r4, #1]
10001544:	230d      	movs	r3, #13
10001546:	9201      	str	r2, [sp, #4]
10001548:	9200      	str	r2, [sp, #0]
1000154a:	4642      	mov	r2, r8
1000154c:	f006 fbae 	bl	10007cac <usbh_edpt_xfer_with_callback>
10001550:	2800      	cmp	r0, #0
10001552:	d025      	beq.n	100015a0 <_Z13xboxh_xfer_cbhh13xfer_result_tm+0x4d0>
10001554:	4653      	mov	r3, sl
10001556:	444b      	add	r3, r9
10001558:	011b      	lsls	r3, r3, #4
1000155a:	18eb      	adds	r3, r5, r3
1000155c:	785c      	ldrb	r4, [r3, #1]
1000155e:	e6c7      	b.n	100012f0 <_Z13xboxh_xfer_cbhh13xfer_result_tm+0x220>
10001560:	0039      	movs	r1, r7
10001562:	7858      	ldrb	r0, [r3, #1]
10001564:	f006 fb5a 	bl	10007c1c <usbh_edpt_claim>
10001568:	2800      	cmp	r0, #0
1000156a:	d100      	bne.n	1000156e <_Z13xboxh_xfer_cbhh13xfer_result_tm+0x49e>
1000156c:	e612      	b.n	10001194 <_Z13xboxh_xfer_cbhh13xfer_result_tm+0xc4>
1000156e:	464b      	mov	r3, r9
10001570:	2450      	movs	r4, #80	@ 0x50
10001572:	435c      	muls	r4, r3
10001574:	2300      	movs	r3, #0
10001576:	192c      	adds	r4, r5, r4
10001578:	79a1      	ldrb	r1, [r4, #6]
1000157a:	7860      	ldrb	r0, [r4, #1]
1000157c:	4a10      	ldr	r2, [pc, #64]	@ (100015c0 <_Z13xboxh_xfer_cbhh13xfer_result_tm+0x4f0>)
1000157e:	9301      	str	r3, [sp, #4]
10001580:	9300      	str	r3, [sp, #0]
10001582:	3306      	adds	r3, #6
10001584:	f006 fb92 	bl	10007cac <usbh_edpt_xfer_with_callback>
10001588:	2800      	cmp	r0, #0
1000158a:	d100      	bne.n	1000158e <_Z13xboxh_xfer_cbhh13xfer_result_tm+0x4be>
1000158c:	e693      	b.n	100012b6 <_Z13xboxh_xfer_cbhh13xfer_result_tm+0x1e6>
1000158e:	2001      	movs	r0, #1
10001590:	e5ce      	b.n	10001130 <_Z13xboxh_xfer_cbhh13xfer_result_tm+0x60>
10001592:	2700      	movs	r7, #0
10001594:	e73e      	b.n	10001414 <_Z13xboxh_xfer_cbhh13xfer_result_tm+0x344>
10001596:	78f1      	ldrb	r1, [r6, #3]
10001598:	7870      	ldrb	r0, [r6, #1]
1000159a:	f006 fb63 	bl	10007c64 <usbh_edpt_release>
1000159e:	e793      	b.n	100014c8 <_Z13xboxh_xfer_cbhh13xfer_result_tm+0x3f8>
100015a0:	79a1      	ldrb	r1, [r4, #6]
100015a2:	7860      	ldrb	r0, [r4, #1]
100015a4:	f006 fb5e 	bl	10007c64 <usbh_edpt_release>
100015a8:	e7d4      	b.n	10001554 <_Z13xboxh_xfer_cbhh13xfer_result_tm+0x484>
100015aa:	46c0      	nop			@ (mov r8, r8)
100015ac:	1000b370 	.word	0x1000b370
100015b0:	00000b12 	.word	0x00000b12
100015b4:	0000045e 	.word	0x0000045e
100015b8:	00002001 	.word	0x00002001
100015bc:	02200700 	.word	0x02200700
100015c0:	200008bc 	.word	0x200008bc

100015c4 <_Z11xboxh_closeh>:
100015c4:	b570      	push	{r4, r5, r6, lr}
100015c6:	4d51      	ldr	r5, [pc, #324]	@ (1000170c <_Z11xboxh_closeh+0x148>)
100015c8:	0004      	movs	r4, r0
100015ca:	786b      	ldrb	r3, [r5, #1]
100015cc:	4283      	cmp	r3, r0
100015ce:	d020      	beq.n	10001612 <_Z11xboxh_closeh+0x4e>
100015d0:	2351      	movs	r3, #81	@ 0x51
100015d2:	5ceb      	ldrb	r3, [r5, r3]
100015d4:	42a3      	cmp	r3, r4
100015d6:	d028      	beq.n	1000162a <_Z11xboxh_closeh+0x66>
100015d8:	23a1      	movs	r3, #161	@ 0xa1
100015da:	5ceb      	ldrb	r3, [r5, r3]
100015dc:	42a3      	cmp	r3, r4
100015de:	d033      	beq.n	10001648 <_Z11xboxh_closeh+0x84>
100015e0:	23f1      	movs	r3, #241	@ 0xf1
100015e2:	5ceb      	ldrb	r3, [r5, r3]
100015e4:	42a3      	cmp	r3, r4
100015e6:	d03e      	beq.n	10001666 <_Z11xboxh_closeh+0xa2>
100015e8:	2342      	movs	r3, #66	@ 0x42
100015ea:	33ff      	adds	r3, #255	@ 0xff
100015ec:	5ceb      	ldrb	r3, [r5, r3]
100015ee:	42a3      	cmp	r3, r4
100015f0:	d049      	beq.n	10001686 <_Z11xboxh_closeh+0xc2>
100015f2:	2392      	movs	r3, #146	@ 0x92
100015f4:	33ff      	adds	r3, #255	@ 0xff
100015f6:	5ceb      	ldrb	r3, [r5, r3]
100015f8:	42a3      	cmp	r3, r4
100015fa:	d056      	beq.n	100016aa <_Z11xboxh_closeh+0xe6>
100015fc:	23e2      	movs	r3, #226	@ 0xe2
100015fe:	33ff      	adds	r3, #255	@ 0xff
10001600:	5ceb      	ldrb	r3, [r5, r3]
10001602:	42a3      	cmp	r3, r4
10001604:	d063      	beq.n	100016ce <_Z11xboxh_closeh+0x10a>
10001606:	4b42      	ldr	r3, [pc, #264]	@ (10001710 <_Z11xboxh_closeh+0x14c>)
10001608:	5ceb      	ldrb	r3, [r5, r3]
1000160a:	42a3      	cmp	r3, r4
1000160c:	d100      	bne.n	10001610 <_Z11xboxh_closeh+0x4c>
1000160e:	e070      	b.n	100016f2 <_Z11xboxh_closeh+0x12e>
10001610:	bd70      	pop	{r4, r5, r6, pc}
10001612:	78a9      	ldrb	r1, [r5, #2]
10001614:	f7fe ff90 	bl	10000538 <_Z15umount_callbackhh>
10001618:	2250      	movs	r2, #80	@ 0x50
1000161a:	2100      	movs	r1, #0
1000161c:	0028      	movs	r0, r5
1000161e:	f001 ffff 	bl	10003620 <__wrap_memset>
10001622:	2351      	movs	r3, #81	@ 0x51
10001624:	5ceb      	ldrb	r3, [r5, r3]
10001626:	42a3      	cmp	r3, r4
10001628:	d1d6      	bne.n	100015d8 <_Z11xboxh_closeh+0x14>
1000162a:	2352      	movs	r3, #82	@ 0x52
1000162c:	0020      	movs	r0, r4
1000162e:	5ce9      	ldrb	r1, [r5, r3]
10001630:	f7fe ff82 	bl	10000538 <_Z15umount_callbackhh>
10001634:	0028      	movs	r0, r5
10001636:	2250      	movs	r2, #80	@ 0x50
10001638:	2100      	movs	r1, #0
1000163a:	3050      	adds	r0, #80	@ 0x50
1000163c:	f001 fff0 	bl	10003620 <__wrap_memset>
10001640:	23a1      	movs	r3, #161	@ 0xa1
10001642:	5ceb      	ldrb	r3, [r5, r3]
10001644:	42a3      	cmp	r3, r4
10001646:	d1cb      	bne.n	100015e0 <_Z11xboxh_closeh+0x1c>
10001648:	23a2      	movs	r3, #162	@ 0xa2
1000164a:	0020      	movs	r0, r4
1000164c:	5ce9      	ldrb	r1, [r5, r3]
1000164e:	f7fe ff73 	bl	10000538 <_Z15umount_callbackhh>
10001652:	0028      	movs	r0, r5
10001654:	2250      	movs	r2, #80	@ 0x50
10001656:	2100      	movs	r1, #0
10001658:	30a0      	adds	r0, #160	@ 0xa0
1000165a:	f001 ffe1 	bl	10003620 <__wrap_memset>
1000165e:	23f1      	movs	r3, #241	@ 0xf1
10001660:	5ceb      	ldrb	r3, [r5, r3]
10001662:	42a3      	cmp	r3, r4
10001664:	d1c0      	bne.n	100015e8 <_Z11xboxh_closeh+0x24>
10001666:	23f2      	movs	r3, #242	@ 0xf2
10001668:	0020      	movs	r0, r4
1000166a:	5ce9      	ldrb	r1, [r5, r3]
1000166c:	f7fe ff64 	bl	10000538 <_Z15umount_callbackhh>
10001670:	0028      	movs	r0, r5
10001672:	2250      	movs	r2, #80	@ 0x50
10001674:	2100      	movs	r1, #0
10001676:	30f0      	adds	r0, #240	@ 0xf0
10001678:	f001 ffd2 	bl	10003620 <__wrap_memset>
1000167c:	2342      	movs	r3, #66	@ 0x42
1000167e:	33ff      	adds	r3, #255	@ 0xff
10001680:	5ceb      	ldrb	r3, [r5, r3]
10001682:	42a3      	cmp	r3, r4
10001684:	d1b5      	bne.n	100015f2 <_Z11xboxh_closeh+0x2e>
10001686:	23a1      	movs	r3, #161	@ 0xa1
10001688:	005b      	lsls	r3, r3, #1
1000168a:	5ce9      	ldrb	r1, [r5, r3]
1000168c:	0020      	movs	r0, r4
1000168e:	f7fe ff53 	bl	10000538 <_Z15umount_callbackhh>
10001692:	0028      	movs	r0, r5
10001694:	3041      	adds	r0, #65	@ 0x41
10001696:	2250      	movs	r2, #80	@ 0x50
10001698:	2100      	movs	r1, #0
1000169a:	30ff      	adds	r0, #255	@ 0xff
1000169c:	f001 ffc0 	bl	10003620 <__wrap_memset>
100016a0:	2392      	movs	r3, #146	@ 0x92
100016a2:	33ff      	adds	r3, #255	@ 0xff
100016a4:	5ceb      	ldrb	r3, [r5, r3]
100016a6:	42a3      	cmp	r3, r4
100016a8:	d1a8      	bne.n	100015fc <_Z11xboxh_closeh+0x38>
100016aa:	23c9      	movs	r3, #201	@ 0xc9
100016ac:	005b      	lsls	r3, r3, #1
100016ae:	5ce9      	ldrb	r1, [r5, r3]
100016b0:	0020      	movs	r0, r4
100016b2:	f7fe ff41 	bl	10000538 <_Z15umount_callbackhh>
100016b6:	0028      	movs	r0, r5
100016b8:	3091      	adds	r0, #145	@ 0x91
100016ba:	2250      	movs	r2, #80	@ 0x50
100016bc:	2100      	movs	r1, #0
100016be:	30ff      	adds	r0, #255	@ 0xff
100016c0:	f001 ffae 	bl	10003620 <__wrap_memset>
100016c4:	23e2      	movs	r3, #226	@ 0xe2
100016c6:	33ff      	adds	r3, #255	@ 0xff
100016c8:	5ceb      	ldrb	r3, [r5, r3]
100016ca:	42a3      	cmp	r3, r4
100016cc:	d19b      	bne.n	10001606 <_Z11xboxh_closeh+0x42>
100016ce:	23f1      	movs	r3, #241	@ 0xf1
100016d0:	005b      	lsls	r3, r3, #1
100016d2:	5ce9      	ldrb	r1, [r5, r3]
100016d4:	0020      	movs	r0, r4
100016d6:	f7fe ff2f 	bl	10000538 <_Z15umount_callbackhh>
100016da:	0028      	movs	r0, r5
100016dc:	30e1      	adds	r0, #225	@ 0xe1
100016de:	2250      	movs	r2, #80	@ 0x50
100016e0:	2100      	movs	r1, #0
100016e2:	30ff      	adds	r0, #255	@ 0xff
100016e4:	f001 ff9c 	bl	10003620 <__wrap_memset>
100016e8:	4b09      	ldr	r3, [pc, #36]	@ (10001710 <_Z11xboxh_closeh+0x14c>)
100016ea:	5ceb      	ldrb	r3, [r5, r3]
100016ec:	42a3      	cmp	r3, r4
100016ee:	d000      	beq.n	100016f2 <_Z11xboxh_closeh+0x12e>
100016f0:	e78e      	b.n	10001610 <_Z11xboxh_closeh+0x4c>
100016f2:	4b08      	ldr	r3, [pc, #32]	@ (10001714 <_Z11xboxh_closeh+0x150>)
100016f4:	0020      	movs	r0, r4
100016f6:	5ce9      	ldrb	r1, [r5, r3]
100016f8:	f7fe ff1e 	bl	10000538 <_Z15umount_callbackhh>
100016fc:	238c      	movs	r3, #140	@ 0x8c
100016fe:	009b      	lsls	r3, r3, #2
10001700:	2250      	movs	r2, #80	@ 0x50
10001702:	2100      	movs	r1, #0
10001704:	18e8      	adds	r0, r5, r3
10001706:	f001 ff8b 	bl	10003620 <__wrap_memset>
1000170a:	e781      	b.n	10001610 <_Z11xboxh_closeh+0x4c>
1000170c:	20000f10 	.word	0x20000f10
10001710:	00000231 	.word	0x00000231
10001714:	00000232 	.word	0x00000232

10001718 <gpio_set_function>:
10001718:	4a09      	ldr	r2, [pc, #36]	@ (10001740 <gpio_set_function+0x28>)
1000171a:	0083      	lsls	r3, r0, #2
1000171c:	189a      	adds	r2, r3, r2
1000171e:	b510      	push	{r4, lr}
10001720:	6814      	ldr	r4, [r2, #0]
10001722:	2240      	movs	r2, #64	@ 0x40
10001724:	4054      	eors	r4, r2
10001726:	3280      	adds	r2, #128	@ 0x80
10001728:	4022      	ands	r2, r4
1000172a:	4c06      	ldr	r4, [pc, #24]	@ (10001744 <gpio_set_function+0x2c>)
1000172c:	00c0      	lsls	r0, r0, #3
1000172e:	46a4      	mov	ip, r4
10001730:	4463      	add	r3, ip
10001732:	601a      	str	r2, [r3, #0]
10001734:	4b04      	ldr	r3, [pc, #16]	@ (10001748 <gpio_set_function+0x30>)
10001736:	469c      	mov	ip, r3
10001738:	4460      	add	r0, ip
1000173a:	6041      	str	r1, [r0, #4]
1000173c:	bd10      	pop	{r4, pc}
1000173e:	46c0      	nop			@ (mov r8, r8)
10001740:	4001c004 	.word	0x4001c004
10001744:	4001d004 	.word	0x4001d004
10001748:	40014000 	.word	0x40014000

1000174c <panic>:
1000174c:	b40f      	push	{r0, r1, r2, r3}
1000174e:	b500      	push	{lr}
10001750:	4808      	ldr	r0, [pc, #32]	@ (10001774 <panic+0x28>)
10001752:	b083      	sub	sp, #12
10001754:	f003 fd98 	bl	10005288 <__wrap_puts>
10001758:	9b04      	ldr	r3, [sp, #16]
1000175a:	2b00      	cmp	r3, #0
1000175c:	d007      	beq.n	1000176e <panic+0x22>
1000175e:	a905      	add	r1, sp, #20
10001760:	0018      	movs	r0, r3
10001762:	9101      	str	r1, [sp, #4]
10001764:	f003 fbca 	bl	10004efc <weak_raw_vprintf>
10001768:	4803      	ldr	r0, [pc, #12]	@ (10001778 <panic+0x2c>)
1000176a:	f003 fd8d 	bl	10005288 <__wrap_puts>
1000176e:	2001      	movs	r0, #1
10001770:	f003 fbdc 	bl	10004f2c <_exit>
10001774:	1000b104 	.word	0x1000b104
10001778:	1000b114 	.word	0x1000b114

1000177c <hw_claim_lock>:
1000177c:	f3ef 8010 	mrs	r0, PRIMASK
10001780:	b672      	cpsid	i
10001782:	4a03      	ldr	r2, [pc, #12]	@ (10001790 <hw_claim_lock+0x14>)
10001784:	6813      	ldr	r3, [r2, #0]
10001786:	2b00      	cmp	r3, #0
10001788:	d0fc      	beq.n	10001784 <hw_claim_lock+0x8>
1000178a:	f3bf 8f5f 	dmb	sy
1000178e:	4770      	bx	lr
10001790:	d000012c 	.word	0xd000012c

10001794 <hw_claim_unlock>:
10001794:	f3bf 8f5f 	dmb	sy
10001798:	2200      	movs	r2, #0
1000179a:	4b02      	ldr	r3, [pc, #8]	@ (100017a4 <hw_claim_unlock+0x10>)
1000179c:	601a      	str	r2, [r3, #0]
1000179e:	f380 8810 	msr	PRIMASK, r0
100017a2:	4770      	bx	lr
100017a4:	d000012c 	.word	0xd000012c

100017a8 <hw_claim_or_assert>:
100017a8:	b570      	push	{r4, r5, r6, lr}
100017aa:	f3ef 8c10 	mrs	ip, PRIMASK
100017ae:	b672      	cpsid	i
100017b0:	4d0d      	ldr	r5, [pc, #52]	@ (100017e8 <hw_claim_or_assert+0x40>)
100017b2:	682b      	ldr	r3, [r5, #0]
100017b4:	2b00      	cmp	r3, #0
100017b6:	d0fc      	beq.n	100017b2 <hw_claim_or_assert+0xa>
100017b8:	f3bf 8f5f 	dmb	sy
100017bc:	2407      	movs	r4, #7
100017be:	08cb      	lsrs	r3, r1, #3
100017c0:	18c6      	adds	r6, r0, r3
100017c2:	5cc0      	ldrb	r0, [r0, r3]
100017c4:	2301      	movs	r3, #1
100017c6:	400c      	ands	r4, r1
100017c8:	40a3      	lsls	r3, r4
100017ca:	001c      	movs	r4, r3
100017cc:	4004      	ands	r4, r0
100017ce:	4203      	tst	r3, r0
100017d0:	d107      	bne.n	100017e2 <hw_claim_or_assert+0x3a>
100017d2:	4318      	orrs	r0, r3
100017d4:	7030      	strb	r0, [r6, #0]
100017d6:	f3bf 8f5f 	dmb	sy
100017da:	602c      	str	r4, [r5, #0]
100017dc:	f38c 8810 	msr	PRIMASK, ip
100017e0:	bd70      	pop	{r4, r5, r6, pc}
100017e2:	0010      	movs	r0, r2
100017e4:	f7ff ffb2 	bl	1000174c <panic>
100017e8:	d000012c 	.word	0xd000012c

100017ec <hw_claim_unused_from_range>:
100017ec:	b5f8      	push	{r3, r4, r5, r6, r7, lr}
100017ee:	4647      	mov	r7, r8
100017f0:	46ce      	mov	lr, r9
100017f2:	4688      	mov	r8, r1
100017f4:	b580      	push	{r7, lr}
100017f6:	f3ef 8c10 	mrs	ip, PRIMASK
100017fa:	b672      	cpsid	i
100017fc:	4d1c      	ldr	r5, [pc, #112]	@ (10001870 <hw_claim_unused_from_range+0x84>)
100017fe:	682c      	ldr	r4, [r5, #0]
10001800:	2c00      	cmp	r4, #0
10001802:	d0fc      	beq.n	100017fe <hw_claim_unused_from_range+0x12>
10001804:	f3bf 8f5f 	dmb	sy
10001808:	429a      	cmp	r2, r3
1000180a:	d822      	bhi.n	10001852 <hw_claim_unused_from_range+0x66>
1000180c:	2107      	movs	r1, #7
1000180e:	2601      	movs	r6, #1
10001810:	4689      	mov	r9, r1
10001812:	e002      	b.n	1000181a <hw_claim_unused_from_range+0x2e>
10001814:	3201      	adds	r2, #1
10001816:	4293      	cmp	r3, r2
10001818:	d318      	bcc.n	1000184c <hw_claim_unused_from_range+0x60>
1000181a:	464d      	mov	r5, r9
1000181c:	0037      	movs	r7, r6
1000181e:	4015      	ands	r5, r2
10001820:	40af      	lsls	r7, r5
10001822:	08d4      	lsrs	r4, r2, #3
10001824:	1901      	adds	r1, r0, r4
10001826:	5d04      	ldrb	r4, [r0, r4]
10001828:	4227      	tst	r7, r4
1000182a:	d1f3      	bne.n	10001814 <hw_claim_unused_from_range+0x28>
1000182c:	0010      	movs	r0, r2
1000182e:	433c      	orrs	r4, r7
10001830:	700c      	strb	r4, [r1, #0]
10001832:	f3bf 8f5f 	dmb	sy
10001836:	2200      	movs	r2, #0
10001838:	4b0d      	ldr	r3, [pc, #52]	@ (10001870 <hw_claim_unused_from_range+0x84>)
1000183a:	601a      	str	r2, [r3, #0]
1000183c:	f38c 8810 	msr	PRIMASK, ip
10001840:	2800      	cmp	r0, #0
10001842:	db0e      	blt.n	10001862 <hw_claim_unused_from_range+0x76>
10001844:	bcc0      	pop	{r6, r7}
10001846:	46b9      	mov	r9, r7
10001848:	46b0      	mov	r8, r6
1000184a:	bdf8      	pop	{r3, r4, r5, r6, r7, pc}
1000184c:	2001      	movs	r0, #1
1000184e:	4240      	negs	r0, r0
10001850:	e7ef      	b.n	10001832 <hw_claim_unused_from_range+0x46>
10001852:	f3bf 8f5f 	dmb	sy
10001856:	2300      	movs	r3, #0
10001858:	602b      	str	r3, [r5, #0]
1000185a:	f38c 8810 	msr	PRIMASK, ip
1000185e:	2001      	movs	r0, #1
10001860:	4240      	negs	r0, r0
10001862:	4643      	mov	r3, r8
10001864:	2b00      	cmp	r3, #0
10001866:	d0ed      	beq.n	10001844 <hw_claim_unused_from_range+0x58>
10001868:	9808      	ldr	r0, [sp, #32]
1000186a:	f7ff ff6f 	bl	1000174c <panic>
1000186e:	46c0      	nop			@ (mov r8, r8)
10001870:	d000012c 	.word	0xd000012c

10001874 <next_striped_spin_lock_num>:
10001874:	4a04      	ldr	r2, [pc, #16]	@ (10001888 <next_striped_spin_lock_num+0x14>)
10001876:	7810      	ldrb	r0, [r2, #0]
10001878:	1c43      	adds	r3, r0, #1
1000187a:	b2db      	uxtb	r3, r3
1000187c:	2b17      	cmp	r3, #23
1000187e:	d900      	bls.n	10001882 <next_striped_spin_lock_num+0xe>
10001880:	2310      	movs	r3, #16
10001882:	7013      	strb	r3, [r2, #0]
10001884:	4770      	bx	lr
10001886:	46c0      	nop			@ (mov r8, r8)
10001888:	200008d1 	.word	0x200008d1

1000188c <spin_lock_claim_unused>:
1000188c:	b510      	push	{r4, lr}
1000188e:	4b06      	ldr	r3, [pc, #24]	@ (100018a8 <spin_lock_claim_unused+0x1c>)
10001890:	4c06      	ldr	r4, [pc, #24]	@ (100018ac <spin_lock_claim_unused+0x20>)
10001892:	b082      	sub	sp, #8
10001894:	0001      	movs	r1, r0
10001896:	9300      	str	r3, [sp, #0]
10001898:	2218      	movs	r2, #24
1000189a:	231f      	movs	r3, #31
1000189c:	0020      	movs	r0, r4
1000189e:	f7ff ffa5 	bl	100017ec <hw_claim_unused_from_range>
100018a2:	b002      	add	sp, #8
100018a4:	bd10      	pop	{r4, pc}
100018a6:	46c0      	nop			@ (mov r8, r8)
100018a8:	1000b118 	.word	0x1000b118
100018ac:	20003ebc 	.word	0x20003ebc

100018b0 <spin_locks_reset>:
100018b0:	2100      	movs	r1, #0
100018b2:	4b04      	ldr	r3, [pc, #16]	@ (100018c4 <spin_locks_reset+0x14>)
100018b4:	4a04      	ldr	r2, [pc, #16]	@ (100018c8 <spin_locks_reset+0x18>)
100018b6:	f3bf 8f5f 	dmb	sy
100018ba:	c302      	stmia	r3!, {r1}
100018bc:	4293      	cmp	r3, r2
100018be:	d1fa      	bne.n	100018b6 <spin_locks_reset+0x6>
100018c0:	4770      	bx	lr
100018c2:	46c0      	nop			@ (mov r8, r8)
100018c4:	d0000100 	.word	0xd0000100
100018c8:	d0000180 	.word	0xd0000180

100018cc <runtime_init_per_core_irq_priorities>:
100018cc:	4b05      	ldr	r3, [pc, #20]	@ (100018e4 <runtime_init_per_core_irq_priorities+0x18>)
100018ce:	4a06      	ldr	r2, [pc, #24]	@ (100018e8 <runtime_init_per_core_irq_priorities+0x1c>)
100018d0:	6013      	str	r3, [r2, #0]
100018d2:	4a06      	ldr	r2, [pc, #24]	@ (100018ec <runtime_init_per_core_irq_priorities+0x20>)
100018d4:	6013      	str	r3, [r2, #0]
100018d6:	6053      	str	r3, [r2, #4]
100018d8:	6093      	str	r3, [r2, #8]
100018da:	60d3      	str	r3, [r2, #12]
100018dc:	6113      	str	r3, [r2, #16]
100018de:	6153      	str	r3, [r2, #20]
100018e0:	6193      	str	r3, [r2, #24]
100018e2:	4770      	bx	lr
100018e4:	80808080 	.word	0x80808080
100018e8:	e000e400 	.word	0xe000e400
100018ec:	e000e404 	.word	0xe000e404

100018f0 <irq_set_enabled>:
100018f0:	231f      	movs	r3, #31
100018f2:	4018      	ands	r0, r3
100018f4:	3b1e      	subs	r3, #30
100018f6:	4083      	lsls	r3, r0
100018f8:	2900      	cmp	r1, #0
100018fa:	d005      	beq.n	10001908 <irq_set_enabled+0x18>
100018fc:	21c0      	movs	r1, #192	@ 0xc0
100018fe:	4a04      	ldr	r2, [pc, #16]	@ (10001910 <irq_set_enabled+0x20>)
10001900:	0049      	lsls	r1, r1, #1
10001902:	5053      	str	r3, [r2, r1]
10001904:	6013      	str	r3, [r2, #0]
10001906:	4770      	bx	lr
10001908:	2280      	movs	r2, #128	@ 0x80
1000190a:	4901      	ldr	r1, [pc, #4]	@ (10001910 <irq_set_enabled+0x20>)
1000190c:	508b      	str	r3, [r1, r2]
1000190e:	e7fa      	b.n	10001906 <irq_set_enabled+0x16>
10001910:	e000e100 	.word	0xe000e100

10001914 <irq_set_exclusive_handler>:
10001914:	b570      	push	{r4, r5, r6, lr}
10001916:	000d      	movs	r5, r1
10001918:	f3ef 8610 	mrs	r6, PRIMASK
1000191c:	b672      	cpsid	i
1000191e:	4a0f      	ldr	r2, [pc, #60]	@ (1000195c <irq_set_exclusive_handler+0x48>)
10001920:	6813      	ldr	r3, [r2, #0]
10001922:	2b00      	cmp	r3, #0
10001924:	d0fc      	beq.n	10001920 <irq_set_exclusive_handler+0xc>
10001926:	f3bf 8f5f 	dmb	sy
1000192a:	4b0d      	ldr	r3, [pc, #52]	@ (10001960 <irq_set_exclusive_handler+0x4c>)
1000192c:	3010      	adds	r0, #16
1000192e:	689b      	ldr	r3, [r3, #8]
10001930:	0084      	lsls	r4, r0, #2
10001932:	591b      	ldr	r3, [r3, r4]
10001934:	4a0b      	ldr	r2, [pc, #44]	@ (10001964 <irq_set_exclusive_handler+0x50>)
10001936:	4293      	cmp	r3, r2
10001938:	d003      	beq.n	10001942 <irq_set_exclusive_handler+0x2e>
1000193a:	429d      	cmp	r5, r3
1000193c:	d001      	beq.n	10001942 <irq_set_exclusive_handler+0x2e>
1000193e:	f001 f921 	bl	10002b84 <hard_assertion_failure>
10001942:	4b07      	ldr	r3, [pc, #28]	@ (10001960 <irq_set_exclusive_handler+0x4c>)
10001944:	689b      	ldr	r3, [r3, #8]
10001946:	511d      	str	r5, [r3, r4]
10001948:	f3bf 8f5f 	dmb	sy
1000194c:	f3bf 8f5f 	dmb	sy
10001950:	2200      	movs	r2, #0
10001952:	4b02      	ldr	r3, [pc, #8]	@ (1000195c <irq_set_exclusive_handler+0x48>)
10001954:	601a      	str	r2, [r3, #0]
10001956:	f386 8810 	msr	PRIMASK, r6
1000195a:	bd70      	pop	{r4, r5, r6, pc}
1000195c:	d0000124 	.word	0xd0000124
10001960:	e000ed00 	.word	0xe000ed00
10001964:	100001cd 	.word	0x100001cd

10001968 <irq_add_shared_handler>:
10001968:	b5f0      	push	{r4, r5, r6, r7, lr}
1000196a:	4657      	mov	r7, sl
1000196c:	464e      	mov	r6, r9
1000196e:	46de      	mov	lr, fp
10001970:	4645      	mov	r5, r8
10001972:	b5e0      	push	{r5, r6, r7, lr}
10001974:	b085      	sub	sp, #20
10001976:	0006      	movs	r6, r0
10001978:	9100      	str	r1, [sp, #0]
1000197a:	0017      	movs	r7, r2
1000197c:	f3ef 8b10 	mrs	fp, PRIMASK
10001980:	b672      	cpsid	i
10001982:	4a6a      	ldr	r2, [pc, #424]	@ (10001b2c <irq_add_shared_handler+0x1c4>)
10001984:	6813      	ldr	r3, [r2, #0]
10001986:	2b00      	cmp	r3, #0
10001988:	d0fc      	beq.n	10001984 <irq_add_shared_handler+0x1c>
1000198a:	f3bf 8f5f 	dmb	sy
1000198e:	2500      	movs	r5, #0
10001990:	4b67      	ldr	r3, [pc, #412]	@ (10001b30 <irq_add_shared_handler+0x1c8>)
10001992:	575d      	ldrsb	r5, [r3, r5]
10001994:	469a      	mov	sl, r3
10001996:	2d00      	cmp	r5, #0
10001998:	da00      	bge.n	1000199c <irq_add_shared_handler+0x34>
1000199a:	e0a9      	b.n	10001af0 <irq_add_shared_handler+0x188>
1000199c:	006b      	lsls	r3, r5, #1
1000199e:	4c65      	ldr	r4, [pc, #404]	@ (10001b34 <irq_add_shared_handler+0x1cc>)
100019a0:	9301      	str	r3, [sp, #4]
100019a2:	195b      	adds	r3, r3, r5
100019a4:	009b      	lsls	r3, r3, #2
100019a6:	4698      	mov	r8, r3
100019a8:	46a1      	mov	r9, r4
100019aa:	44c1      	add	r9, r8
100019ac:	464b      	mov	r3, r9
100019ae:	4652      	mov	r2, sl
100019b0:	799b      	ldrb	r3, [r3, #6]
100019b2:	3610      	adds	r6, #16
100019b4:	7013      	strb	r3, [r2, #0]
100019b6:	4b60      	ldr	r3, [pc, #384]	@ (10001b38 <irq_add_shared_handler+0x1d0>)
100019b8:	00b6      	lsls	r6, r6, #2
100019ba:	689b      	ldr	r3, [r3, #8]
100019bc:	5999      	ldr	r1, [r3, r6]
100019be:	1b0b      	subs	r3, r1, r4
100019c0:	2b2f      	cmp	r3, #47	@ 0x2f
100019c2:	d933      	bls.n	10001a2c <irq_add_shared_handler+0xc4>
100019c4:	4b5d      	ldr	r3, [pc, #372]	@ (10001b3c <irq_add_shared_handler+0x1d4>)
100019c6:	4299      	cmp	r1, r3
100019c8:	d000      	beq.n	100019cc <irq_add_shared_handler+0x64>
100019ca:	e0ac      	b.n	10001b26 <irq_add_shared_handler+0x1be>
100019cc:	9b01      	ldr	r3, [sp, #4]
100019ce:	4642      	mov	r2, r8
100019d0:	469c      	mov	ip, r3
100019d2:	4b5b      	ldr	r3, [pc, #364]	@ (10001b40 <irq_add_shared_handler+0x1d8>)
100019d4:	4465      	add	r5, ip
100019d6:	00ad      	lsls	r5, r5, #2
100019d8:	5363      	strh	r3, [r4, r5]
100019da:	4b5a      	ldr	r3, [pc, #360]	@ (10001b44 <irq_add_shared_handler+0x1dc>)
100019dc:	3202      	adds	r2, #2
100019de:	18a2      	adds	r2, r4, r2
100019e0:	3b04      	subs	r3, #4
100019e2:	1a9b      	subs	r3, r3, r2
100019e4:	051b      	lsls	r3, r3, #20
100019e6:	4a58      	ldr	r2, [pc, #352]	@ (10001b48 <irq_add_shared_handler+0x1e0>)
100019e8:	0d5b      	lsrs	r3, r3, #21
100019ea:	1965      	adds	r5, r4, r5
100019ec:	4313      	orrs	r3, r2
100019ee:	806b      	strh	r3, [r5, #2]
100019f0:	4b56      	ldr	r3, [pc, #344]	@ (10001b4c <irq_add_shared_handler+0x1e4>)
100019f2:	2101      	movs	r1, #1
100019f4:	80ab      	strh	r3, [r5, #4]
100019f6:	23ff      	movs	r3, #255	@ 0xff
100019f8:	71ab      	strb	r3, [r5, #6]
100019fa:	9b00      	ldr	r3, [sp, #0]
100019fc:	71ef      	strb	r7, [r5, #7]
100019fe:	60ab      	str	r3, [r5, #8]
10001a00:	464b      	mov	r3, r9
10001a02:	430b      	orrs	r3, r1
10001a04:	0019      	movs	r1, r3
10001a06:	4b4c      	ldr	r3, [pc, #304]	@ (10001b38 <irq_add_shared_handler+0x1d0>)
10001a08:	689b      	ldr	r3, [r3, #8]
10001a0a:	5199      	str	r1, [r3, r6]
10001a0c:	f3bf 8f5f 	dmb	sy
10001a10:	f3bf 8f5f 	dmb	sy
10001a14:	2200      	movs	r2, #0
10001a16:	4b45      	ldr	r3, [pc, #276]	@ (10001b2c <irq_add_shared_handler+0x1c4>)
10001a18:	601a      	str	r2, [r3, #0]
10001a1a:	f38b 8810 	msr	PRIMASK, fp
10001a1e:	b005      	add	sp, #20
10001a20:	bcf0      	pop	{r4, r5, r6, r7}
10001a22:	46bb      	mov	fp, r7
10001a24:	46b2      	mov	sl, r6
10001a26:	46a9      	mov	r9, r5
10001a28:	46a0      	mov	r8, r4
10001a2a:	bdf0      	pop	{r4, r5, r6, r7, pc}
10001a2c:	2001      	movs	r0, #1
10001a2e:	000a      	movs	r2, r1
10001a30:	4382      	bics	r2, r0
10001a32:	79d3      	ldrb	r3, [r2, #7]
10001a34:	468c      	mov	ip, r1
10001a36:	42bb      	cmp	r3, r7
10001a38:	d831      	bhi.n	10001a9e <irq_add_shared_handler+0x136>
10001a3a:	4645      	mov	r5, r8
10001a3c:	0013      	movs	r3, r2
10001a3e:	4944      	ldr	r1, [pc, #272]	@ (10001b50 <irq_add_shared_handler+0x1e8>)
10001a40:	1b1b      	subs	r3, r3, r4
10001a42:	415b      	adcs	r3, r3
10001a44:	4359      	muls	r1, r3
10001a46:	0d09      	lsrs	r1, r1, #20
10001a48:	4b3d      	ldr	r3, [pc, #244]	@ (10001b40 <irq_add_shared_handler+0x1d8>)
10001a4a:	5363      	strh	r3, [r4, r5]
10001a4c:	4b3d      	ldr	r3, [pc, #244]	@ (10001b44 <irq_add_shared_handler+0x1dc>)
10001a4e:	3502      	adds	r5, #2
10001a50:	1965      	adds	r5, r4, r5
10001a52:	3b04      	subs	r3, #4
10001a54:	1b5b      	subs	r3, r3, r5
10001a56:	051b      	lsls	r3, r3, #20
10001a58:	4d3b      	ldr	r5, [pc, #236]	@ (10001b48 <irq_add_shared_handler+0x1e0>)
10001a5a:	0d5b      	lsrs	r3, r3, #21
10001a5c:	432b      	orrs	r3, r5
10001a5e:	46aa      	mov	sl, r5
10001a60:	464d      	mov	r5, r9
10001a62:	806b      	strh	r3, [r5, #2]
10001a64:	2504      	movs	r5, #4
10001a66:	46ac      	mov	ip, r5
10001a68:	4655      	mov	r5, sl
10001a6a:	44e0      	add	r8, ip
10001a6c:	1f13      	subs	r3, r2, #4
10001a6e:	4444      	add	r4, r8
10001a70:	1b1b      	subs	r3, r3, r4
10001a72:	051b      	lsls	r3, r3, #20
10001a74:	0d5b      	lsrs	r3, r3, #21
10001a76:	431d      	orrs	r5, r3
10001a78:	464b      	mov	r3, r9
10001a7a:	7199      	strb	r1, [r3, #6]
10001a7c:	9900      	ldr	r1, [sp, #0]
10001a7e:	809d      	strh	r5, [r3, #4]
10001a80:	6099      	str	r1, [r3, #8]
10001a82:	4649      	mov	r1, r9
10001a84:	71df      	strb	r7, [r3, #7]
10001a86:	4b33      	ldr	r3, [pc, #204]	@ (10001b54 <irq_add_shared_handler+0x1ec>)
10001a88:	4301      	orrs	r1, r0
10001a8a:	6013      	str	r3, [r2, #0]
10001a8c:	e7bb      	b.n	10001a06 <irq_add_shared_handler+0x9e>
10001a8e:	0058      	lsls	r0, r3, #1
10001a90:	18c0      	adds	r0, r0, r3
10001a92:	0080      	lsls	r0, r0, #2
10001a94:	1820      	adds	r0, r4, r0
10001a96:	79c1      	ldrb	r1, [r0, #7]
10001a98:	42b9      	cmp	r1, r7
10001a9a:	d92f      	bls.n	10001afc <irq_add_shared_handler+0x194>
10001a9c:	0002      	movs	r2, r0
10001a9e:	2306      	movs	r3, #6
10001aa0:	56d3      	ldrsb	r3, [r2, r3]
10001aa2:	2b00      	cmp	r3, #0
10001aa4:	daf3      	bge.n	10001a8e <irq_add_shared_handler+0x126>
10001aa6:	9302      	str	r3, [sp, #8]
10001aa8:	4b2b      	ldr	r3, [pc, #172]	@ (10001b58 <irq_add_shared_handler+0x1f0>)
10001aaa:	4661      	mov	r1, ip
10001aac:	9303      	str	r3, [sp, #12]
10001aae:	1d13      	adds	r3, r2, #4
10001ab0:	469a      	mov	sl, r3
10001ab2:	2304      	movs	r3, #4
10001ab4:	425b      	negs	r3, r3
10001ab6:	469c      	mov	ip, r3
10001ab8:	44e1      	add	r9, ip
10001aba:	4650      	mov	r0, sl
10001abc:	464b      	mov	r3, r9
10001abe:	1a1b      	subs	r3, r3, r0
10001ac0:	051b      	lsls	r3, r3, #20
10001ac2:	0d5b      	lsrs	r3, r3, #21
10001ac4:	469c      	mov	ip, r3
10001ac6:	4b20      	ldr	r3, [pc, #128]	@ (10001b48 <irq_add_shared_handler+0x1e0>)
10001ac8:	7195      	strb	r5, [r2, #6]
10001aca:	4698      	mov	r8, r3
10001acc:	4663      	mov	r3, ip
10001ace:	4640      	mov	r0, r8
10001ad0:	4303      	orrs	r3, r0
10001ad2:	8093      	strh	r3, [r2, #4]
10001ad4:	9b01      	ldr	r3, [sp, #4]
10001ad6:	195a      	adds	r2, r3, r5
10001ad8:	0092      	lsls	r2, r2, #2
10001ada:	9b03      	ldr	r3, [sp, #12]
10001adc:	18a4      	adds	r4, r4, r2
10001ade:	80a3      	strh	r3, [r4, #4]
10001ae0:	9b02      	ldr	r3, [sp, #8]
10001ae2:	4a1c      	ldr	r2, [pc, #112]	@ (10001b54 <irq_add_shared_handler+0x1ec>)
10001ae4:	71a3      	strb	r3, [r4, #6]
10001ae6:	9b00      	ldr	r3, [sp, #0]
10001ae8:	6022      	str	r2, [r4, #0]
10001aea:	71e7      	strb	r7, [r4, #7]
10001aec:	60a3      	str	r3, [r4, #8]
10001aee:	e78a      	b.n	10001a06 <irq_add_shared_handler+0x9e>
10001af0:	f001 f848 	bl	10002b84 <hard_assertion_failure>
10001af4:	2500      	movs	r5, #0
10001af6:	4653      	mov	r3, sl
10001af8:	575d      	ldrsb	r5, [r3, r5]
10001afa:	e74f      	b.n	1000199c <irq_add_shared_handler+0x34>
10001afc:	8890      	ldrh	r0, [r2, #4]
10001afe:	9302      	str	r3, [sp, #8]
10001b00:	0540      	lsls	r0, r0, #21
10001b02:	1d13      	adds	r3, r2, #4
10001b04:	469a      	mov	sl, r3
10001b06:	1503      	asrs	r3, r0, #20
10001b08:	4661      	mov	r1, ip
10001b0a:	469c      	mov	ip, r3
10001b0c:	4640      	mov	r0, r8
10001b0e:	44d4      	add	ip, sl
10001b10:	4663      	mov	r3, ip
10001b12:	3004      	adds	r0, #4
10001b14:	1820      	adds	r0, r4, r0
10001b16:	1a18      	subs	r0, r3, r0
10001b18:	23e0      	movs	r3, #224	@ 0xe0
10001b1a:	0500      	lsls	r0, r0, #20
10001b1c:	0d40      	lsrs	r0, r0, #21
10001b1e:	021b      	lsls	r3, r3, #8
10001b20:	4318      	orrs	r0, r3
10001b22:	9003      	str	r0, [sp, #12]
10001b24:	e7c5      	b.n	10001ab2 <irq_add_shared_handler+0x14a>
10001b26:	f001 f82d 	bl	10002b84 <hard_assertion_failure>
10001b2a:	e74f      	b.n	100019cc <irq_add_shared_handler+0x64>
10001b2c:	d0000124 	.word	0xd0000124
10001b30:	20004270 	.word	0x20004270
10001b34:	200008d4 	.word	0x200008d4
10001b38:	e000ed00 	.word	0xe000ed00
10001b3c:	100001cd 	.word	0x100001cd
10001b40:	ffffa100 	.word	0xffffa100
10001b44:	20000904 	.word	0x20000904
10001b48:	ffffe000 	.word	0xffffe000
10001b4c:	ffffbd01 	.word	0xffffbd01
10001b50:	0000aaaa 	.word	0x0000aaaa
10001b54:	47804801 	.word	0x47804801
10001b58:	0000bd01 	.word	0x0000bd01

10001b5c <irq_remove_handler>:
10001b5c:	b5f0      	push	{r4, r5, r6, r7, lr}
10001b5e:	46de      	mov	lr, fp
10001b60:	4657      	mov	r7, sl
10001b62:	464e      	mov	r6, r9
10001b64:	4645      	mov	r5, r8
10001b66:	b5e0      	push	{r5, r6, r7, lr}
10001b68:	000c      	movs	r4, r1
10001b6a:	b083      	sub	sp, #12
10001b6c:	f3ef 8810 	mrs	r8, PRIMASK
10001b70:	b672      	cpsid	i
10001b72:	4a63      	ldr	r2, [pc, #396]	@ (10001d00 <irq_remove_handler+0x1a4>)
10001b74:	6813      	ldr	r3, [r2, #0]
10001b76:	2b00      	cmp	r3, #0
10001b78:	d0fc      	beq.n	10001b74 <irq_remove_handler+0x18>
10001b7a:	f3bf 8f5f 	dmb	sy
10001b7e:	4b61      	ldr	r3, [pc, #388]	@ (10001d04 <irq_remove_handler+0x1a8>)
10001b80:	4961      	ldr	r1, [pc, #388]	@ (10001d08 <irq_remove_handler+0x1ac>)
10001b82:	689a      	ldr	r2, [r3, #8]
10001b84:	0003      	movs	r3, r0
10001b86:	3310      	adds	r3, #16
10001b88:	009f      	lsls	r7, r3, #2
10001b8a:	59d5      	ldr	r5, [r2, r7]
10001b8c:	9301      	str	r3, [sp, #4]
10001b8e:	428d      	cmp	r5, r1
10001b90:	d043      	beq.n	10001c1a <irq_remove_handler+0xbe>
10001b92:	42a5      	cmp	r5, r4
10001b94:	d054      	beq.n	10001c40 <irq_remove_handler+0xe4>
10001b96:	4e5d      	ldr	r6, [pc, #372]	@ (10001d0c <irq_remove_handler+0x1b0>)
10001b98:	1baa      	subs	r2, r5, r6
10001b9a:	2a2f      	cmp	r2, #47	@ 0x2f
10001b9c:	d83d      	bhi.n	10001c1a <irq_remove_handler+0xbe>
10001b9e:	4b5c      	ldr	r3, [pc, #368]	@ (10001d10 <irq_remove_handler+0x1b4>)
10001ba0:	469b      	mov	fp, r3
10001ba2:	681b      	ldr	r3, [r3, #0]
10001ba4:	4699      	mov	r9, r3
10001ba6:	2301      	movs	r3, #1
10001ba8:	001a      	movs	r2, r3
10001baa:	469c      	mov	ip, r3
10001bac:	4082      	lsls	r2, r0
10001bae:	464b      	mov	r3, r9
10001bb0:	4013      	ands	r3, r2
10001bb2:	221f      	movs	r2, #31
10001bb4:	4699      	mov	r9, r3
10001bb6:	4663      	mov	r3, ip
10001bb8:	4002      	ands	r2, r0
10001bba:	4093      	lsls	r3, r2
10001bbc:	469a      	mov	sl, r3
10001bbe:	2280      	movs	r2, #128	@ 0x80
10001bc0:	465b      	mov	r3, fp
10001bc2:	4650      	mov	r0, sl
10001bc4:	5098      	str	r0, [r3, r2]
10001bc6:	f3bf 8f5f 	dmb	sy
10001bca:	f3ef 8305 	mrs	r3, IPSR
10001bce:	469b      	mov	fp, r3
10001bd0:	2b00      	cmp	r3, #0
10001bd2:	d037      	beq.n	10001c44 <irq_remove_handler+0xe8>
10001bd4:	9b01      	ldr	r3, [sp, #4]
10001bd6:	455b      	cmp	r3, fp
10001bd8:	d001      	beq.n	10001bde <irq_remove_handler+0x82>
10001bda:	f000 ffd3 	bl	10002b84 <hard_assertion_failure>
10001bde:	2301      	movs	r3, #1
10001be0:	002a      	movs	r2, r5
10001be2:	439a      	bics	r2, r3
10001be4:	6890      	ldr	r0, [r2, #8]
10001be6:	4284      	cmp	r4, r0
10001be8:	d108      	bne.n	10001bfc <irq_remove_handler+0xa0>
10001bea:	e076      	b.n	10001cda <irq_remove_handler+0x17e>
10001bec:	004b      	lsls	r3, r1, #1
10001bee:	185b      	adds	r3, r3, r1
10001bf0:	009b      	lsls	r3, r3, #2
10001bf2:	18f3      	adds	r3, r6, r3
10001bf4:	6898      	ldr	r0, [r3, #8]
10001bf6:	4284      	cmp	r4, r0
10001bf8:	d036      	beq.n	10001c68 <irq_remove_handler+0x10c>
10001bfa:	001a      	movs	r2, r3
10001bfc:	2106      	movs	r1, #6
10001bfe:	5651      	ldrsb	r1, [r2, r1]
10001c00:	2900      	cmp	r1, #0
10001c02:	daf3      	bge.n	10001bec <irq_remove_handler+0x90>
10001c04:	4284      	cmp	r4, r0
10001c06:	d054      	beq.n	10001cb2 <irq_remove_handler+0x156>
10001c08:	464b      	mov	r3, r9
10001c0a:	2b00      	cmp	r3, #0
10001c0c:	d027      	beq.n	10001c5e <irq_remove_handler+0x102>
10001c0e:	22c0      	movs	r2, #192	@ 0xc0
10001c10:	4651      	mov	r1, sl
10001c12:	4b3f      	ldr	r3, [pc, #252]	@ (10001d10 <irq_remove_handler+0x1b4>)
10001c14:	0052      	lsls	r2, r2, #1
10001c16:	5099      	str	r1, [r3, r2]
10001c18:	6019      	str	r1, [r3, #0]
10001c1a:	4b3a      	ldr	r3, [pc, #232]	@ (10001d04 <irq_remove_handler+0x1a8>)
10001c1c:	689b      	ldr	r3, [r3, #8]
10001c1e:	51dd      	str	r5, [r3, r7]
10001c20:	f3bf 8f5f 	dmb	sy
10001c24:	f3bf 8f5f 	dmb	sy
10001c28:	2200      	movs	r2, #0
10001c2a:	4b35      	ldr	r3, [pc, #212]	@ (10001d00 <irq_remove_handler+0x1a4>)
10001c2c:	601a      	str	r2, [r3, #0]
10001c2e:	f388 8810 	msr	PRIMASK, r8
10001c32:	b003      	add	sp, #12
10001c34:	bcf0      	pop	{r4, r5, r6, r7}
10001c36:	46bb      	mov	fp, r7
10001c38:	46b2      	mov	sl, r6
10001c3a:	46a9      	mov	r9, r5
10001c3c:	46a0      	mov	r8, r4
10001c3e:	bdf0      	pop	{r4, r5, r6, r7, pc}
10001c40:	000d      	movs	r5, r1
10001c42:	e7ea      	b.n	10001c1a <irq_remove_handler+0xbe>
10001c44:	002a      	movs	r2, r5
10001c46:	4663      	mov	r3, ip
10001c48:	439a      	bics	r2, r3
10001c4a:	6890      	ldr	r0, [r2, #8]
10001c4c:	4284      	cmp	r4, r0
10001c4e:	d1d5      	bne.n	10001bfc <irq_remove_handler+0xa0>
10001c50:	2006      	movs	r0, #6
10001c52:	5610      	ldrsb	r0, [r2, r0]
10001c54:	0013      	movs	r3, r2
10001c56:	2800      	cmp	r0, #0
10001c58:	da0a      	bge.n	10001c70 <irq_remove_handler+0x114>
10001c5a:	000d      	movs	r5, r1
10001c5c:	e031      	b.n	10001cc2 <irq_remove_handler+0x166>
10001c5e:	2380      	movs	r3, #128	@ 0x80
10001c60:	4651      	mov	r1, sl
10001c62:	4a2b      	ldr	r2, [pc, #172]	@ (10001d10 <irq_remove_handler+0x1b4>)
10001c64:	50d1      	str	r1, [r2, r3]
10001c66:	e7d8      	b.n	10001c1a <irq_remove_handler+0xbe>
10001c68:	2006      	movs	r0, #6
10001c6a:	5618      	ldrsb	r0, [r3, r0]
10001c6c:	2800      	cmp	r0, #0
10001c6e:	db21      	blt.n	10001cb4 <irq_remove_handler+0x158>
10001c70:	0042      	lsls	r2, r0, #1
10001c72:	1811      	adds	r1, r2, r0
10001c74:	0089      	lsls	r1, r1, #2
10001c76:	1874      	adds	r4, r6, r1
10001c78:	468b      	mov	fp, r1
10001c7a:	68a1      	ldr	r1, [r4, #8]
10001c7c:	6099      	str	r1, [r3, #8]
10001c7e:	79e1      	ldrb	r1, [r4, #7]
10001c80:	71d9      	strb	r1, [r3, #7]
10001c82:	2106      	movs	r1, #6
10001c84:	5661      	ldrsb	r1, [r4, r1]
10001c86:	7199      	strb	r1, [r3, #6]
10001c88:	2900      	cmp	r1, #0
10001c8a:	db24      	blt.n	10001cd6 <irq_remove_handler+0x17a>
10001c8c:	88a4      	ldrh	r4, [r4, #4]
10001c8e:	1af1      	subs	r1, r6, r3
10001c90:	0564      	lsls	r4, r4, #21
10001c92:	1524      	asrs	r4, r4, #20
10001c94:	445c      	add	r4, fp
10001c96:	1909      	adds	r1, r1, r4
10001c98:	0509      	lsls	r1, r1, #20
10001c9a:	4c1e      	ldr	r4, [pc, #120]	@ (10001d14 <irq_remove_handler+0x1b8>)
10001c9c:	0d49      	lsrs	r1, r1, #21
10001c9e:	4321      	orrs	r1, r4
10001ca0:	8099      	strh	r1, [r3, #4]
10001ca2:	1813      	adds	r3, r2, r0
10001ca4:	4a1c      	ldr	r2, [pc, #112]	@ (10001d18 <irq_remove_handler+0x1bc>)
10001ca6:	009b      	lsls	r3, r3, #2
10001ca8:	7811      	ldrb	r1, [r2, #0]
10001caa:	18f3      	adds	r3, r6, r3
10001cac:	7199      	strb	r1, [r3, #6]
10001cae:	7010      	strb	r0, [r2, #0]
10001cb0:	e7aa      	b.n	10001c08 <irq_remove_handler+0xac>
10001cb2:	0013      	movs	r3, r2
10001cb4:	4659      	mov	r1, fp
10001cb6:	2900      	cmp	r1, #0
10001cb8:	d114      	bne.n	10001ce4 <irq_remove_handler+0x188>
10001cba:	31ff      	adds	r1, #255	@ 0xff
10001cbc:	7191      	strb	r1, [r2, #6]
10001cbe:	4917      	ldr	r1, [pc, #92]	@ (10001d1c <irq_remove_handler+0x1c0>)
10001cc0:	8091      	strh	r1, [r2, #4]
10001cc2:	4915      	ldr	r1, [pc, #84]	@ (10001d18 <irq_remove_handler+0x1bc>)
10001cc4:	780a      	ldrb	r2, [r1, #0]
10001cc6:	719a      	strb	r2, [r3, #6]
10001cc8:	4a15      	ldr	r2, [pc, #84]	@ (10001d20 <irq_remove_handler+0x1c4>)
10001cca:	1b9b      	subs	r3, r3, r6
10001ccc:	415b      	adcs	r3, r3
10001cce:	435a      	muls	r2, r3
10001cd0:	0d12      	lsrs	r2, r2, #20
10001cd2:	700a      	strb	r2, [r1, #0]
10001cd4:	e798      	b.n	10001c08 <irq_remove_handler+0xac>
10001cd6:	4911      	ldr	r1, [pc, #68]	@ (10001d1c <irq_remove_handler+0x1c0>)
10001cd8:	e7e2      	b.n	10001ca0 <irq_remove_handler+0x144>
10001cda:	2006      	movs	r0, #6
10001cdc:	5610      	ldrsb	r0, [r2, r0]
10001cde:	0013      	movs	r3, r2
10001ce0:	2800      	cmp	r0, #0
10001ce2:	dac5      	bge.n	10001c70 <irq_remove_handler+0x114>
10001ce4:	4a0f      	ldr	r2, [pc, #60]	@ (10001d24 <irq_remove_handler+0x1c8>)
10001ce6:	4910      	ldr	r1, [pc, #64]	@ (10001d28 <irq_remove_handler+0x1cc>)
10001ce8:	1ad2      	subs	r2, r2, r3
10001cea:	3a08      	subs	r2, #8
10001cec:	0250      	lsls	r0, r2, #9
10001cee:	0d40      	lsrs	r0, r0, #21
10001cf0:	4301      	orrs	r1, r0
10001cf2:	8099      	strh	r1, [r3, #4]
10001cf4:	490d      	ldr	r1, [pc, #52]	@ (10001d2c <irq_remove_handler+0x1d0>)
10001cf6:	0852      	lsrs	r2, r2, #1
10001cf8:	430a      	orrs	r2, r1
10001cfa:	80da      	strh	r2, [r3, #6]
10001cfc:	e784      	b.n	10001c08 <irq_remove_handler+0xac>
10001cfe:	46c0      	nop			@ (mov r8, r8)
10001d00:	d0000124 	.word	0xd0000124
10001d04:	e000ed00 	.word	0xe000ed00
10001d08:	100001cd 	.word	0x100001cd
10001d0c:	200008d4 	.word	0x200008d4
10001d10:	e000e100 	.word	0xe000e100
10001d14:	ffffe000 	.word	0xffffe000
10001d18:	20004270 	.word	0x20004270
10001d1c:	ffffbd01 	.word	0xffffbd01
10001d20:	0000aaaa 	.word	0x0000aaaa
10001d24:	2000090e 	.word	0x2000090e
10001d28:	fffff000 	.word	0xfffff000
10001d2c:	fffff800 	.word	0xfffff800

10001d30 <irq_add_tail_to_free_list>:
10001d30:	b570      	push	{r4, r5, r6, lr}
10001d32:	2401      	movs	r4, #1
10001d34:	4304      	orrs	r4, r0
10001d36:	f3ef 8105 	mrs	r1, IPSR
10001d3a:	f3ef 8c10 	mrs	ip, PRIMASK
10001d3e:	b672      	cpsid	i
10001d40:	4a21      	ldr	r2, [pc, #132]	@ (10001dc8 <irq_add_tail_to_free_list+0x98>)
10001d42:	6813      	ldr	r3, [r2, #0]
10001d44:	2b00      	cmp	r3, #0
10001d46:	d0fc      	beq.n	10001d42 <irq_add_tail_to_free_list+0x12>
10001d48:	f3bf 8f5f 	dmb	sy
10001d4c:	4b1f      	ldr	r3, [pc, #124]	@ (10001dcc <irq_add_tail_to_free_list+0x9c>)
10001d4e:	0005      	movs	r5, r0
10001d50:	4a1f      	ldr	r2, [pc, #124]	@ (10001dd0 <irq_add_tail_to_free_list+0xa0>)
10001d52:	1aed      	subs	r5, r5, r3
10001d54:	416d      	adcs	r5, r5
10001d56:	436a      	muls	r2, r5
10001d58:	0d12      	lsrs	r2, r2, #20
10001d5a:	4d1e      	ldr	r5, [pc, #120]	@ (10001dd4 <irq_add_tail_to_free_list+0xa4>)
10001d5c:	0089      	lsls	r1, r1, #2
10001d5e:	68ae      	ldr	r6, [r5, #8]
10001d60:	b252      	sxtb	r2, r2
10001d62:	5876      	ldr	r6, [r6, r1]
10001d64:	42a6      	cmp	r6, r4
10001d66:	d01c      	beq.n	10001da2 <irq_add_tail_to_free_list+0x72>
10001d68:	2106      	movs	r1, #6
10001d6a:	5659      	ldrsb	r1, [r3, r1]
10001d6c:	4291      	cmp	r1, r2
10001d6e:	d01c      	beq.n	10001daa <irq_add_tail_to_free_list+0x7a>
10001d70:	2112      	movs	r1, #18
10001d72:	5659      	ldrsb	r1, [r3, r1]
10001d74:	4291      	cmp	r1, r2
10001d76:	d022      	beq.n	10001dbe <irq_add_tail_to_free_list+0x8e>
10001d78:	211e      	movs	r1, #30
10001d7a:	5659      	ldrsb	r1, [r3, r1]
10001d7c:	4291      	cmp	r1, r2
10001d7e:	d020      	beq.n	10001dc2 <irq_add_tail_to_free_list+0x92>
10001d80:	212a      	movs	r1, #42	@ 0x2a
10001d82:	5659      	ldrsb	r1, [r3, r1]
10001d84:	2403      	movs	r4, #3
10001d86:	4291      	cmp	r1, r2
10001d88:	d010      	beq.n	10001dac <irq_add_tail_to_free_list+0x7c>
10001d8a:	4b13      	ldr	r3, [pc, #76]	@ (10001dd8 <irq_add_tail_to_free_list+0xa8>)
10001d8c:	7819      	ldrb	r1, [r3, #0]
10001d8e:	701a      	strb	r2, [r3, #0]
10001d90:	7181      	strb	r1, [r0, #6]
10001d92:	f3bf 8f5f 	dmb	sy
10001d96:	2200      	movs	r2, #0
10001d98:	4b0b      	ldr	r3, [pc, #44]	@ (10001dc8 <irq_add_tail_to_free_list+0x98>)
10001d9a:	601a      	str	r2, [r3, #0]
10001d9c:	f38c 8810 	msr	PRIMASK, ip
10001da0:	bd70      	pop	{r4, r5, r6, pc}
10001da2:	68ab      	ldr	r3, [r5, #8]
10001da4:	4c0d      	ldr	r4, [pc, #52]	@ (10001ddc <irq_add_tail_to_free_list+0xac>)
10001da6:	505c      	str	r4, [r3, r1]
10001da8:	e7ef      	b.n	10001d8a <irq_add_tail_to_free_list+0x5a>
10001daa:	2400      	movs	r4, #0
10001dac:	0061      	lsls	r1, r4, #1
10001dae:	1909      	adds	r1, r1, r4
10001db0:	0089      	lsls	r1, r1, #2
10001db2:	185b      	adds	r3, r3, r1
10001db4:	21ff      	movs	r1, #255	@ 0xff
10001db6:	7199      	strb	r1, [r3, #6]
10001db8:	4909      	ldr	r1, [pc, #36]	@ (10001de0 <irq_add_tail_to_free_list+0xb0>)
10001dba:	8099      	strh	r1, [r3, #4]
10001dbc:	e7e5      	b.n	10001d8a <irq_add_tail_to_free_list+0x5a>
10001dbe:	2401      	movs	r4, #1
10001dc0:	e7f4      	b.n	10001dac <irq_add_tail_to_free_list+0x7c>
10001dc2:	2402      	movs	r4, #2
10001dc4:	e7f2      	b.n	10001dac <irq_add_tail_to_free_list+0x7c>
10001dc6:	46c0      	nop			@ (mov r8, r8)
10001dc8:	d0000124 	.word	0xd0000124
10001dcc:	200008d4 	.word	0x200008d4
10001dd0:	0000aaaa 	.word	0x0000aaaa
10001dd4:	e000ed00 	.word	0xe000ed00
10001dd8:	20004270 	.word	0x20004270
10001ddc:	100001cd 	.word	0x100001cd
10001de0:	ffffbd01 	.word	0xffffbd01

10001de4 <lock_init>:
10001de4:	4b02      	ldr	r3, [pc, #8]	@ (10001df0 <lock_init+0xc>)
10001de6:	469c      	mov	ip, r3
10001de8:	4461      	add	r1, ip
10001dea:	0089      	lsls	r1, r1, #2
10001dec:	6001      	str	r1, [r0, #0]
10001dee:	4770      	bx	lr
10001df0:	34000040 	.word	0x34000040

10001df4 <runtime_init_mutex>:
10001df4:	b570      	push	{r4, r5, r6, lr}
10001df6:	4c11      	ldr	r4, [pc, #68]	@ (10001e3c <runtime_init_mutex+0x48>)
10001df8:	4d11      	ldr	r5, [pc, #68]	@ (10001e40 <runtime_init_mutex+0x4c>)
10001dfa:	42ac      	cmp	r4, r5
10001dfc:	d20f      	bcs.n	10001e1e <runtime_init_mutex+0x2a>
10001dfe:	26ff      	movs	r6, #255	@ 0xff
10001e00:	6823      	ldr	r3, [r4, #0]
10001e02:	2b00      	cmp	r3, #0
10001e04:	d00c      	beq.n	10001e20 <runtime_init_mutex+0x2c>
10001e06:	f7ff fd35 	bl	10001874 <next_striped_spin_lock_num>
10001e0a:	0001      	movs	r1, r0
10001e0c:	0020      	movs	r0, r4
10001e0e:	f7ff ffe9 	bl	10001de4 <lock_init>
10001e12:	80a6      	strh	r6, [r4, #4]
10001e14:	f3bf 8f5f 	dmb	sy
10001e18:	3408      	adds	r4, #8
10001e1a:	42ac      	cmp	r4, r5
10001e1c:	d3f0      	bcc.n	10001e00 <runtime_init_mutex+0xc>
10001e1e:	bd70      	pop	{r4, r5, r6, pc}
10001e20:	f7ff fd28 	bl	10001874 <next_striped_spin_lock_num>
10001e24:	0001      	movs	r1, r0
10001e26:	0020      	movs	r0, r4
10001e28:	f7ff ffdc 	bl	10001de4 <lock_init>
10001e2c:	7126      	strb	r6, [r4, #4]
10001e2e:	f3bf 8f5f 	dmb	sy
10001e32:	3408      	adds	r4, #8
10001e34:	42ac      	cmp	r4, r5
10001e36:	d3e3      	bcc.n	10001e00 <runtime_init_mutex+0xc>
10001e38:	e7f1      	b.n	10001e1e <runtime_init_mutex+0x2a>
10001e3a:	46c0      	nop			@ (mov r8, r8)
10001e3c:	20000f00 	.word	0x20000f00
10001e40:	20000f08 	.word	0x20000f08

10001e44 <mutex_init>:
10001e44:	b510      	push	{r4, lr}
10001e46:	0004      	movs	r4, r0
10001e48:	f7ff fd14 	bl	10001874 <next_striped_spin_lock_num>
10001e4c:	0001      	movs	r1, r0
10001e4e:	0020      	movs	r0, r4
10001e50:	f7ff ffc8 	bl	10001de4 <lock_init>
10001e54:	23ff      	movs	r3, #255	@ 0xff
10001e56:	7123      	strb	r3, [r4, #4]
10001e58:	f3bf 8f5f 	dmb	sy
10001e5c:	bd10      	pop	{r4, pc}
10001e5e:	46c0      	nop			@ (mov r8, r8)

10001e60 <critical_section_init>:
10001e60:	b510      	push	{r4, lr}
10001e62:	0004      	movs	r4, r0
10001e64:	2001      	movs	r0, #1
10001e66:	f7ff fd11 	bl	1000188c <spin_lock_claim_unused>
10001e6a:	4b03      	ldr	r3, [pc, #12]	@ (10001e78 <critical_section_init+0x18>)
10001e6c:	18c3      	adds	r3, r0, r3
10001e6e:	009b      	lsls	r3, r3, #2
10001e70:	6023      	str	r3, [r4, #0]
10001e72:	f3bf 8f5f 	dmb	sy
10001e76:	bd10      	pop	{r4, pc}
10001e78:	34000040 	.word	0x34000040

10001e7c <sleep_until_callback>:
10001e7c:	4b0a      	ldr	r3, [pc, #40]	@ (10001ea8 <sleep_until_callback+0x2c>)
10001e7e:	6819      	ldr	r1, [r3, #0]
10001e80:	f3ef 8010 	mrs	r0, PRIMASK
10001e84:	b672      	cpsid	i
10001e86:	680a      	ldr	r2, [r1, #0]
10001e88:	2a00      	cmp	r2, #0
10001e8a:	d0fc      	beq.n	10001e86 <sleep_until_callback+0xa>
10001e8c:	f3bf 8f5f 	dmb	sy
10001e90:	681b      	ldr	r3, [r3, #0]
10001e92:	f3bf 8f5f 	dmb	sy
10001e96:	2200      	movs	r2, #0
10001e98:	601a      	str	r2, [r3, #0]
10001e9a:	f380 8810 	msr	PRIMASK, r0
10001e9e:	bf40      	sev
10001ea0:	2000      	movs	r0, #0
10001ea2:	2100      	movs	r1, #0
10001ea4:	4770      	bx	lr
10001ea6:	46c0      	nop			@ (mov r8, r8)
10001ea8:	2000424c 	.word	0x2000424c

10001eac <alarm_pool_irq_handler>:
10001eac:	b5f0      	push	{r4, r5, r6, r7, lr}
10001eae:	46de      	mov	lr, fp
10001eb0:	4657      	mov	r7, sl
10001eb2:	464e      	mov	r6, r9
10001eb4:	4645      	mov	r5, r8
10001eb6:	b5e0      	push	{r5, r6, r7, lr}
10001eb8:	b087      	sub	sp, #28
10001eba:	f3ef 8305 	mrs	r3, IPSR
10001ebe:	2203      	movs	r2, #3
10001ec0:	2501      	movs	r5, #1
10001ec2:	401a      	ands	r2, r3
10001ec4:	4095      	lsls	r5, r2
10001ec6:	0091      	lsls	r1, r2, #2
10001ec8:	4688      	mov	r8, r1
10001eca:	46a9      	mov	r9, r5
10001ecc:	4bb3      	ldr	r3, [pc, #716]	@ (1000219c <alarm_pool_irq_handler+0x2f0>)
10001ece:	9203      	str	r2, [sp, #12]
10001ed0:	585c      	ldr	r4, [r3, r1]
10001ed2:	4bb3      	ldr	r3, [pc, #716]	@ (100021a0 <alarm_pool_irq_handler+0x2f4>)
10001ed4:	601d      	str	r5, [r3, #0]
10001ed6:	4bb3      	ldr	r3, [pc, #716]	@ (100021a4 <alarm_pool_irq_handler+0x2f8>)
10001ed8:	9304      	str	r3, [sp, #16]
10001eda:	464b      	mov	r3, r9
10001edc:	48b2      	ldr	r0, [pc, #712]	@ (100021a8 <alarm_pool_irq_handler+0x2fc>)
10001ede:	6343      	str	r3, [r0, #52]	@ 0x34
10001ee0:	2308      	movs	r3, #8
10001ee2:	5ee5      	ldrsh	r5, [r4, r3]
10001ee4:	2d00      	cmp	r5, #0
10001ee6:	da37      	bge.n	10001f58 <alarm_pool_irq_handler+0xac>
10001ee8:	88a3      	ldrh	r3, [r4, #4]
10001eea:	b21b      	sxth	r3, r3
10001eec:	2b00      	cmp	r3, #0
10001eee:	db00      	blt.n	10001ef2 <alarm_pool_irq_handler+0x46>
10001ef0:	e0ad      	b.n	1000204e <alarm_pool_irq_handler+0x1a2>
10001ef2:	79a3      	ldrb	r3, [r4, #6]
10001ef4:	2b00      	cmp	r3, #0
10001ef6:	d000      	beq.n	10001efa <alarm_pool_irq_handler+0x4e>
10001ef8:	e0ee      	b.n	100020d8 <alarm_pool_irq_handler+0x22c>
10001efa:	2308      	movs	r3, #8
10001efc:	5ee0      	ldrsh	r0, [r4, r3]
10001efe:	2800      	cmp	r0, #0
10001f00:	db20      	blt.n	10001f44 <alarm_pool_irq_handler+0x98>
10001f02:	0043      	lsls	r3, r0, #1
10001f04:	6962      	ldr	r2, [r4, #20]
10001f06:	181b      	adds	r3, r3, r0
10001f08:	00db      	lsls	r3, r3, #3
10001f0a:	18d3      	adds	r3, r2, r3
10001f0c:	689e      	ldr	r6, [r3, #8]
10001f0e:	68dd      	ldr	r5, [r3, #12]
10001f10:	1c73      	adds	r3, r6, #1
10001f12:	d100      	bne.n	10001f16 <alarm_pool_irq_handler+0x6a>
10001f14:	e111      	b.n	1000213a <alarm_pool_irq_handler+0x28e>
10001f16:	48a4      	ldr	r0, [pc, #656]	@ (100021a8 <alarm_pool_irq_handler+0x2fc>)
10001f18:	0001      	movs	r1, r0
10001f1a:	4441      	add	r1, r8
10001f1c:	6a82      	ldr	r2, [r0, #40]	@ 0x28
10001f1e:	690b      	ldr	r3, [r1, #16]
10001f20:	1ab7      	subs	r7, r6, r2
10001f22:	1a9b      	subs	r3, r3, r2
10001f24:	429f      	cmp	r7, r3
10001f26:	d315      	bcc.n	10001f54 <alarm_pool_irq_handler+0xa8>
10001f28:	2301      	movs	r3, #1
10001f2a:	6a02      	ldr	r2, [r0, #32]
10001f2c:	9803      	ldr	r0, [sp, #12]
10001f2e:	4083      	lsls	r3, r0
10001f30:	421a      	tst	r2, r3
10001f32:	d00f      	beq.n	10001f54 <alarm_pool_irq_handler+0xa8>
10001f34:	489c      	ldr	r0, [pc, #624]	@ (100021a8 <alarm_pool_irq_handler+0x2fc>)
10001f36:	f000 fb47 	bl	100025c8 <timer_time_us_64>
10001f3a:	428d      	cmp	r5, r1
10001f3c:	dc02      	bgt.n	10001f44 <alarm_pool_irq_handler+0x98>
10001f3e:	d1cc      	bne.n	10001eda <alarm_pool_irq_handler+0x2e>
10001f40:	4286      	cmp	r6, r0
10001f42:	d9ca      	bls.n	10001eda <alarm_pool_irq_handler+0x2e>
10001f44:	bf40      	sev
10001f46:	b007      	add	sp, #28
10001f48:	bcf0      	pop	{r4, r5, r6, r7}
10001f4a:	46bb      	mov	fp, r7
10001f4c:	46b2      	mov	sl, r6
10001f4e:	46a9      	mov	r9, r5
10001f50:	46a0      	mov	r8, r4
10001f52:	bdf0      	pop	{r4, r5, r6, r7, pc}
10001f54:	610e      	str	r6, [r1, #16]
10001f56:	e7ed      	b.n	10001f34 <alarm_pool_irq_handler+0x88>
10001f58:	6962      	ldr	r2, [r4, #20]
10001f5a:	006b      	lsls	r3, r5, #1
10001f5c:	4692      	mov	sl, r2
10001f5e:	195b      	adds	r3, r3, r5
10001f60:	00db      	lsls	r3, r3, #3
10001f62:	449a      	add	sl, r3
10001f64:	4653      	mov	r3, sl
10001f66:	689e      	ldr	r6, [r3, #8]
10001f68:	68df      	ldr	r7, [r3, #12]
10001f6a:	f000 fb2d 	bl	100025c8 <timer_time_us_64>
10001f6e:	428f      	cmp	r7, r1
10001f70:	dcba      	bgt.n	10001ee8 <alarm_pool_irq_handler+0x3c>
10001f72:	d100      	bne.n	10001f76 <alarm_pool_irq_handler+0xca>
10001f74:	e103      	b.n	1000217e <alarm_pool_irq_handler+0x2d2>
10001f76:	2f00      	cmp	r7, #0
10001f78:	da00      	bge.n	10001f7c <alarm_pool_irq_handler+0xd0>
10001f7a:	e0e8      	b.n	1000214e <alarm_pool_irq_handler+0x2a2>
10001f7c:	4652      	mov	r2, sl
10001f7e:	4653      	mov	r3, sl
10001f80:	6952      	ldr	r2, [r2, #20]
10001f82:	691b      	ldr	r3, [r3, #16]
10001f84:	4693      	mov	fp, r2
10001f86:	9a04      	ldr	r2, [sp, #16]
10001f88:	4293      	cmp	r3, r2
10001f8a:	d100      	bne.n	10001f8e <alarm_pool_irq_handler+0xe2>
10001f8c:	e0d9      	b.n	10002142 <alarm_pool_irq_handler+0x296>
10001f8e:	4652      	mov	r2, sl
10001f90:	2108      	movs	r1, #8
10001f92:	5e60      	ldrsh	r0, [r4, r1]
10001f94:	8852      	ldrh	r2, [r2, #2]
10001f96:	0400      	lsls	r0, r0, #16
10001f98:	4659      	mov	r1, fp
10001f9a:	4310      	orrs	r0, r2
10001f9c:	4798      	blx	r3
10001f9e:	9000      	str	r0, [sp, #0]
10001fa0:	9101      	str	r1, [sp, #4]
10001fa2:	9900      	ldr	r1, [sp, #0]
10001fa4:	9a01      	ldr	r2, [sp, #4]
10001fa6:	000b      	movs	r3, r1
10001fa8:	0010      	movs	r0, r2
10001faa:	4313      	orrs	r3, r2
10001fac:	d100      	bne.n	10001fb0 <alarm_pool_irq_handler+0x104>
10001fae:	e0ce      	b.n	1000214e <alarm_pool_irq_handler+0x2a2>
10001fb0:	0013      	movs	r3, r2
10001fb2:	000a      	movs	r2, r1
10001fb4:	1ab6      	subs	r6, r6, r2
10001fb6:	419f      	sbcs	r7, r3
10001fb8:	2800      	cmp	r0, #0
10001fba:	db06      	blt.n	10001fca <alarm_pool_irq_handler+0x11e>
10001fbc:	487a      	ldr	r0, [pc, #488]	@ (100021a8 <alarm_pool_irq_handler+0x2fc>)
10001fbe:	f000 fb03 	bl	100025c8 <timer_time_us_64>
10001fc2:	9e00      	ldr	r6, [sp, #0]
10001fc4:	9f01      	ldr	r7, [sp, #4]
10001fc6:	1836      	adds	r6, r6, r0
10001fc8:	414f      	adcs	r7, r1
10001fca:	4653      	mov	r3, sl
10001fcc:	609e      	str	r6, [r3, #8]
10001fce:	60df      	str	r7, [r3, #12]
10001fd0:	2200      	movs	r2, #0
10001fd2:	5e9a      	ldrsh	r2, [r3, r2]
10001fd4:	2a00      	cmp	r2, #0
10001fd6:	da00      	bge.n	10001fda <alarm_pool_irq_handler+0x12e>
10001fd8:	e786      	b.n	10001ee8 <alarm_pool_irq_handler+0x3c>
10001fda:	0053      	lsls	r3, r2, #1
10001fdc:	1899      	adds	r1, r3, r2
10001fde:	6960      	ldr	r0, [r4, #20]
10001fe0:	00c9      	lsls	r1, r1, #3
10001fe2:	1841      	adds	r1, r0, r1
10001fe4:	9302      	str	r3, [sp, #8]
10001fe6:	688b      	ldr	r3, [r1, #8]
10001fe8:	68c9      	ldr	r1, [r1, #12]
10001fea:	469b      	mov	fp, r3
10001fec:	42b9      	cmp	r1, r7
10001fee:	dd00      	ble.n	10001ff2 <alarm_pool_irq_handler+0x146>
10001ff0:	e77a      	b.n	10001ee8 <alarm_pool_irq_handler+0x3c>
10001ff2:	d102      	bne.n	10001ffa <alarm_pool_irq_handler+0x14e>
10001ff4:	42b3      	cmp	r3, r6
10001ff6:	d900      	bls.n	10001ffa <alarm_pool_irq_handler+0x14e>
10001ff8:	e776      	b.n	10001ee8 <alarm_pool_irq_handler+0x3c>
10001ffa:	2308      	movs	r3, #8
10001ffc:	469c      	mov	ip, r3
10001ffe:	44a4      	add	ip, r4
10002000:	9505      	str	r5, [sp, #20]
10002002:	4665      	mov	r5, ip
10002004:	8122      	strh	r2, [r4, #8]
10002006:	46a4      	mov	ip, r4
10002008:	9b02      	ldr	r3, [sp, #8]
1000200a:	002c      	movs	r4, r5
1000200c:	e006      	b.n	1000201c <alarm_pool_irq_handler+0x170>
1000200e:	0053      	lsls	r3, r2, #1
10002010:	1899      	adds	r1, r3, r2
10002012:	00c9      	lsls	r1, r1, #3
10002014:	1841      	adds	r1, r0, r1
10002016:	688d      	ldr	r5, [r1, #8]
10002018:	68c9      	ldr	r1, [r1, #12]
1000201a:	46ab      	mov	fp, r5
1000201c:	189b      	adds	r3, r3, r2
1000201e:	00db      	lsls	r3, r3, #3
10002020:	18c3      	adds	r3, r0, r3
10002022:	42b9      	cmp	r1, r7
10002024:	dc06      	bgt.n	10002034 <alarm_pool_irq_handler+0x188>
10002026:	d100      	bne.n	1000202a <alarm_pool_irq_handler+0x17e>
10002028:	e0b3      	b.n	10002192 <alarm_pool_irq_handler+0x2e6>
1000202a:	001c      	movs	r4, r3
1000202c:	2300      	movs	r3, #0
1000202e:	5ee2      	ldrsh	r2, [r4, r3]
10002030:	2a00      	cmp	r2, #0
10002032:	daec      	bge.n	1000200e <alarm_pool_irq_handler+0x162>
10002034:	0023      	movs	r3, r4
10002036:	4664      	mov	r4, ip
10002038:	469c      	mov	ip, r3
1000203a:	4653      	mov	r3, sl
1000203c:	801a      	strh	r2, [r3, #0]
1000203e:	4663      	mov	r3, ip
10002040:	9d05      	ldr	r5, [sp, #20]
10002042:	801d      	strh	r5, [r3, #0]
10002044:	88a3      	ldrh	r3, [r4, #4]
10002046:	b21b      	sxth	r3, r3
10002048:	2b00      	cmp	r3, #0
1000204a:	da00      	bge.n	1000204e <alarm_pool_irq_handler+0x1a2>
1000204c:	e751      	b.n	10001ef2 <alarm_pool_irq_handler+0x46>
1000204e:	6922      	ldr	r2, [r4, #16]
10002050:	f3ef 8110 	mrs	r1, PRIMASK
10002054:	b672      	cpsid	i
10002056:	6813      	ldr	r3, [r2, #0]
10002058:	2b00      	cmp	r3, #0
1000205a:	d0fc      	beq.n	10002056 <alarm_pool_irq_handler+0x1aa>
1000205c:	f3bf 8f5f 	dmb	sy
10002060:	2301      	movs	r3, #1
10002062:	88a7      	ldrh	r7, [r4, #4]
10002064:	425b      	negs	r3, r3
10002066:	80a3      	strh	r3, [r4, #4]
10002068:	b23f      	sxth	r7, r7
1000206a:	6923      	ldr	r3, [r4, #16]
1000206c:	f3bf 8f5f 	dmb	sy
10002070:	2200      	movs	r2, #0
10002072:	601a      	str	r2, [r3, #0]
10002074:	f381 8810 	msr	PRIMASK, r1
10002078:	2f00      	cmp	r7, #0
1000207a:	da00      	bge.n	1000207e <alarm_pool_irq_handler+0x1d2>
1000207c:	e739      	b.n	10001ef2 <alarm_pool_irq_handler+0x46>
1000207e:	0023      	movs	r3, r4
10002080:	3308      	adds	r3, #8
10002082:	0022      	movs	r2, r4
10002084:	469a      	mov	sl, r3
10002086:	6966      	ldr	r6, [r4, #20]
10002088:	007b      	lsls	r3, r7, #1
1000208a:	19db      	adds	r3, r3, r7
1000208c:	00db      	lsls	r3, r3, #3
1000208e:	18f3      	adds	r3, r6, r3
10002090:	6899      	ldr	r1, [r3, #8]
10002092:	4650      	mov	r0, sl
10002094:	468c      	mov	ip, r1
10002096:	2408      	movs	r4, #8
10002098:	5f11      	ldrsh	r1, [r2, r4]
1000209a:	68dd      	ldr	r5, [r3, #12]
1000209c:	2900      	cmp	r1, #0
1000209e:	db10      	blt.n	100020c2 <alarm_pool_irq_handler+0x216>
100020a0:	9302      	str	r3, [sp, #8]
100020a2:	e006      	b.n	100020b2 <alarm_pool_irq_handler+0x206>
100020a4:	42ab      	cmp	r3, r5
100020a6:	d044      	beq.n	10002132 <alarm_pool_irq_handler+0x286>
100020a8:	2300      	movs	r3, #0
100020aa:	5ee1      	ldrsh	r1, [r4, r3]
100020ac:	0020      	movs	r0, r4
100020ae:	2900      	cmp	r1, #0
100020b0:	db06      	blt.n	100020c0 <alarm_pool_irq_handler+0x214>
100020b2:	004c      	lsls	r4, r1, #1
100020b4:	1864      	adds	r4, r4, r1
100020b6:	00e4      	lsls	r4, r4, #3
100020b8:	1934      	adds	r4, r6, r4
100020ba:	68e3      	ldr	r3, [r4, #12]
100020bc:	42ab      	cmp	r3, r5
100020be:	ddf1      	ble.n	100020a4 <alarm_pool_irq_handler+0x1f8>
100020c0:	9b02      	ldr	r3, [sp, #8]
100020c2:	8007      	strh	r7, [r0, #0]
100020c4:	2000      	movs	r0, #0
100020c6:	5e1f      	ldrsh	r7, [r3, r0]
100020c8:	8019      	strh	r1, [r3, #0]
100020ca:	2f00      	cmp	r7, #0
100020cc:	dadc      	bge.n	10002088 <alarm_pool_irq_handler+0x1dc>
100020ce:	0014      	movs	r4, r2
100020d0:	79a3      	ldrb	r3, [r4, #6]
100020d2:	2b00      	cmp	r3, #0
100020d4:	d100      	bne.n	100020d8 <alarm_pool_irq_handler+0x22c>
100020d6:	e710      	b.n	10001efa <alarm_pool_irq_handler+0x4e>
100020d8:	2300      	movs	r3, #0
100020da:	71a3      	strb	r3, [r4, #6]
100020dc:	0026      	movs	r6, r4
100020de:	2308      	movs	r3, #8
100020e0:	5ee1      	ldrsh	r1, [r4, r3]
100020e2:	3608      	adds	r6, #8
100020e4:	1c4b      	adds	r3, r1, #1
100020e6:	d100      	bne.n	100020ea <alarm_pool_irq_handler+0x23e>
100020e8:	e72c      	b.n	10001f44 <alarm_pool_irq_handler+0x98>
100020ea:	0008      	movs	r0, r1
100020ec:	46a2      	mov	sl, r4
100020ee:	6965      	ldr	r5, [r4, #20]
100020f0:	e002      	b.n	100020f8 <alarm_pool_irq_handler+0x24c>
100020f2:	003e      	movs	r6, r7
100020f4:	1c4b      	adds	r3, r1, #1
100020f6:	d01a      	beq.n	1000212e <alarm_pool_irq_handler+0x282>
100020f8:	004b      	lsls	r3, r1, #1
100020fa:	185b      	adds	r3, r3, r1
100020fc:	00db      	lsls	r3, r3, #3
100020fe:	18ef      	adds	r7, r5, r3
10002100:	000a      	movs	r2, r1
10002102:	468c      	mov	ip, r1
10002104:	5ee9      	ldrsh	r1, [r5, r3]
10002106:	887b      	ldrh	r3, [r7, #2]
10002108:	b21b      	sxth	r3, r3
1000210a:	2b00      	cmp	r3, #0
1000210c:	daf1      	bge.n	100020f2 <alarm_pool_irq_handler+0x246>
1000210e:	2301      	movs	r3, #1
10002110:	425b      	negs	r3, r3
10002112:	17dc      	asrs	r4, r3, #31
10002114:	60bb      	str	r3, [r7, #8]
10002116:	60fc      	str	r4, [r7, #12]
10002118:	4282      	cmp	r2, r0
1000211a:	d005      	beq.n	10002128 <alarm_pool_irq_handler+0x27c>
1000211c:	4653      	mov	r3, sl
1000211e:	8031      	strh	r1, [r6, #0]
10002120:	891b      	ldrh	r3, [r3, #8]
10002122:	803b      	strh	r3, [r7, #0]
10002124:	4653      	mov	r3, sl
10002126:	811a      	strh	r2, [r3, #8]
10002128:	4660      	mov	r0, ip
1000212a:	1c4b      	adds	r3, r1, #1
1000212c:	d1e4      	bne.n	100020f8 <alarm_pool_irq_handler+0x24c>
1000212e:	4654      	mov	r4, sl
10002130:	e6e5      	b.n	10001efe <alarm_pool_irq_handler+0x52>
10002132:	68a3      	ldr	r3, [r4, #8]
10002134:	4563      	cmp	r3, ip
10002136:	d9b7      	bls.n	100020a8 <alarm_pool_irq_handler+0x1fc>
10002138:	e7c2      	b.n	100020c0 <alarm_pool_irq_handler+0x214>
1000213a:	1c6b      	adds	r3, r5, #1
1000213c:	d000      	beq.n	10002140 <alarm_pool_irq_handler+0x294>
1000213e:	e6ea      	b.n	10001f16 <alarm_pool_irq_handler+0x6a>
10002140:	e6f8      	b.n	10001f34 <alarm_pool_irq_handler+0x88>
10002142:	465b      	mov	r3, fp
10002144:	4658      	mov	r0, fp
10002146:	691b      	ldr	r3, [r3, #16]
10002148:	4798      	blx	r3
1000214a:	2800      	cmp	r0, #0
1000214c:	d11b      	bne.n	10002186 <alarm_pool_irq_handler+0x2da>
1000214e:	4653      	mov	r3, sl
10002150:	881b      	ldrh	r3, [r3, #0]
10002152:	6922      	ldr	r2, [r4, #16]
10002154:	8123      	strh	r3, [r4, #8]
10002156:	f3ef 8310 	mrs	r3, PRIMASK
1000215a:	b672      	cpsid	i
1000215c:	6811      	ldr	r1, [r2, #0]
1000215e:	2900      	cmp	r1, #0
10002160:	d0fc      	beq.n	1000215c <alarm_pool_irq_handler+0x2b0>
10002162:	f3bf 8f5f 	dmb	sy
10002166:	4651      	mov	r1, sl
10002168:	8862      	ldrh	r2, [r4, #2]
1000216a:	800a      	strh	r2, [r1, #0]
1000216c:	6922      	ldr	r2, [r4, #16]
1000216e:	8065      	strh	r5, [r4, #2]
10002170:	f3bf 8f5f 	dmb	sy
10002174:	2100      	movs	r1, #0
10002176:	6011      	str	r1, [r2, #0]
10002178:	f383 8810 	msr	PRIMASK, r3
1000217c:	e6b4      	b.n	10001ee8 <alarm_pool_irq_handler+0x3c>
1000217e:	4286      	cmp	r6, r0
10002180:	d800      	bhi.n	10002184 <alarm_pool_irq_handler+0x2d8>
10002182:	e6f8      	b.n	10001f76 <alarm_pool_irq_handler+0xca>
10002184:	e6b0      	b.n	10001ee8 <alarm_pool_irq_handler+0x3c>
10002186:	465b      	mov	r3, fp
10002188:	681a      	ldr	r2, [r3, #0]
1000218a:	685b      	ldr	r3, [r3, #4]
1000218c:	9200      	str	r2, [sp, #0]
1000218e:	9301      	str	r3, [sp, #4]
10002190:	e707      	b.n	10001fa2 <alarm_pool_irq_handler+0xf6>
10002192:	45b3      	cmp	fp, r6
10002194:	d800      	bhi.n	10002198 <alarm_pool_irq_handler+0x2ec>
10002196:	e748      	b.n	1000202a <alarm_pool_irq_handler+0x17e>
10002198:	e74c      	b.n	10002034 <alarm_pool_irq_handler+0x188>
1000219a:	46c0      	nop			@ (mov r8, r8)
1000219c:	20004130 	.word	0x20004130
100021a0:	4005703c 	.word	0x4005703c
100021a4:	10001ead 	.word	0x10001ead
100021a8:	40054000 	.word	0x40054000

100021ac <runtime_init_default_alarm_pool>:
100021ac:	b570      	push	{r4, r5, r6, lr}
100021ae:	4c2e      	ldr	r4, [pc, #184]	@ (10002268 <runtime_init_default_alarm_pool+0xbc>)
100021b0:	6925      	ldr	r5, [r4, #16]
100021b2:	2d00      	cmp	r5, #0
100021b4:	d004      	beq.n	100021c0 <runtime_init_default_alarm_pool+0x14>
100021b6:	210a      	movs	r1, #10
100021b8:	482c      	ldr	r0, [pc, #176]	@ (1000226c <runtime_init_default_alarm_pool+0xc0>)
100021ba:	f7ff fe13 	bl	10001de4 <lock_init>
100021be:	bd70      	pop	{r4, r5, r6, pc}
100021c0:	4e2b      	ldr	r6, [pc, #172]	@ (10002270 <runtime_init_default_alarm_pool+0xc4>)
100021c2:	2103      	movs	r1, #3
100021c4:	0030      	movs	r0, r6
100021c6:	f000 f9f5 	bl	100025b4 <timer_hardware_alarm_claim>
100021ca:	60e6      	str	r6, [r4, #12]
100021cc:	f7ff fb52 	bl	10001874 <next_striped_spin_lock_num>
100021d0:	4b28      	ldr	r3, [pc, #160]	@ (10002274 <runtime_init_default_alarm_pool+0xc8>)
100021d2:	2203      	movs	r2, #3
100021d4:	469c      	mov	ip, r3
100021d6:	23d0      	movs	r3, #208	@ 0xd0
100021d8:	7022      	strb	r2, [r4, #0]
100021da:	061b      	lsls	r3, r3, #24
100021dc:	681b      	ldr	r3, [r3, #0]
100021de:	2101      	movs	r1, #1
100021e0:	7063      	strb	r3, [r4, #1]
100021e2:	4b25      	ldr	r3, [pc, #148]	@ (10002278 <runtime_init_default_alarm_pool+0xcc>)
100021e4:	4460      	add	r0, ip
100021e6:	60a3      	str	r3, [r4, #8]
100021e8:	230f      	movs	r3, #15
100021ea:	0080      	lsls	r0, r0, #2
100021ec:	6120      	str	r0, [r4, #16]
100021ee:	2002      	movs	r0, #2
100021f0:	8063      	strh	r3, [r4, #2]
100021f2:	6963      	ldr	r3, [r4, #20]
100021f4:	4249      	negs	r1, r1
100021f6:	80a1      	strh	r1, [r4, #4]
100021f8:	8019      	strh	r1, [r3, #0]
100021fa:	3102      	adds	r1, #2
100021fc:	8619      	strh	r1, [r3, #48]	@ 0x30
100021fe:	3147      	adds	r1, #71	@ 0x47
10002200:	831d      	strh	r5, [r3, #24]
10002202:	5258      	strh	r0, [r3, r1]
10002204:	3118      	adds	r1, #24
10002206:	525a      	strh	r2, [r3, r1]
10002208:	3275      	adds	r2, #117	@ 0x75
1000220a:	395c      	subs	r1, #92	@ 0x5c
1000220c:	5299      	strh	r1, [r3, r2]
1000220e:	3218      	adds	r2, #24
10002210:	3101      	adds	r1, #1
10002212:	5299      	strh	r1, [r3, r2]
10002214:	3218      	adds	r2, #24
10002216:	3101      	adds	r1, #1
10002218:	5299      	strh	r1, [r3, r2]
1000221a:	3218      	adds	r2, #24
1000221c:	3101      	adds	r1, #1
1000221e:	5299      	strh	r1, [r3, r2]
10002220:	3508      	adds	r5, #8
10002222:	3218      	adds	r2, #24
10002224:	529d      	strh	r5, [r3, r2]
10002226:	3102      	adds	r1, #2
10002228:	3218      	adds	r2, #24
1000222a:	5299      	strh	r1, [r3, r2]
1000222c:	3218      	adds	r2, #24
1000222e:	3101      	adds	r1, #1
10002230:	5299      	strh	r1, [r3, r2]
10002232:	3218      	adds	r2, #24
10002234:	3101      	adds	r1, #1
10002236:	5299      	strh	r1, [r3, r2]
10002238:	3218      	adds	r2, #24
1000223a:	3101      	adds	r1, #1
1000223c:	5299      	strh	r1, [r3, r2]
1000223e:	3218      	adds	r2, #24
10002240:	3101      	adds	r1, #1
10002242:	5299      	strh	r1, [r3, r2]
10002244:	3218      	adds	r2, #24
10002246:	3101      	adds	r1, #1
10002248:	5299      	strh	r1, [r3, r2]
1000224a:	4b0c      	ldr	r3, [pc, #48]	@ (1000227c <runtime_init_default_alarm_pool+0xd0>)
1000224c:	490c      	ldr	r1, [pc, #48]	@ (10002280 <runtime_init_default_alarm_pool+0xd4>)
1000224e:	60dc      	str	r4, [r3, #12]
10002250:	3001      	adds	r0, #1
10002252:	6235      	str	r5, [r6, #32]
10002254:	f7ff fb5e 	bl	10001914 <irq_set_exclusive_handler>
10002258:	2101      	movs	r1, #1
1000225a:	2003      	movs	r0, #3
1000225c:	f7ff fb48 	bl	100018f0 <irq_set_enabled>
10002260:	4b08      	ldr	r3, [pc, #32]	@ (10002284 <runtime_init_default_alarm_pool+0xd8>)
10002262:	601d      	str	r5, [r3, #0]
10002264:	e7a7      	b.n	100021b6 <runtime_init_default_alarm_pool+0xa>
10002266:	46c0      	nop			@ (mov r8, r8)
10002268:	2000091c 	.word	0x2000091c
1000226c:	2000424c 	.word	0x2000424c
10002270:	40054000 	.word	0x40054000
10002274:	34000040 	.word	0x34000040
10002278:	0010ffff 	.word	0x0010ffff
1000227c:	20004130 	.word	0x20004130
10002280:	10001ead 	.word	0x10001ead
10002284:	40056038 	.word	0x40056038

10002288 <alarm_pool_add_alarm_at_force_in_context>:
10002288:	b570      	push	{r4, r5, r6, lr}
1000228a:	0001      	movs	r1, r0
1000228c:	6904      	ldr	r4, [r0, #16]
1000228e:	f3ef 8c10 	mrs	ip, PRIMASK
10002292:	b672      	cpsid	i
10002294:	6820      	ldr	r0, [r4, #0]
10002296:	2800      	cmp	r0, #0
10002298:	d0fc      	beq.n	10002294 <alarm_pool_add_alarm_at_force_in_context+0xc>
1000229a:	f3bf 8f5f 	dmb	sy
1000229e:	2002      	movs	r0, #2
100022a0:	5e0d      	ldrsh	r5, [r1, r0]
100022a2:	694c      	ldr	r4, [r1, #20]
100022a4:	0068      	lsls	r0, r5, #1
100022a6:	1940      	adds	r0, r0, r5
100022a8:	00c0      	lsls	r0, r0, #3
100022aa:	1824      	adds	r4, r4, r0
100022ac:	6908      	ldr	r0, [r1, #16]
100022ae:	2d00      	cmp	r5, #0
100022b0:	db36      	blt.n	10002320 <alarm_pool_add_alarm_at_force_in_context+0x98>
100022b2:	8826      	ldrh	r6, [r4, #0]
100022b4:	804e      	strh	r6, [r1, #2]
100022b6:	f3bf 8f5f 	dmb	sy
100022ba:	2600      	movs	r6, #0
100022bc:	6006      	str	r6, [r0, #0]
100022be:	f38c 8810 	msr	PRIMASK, ip
100022c2:	60e3      	str	r3, [r4, #12]
100022c4:	8863      	ldrh	r3, [r4, #2]
100022c6:	9804      	ldr	r0, [sp, #16]
100022c8:	3301      	adds	r3, #1
100022ca:	6120      	str	r0, [r4, #16]
100022cc:	045b      	lsls	r3, r3, #17
100022ce:	9805      	ldr	r0, [sp, #20]
100022d0:	0c5b      	lsrs	r3, r3, #17
100022d2:	60a2      	str	r2, [r4, #8]
100022d4:	6160      	str	r0, [r4, #20]
100022d6:	1c1a      	adds	r2, r3, #0
100022d8:	2b00      	cmp	r3, #0
100022da:	d01f      	beq.n	1000231c <alarm_pool_add_alarm_at_force_in_context+0x94>
100022dc:	b293      	uxth	r3, r2
100022de:	0428      	lsls	r0, r5, #16
100022e0:	8062      	strh	r2, [r4, #2]
100022e2:	4318      	orrs	r0, r3
100022e4:	690a      	ldr	r2, [r1, #16]
100022e6:	f3ef 8c10 	mrs	ip, PRIMASK
100022ea:	b672      	cpsid	i
100022ec:	6813      	ldr	r3, [r2, #0]
100022ee:	2b00      	cmp	r3, #0
100022f0:	d0fc      	beq.n	100022ec <alarm_pool_add_alarm_at_force_in_context+0x64>
100022f2:	f3bf 8f5f 	dmb	sy
100022f6:	888b      	ldrh	r3, [r1, #4]
100022f8:	8023      	strh	r3, [r4, #0]
100022fa:	808d      	strh	r5, [r1, #4]
100022fc:	690b      	ldr	r3, [r1, #16]
100022fe:	f3bf 8f5f 	dmb	sy
10002302:	2200      	movs	r2, #0
10002304:	601a      	str	r2, [r3, #0]
10002306:	f38c 8810 	msr	PRIMASK, ip
1000230a:	780b      	ldrb	r3, [r1, #0]
1000230c:	3201      	adds	r2, #1
1000230e:	409a      	lsls	r2, r3
10002310:	68cb      	ldr	r3, [r1, #12]
10002312:	4908      	ldr	r1, [pc, #32]	@ (10002334 <alarm_pool_add_alarm_at_force_in_context+0xac>)
10002314:	468c      	mov	ip, r1
10002316:	4463      	add	r3, ip
10002318:	601a      	str	r2, [r3, #0]
1000231a:	bd70      	pop	{r4, r5, r6, pc}
1000231c:	2201      	movs	r2, #1
1000231e:	e7dd      	b.n	100022dc <alarm_pool_add_alarm_at_force_in_context+0x54>
10002320:	f3bf 8f5f 	dmb	sy
10002324:	2300      	movs	r3, #0
10002326:	6003      	str	r3, [r0, #0]
10002328:	f38c 8810 	msr	PRIMASK, ip
1000232c:	2001      	movs	r0, #1
1000232e:	4240      	negs	r0, r0
10002330:	e7f3      	b.n	1000231a <alarm_pool_add_alarm_at_force_in_context+0x92>
10002332:	46c0      	nop			@ (mov r8, r8)
10002334:	0000203c 	.word	0x0000203c

10002338 <alarm_pool_cancel_alarm>:
10002338:	b510      	push	{r4, lr}
1000233a:	8943      	ldrh	r3, [r0, #10]
1000233c:	140a      	asrs	r2, r1, #16
1000233e:	4293      	cmp	r3, r2
10002340:	dd1a      	ble.n	10002378 <alarm_pool_cancel_alarm+0x40>
10002342:	0053      	lsls	r3, r2, #1
10002344:	189b      	adds	r3, r3, r2
10002346:	6942      	ldr	r2, [r0, #20]
10002348:	00db      	lsls	r3, r3, #3
1000234a:	18d3      	adds	r3, r2, r3
1000234c:	6904      	ldr	r4, [r0, #16]
1000234e:	f3ef 8c10 	mrs	ip, PRIMASK
10002352:	b672      	cpsid	i
10002354:	6822      	ldr	r2, [r4, #0]
10002356:	2a00      	cmp	r2, #0
10002358:	d0fc      	beq.n	10002354 <alarm_pool_cancel_alarm+0x1c>
1000235a:	f3bf 8f5f 	dmb	sy
1000235e:	885a      	ldrh	r2, [r3, #2]
10002360:	0409      	lsls	r1, r1, #16
10002362:	b294      	uxth	r4, r2
10002364:	0c09      	lsrs	r1, r1, #16
10002366:	428a      	cmp	r2, r1
10002368:	d008      	beq.n	1000237c <alarm_pool_cancel_alarm+0x44>
1000236a:	6903      	ldr	r3, [r0, #16]
1000236c:	f3bf 8f5f 	dmb	sy
10002370:	2200      	movs	r2, #0
10002372:	601a      	str	r2, [r3, #0]
10002374:	f38c 8810 	msr	PRIMASK, ip
10002378:	2000      	movs	r0, #0
1000237a:	bd10      	pop	{r4, pc}
1000237c:	2280      	movs	r2, #128	@ 0x80
1000237e:	0212      	lsls	r2, r2, #8
10002380:	4314      	orrs	r4, r2
10002382:	805c      	strh	r4, [r3, #2]
10002384:	2301      	movs	r3, #1
10002386:	6902      	ldr	r2, [r0, #16]
10002388:	7183      	strb	r3, [r0, #6]
1000238a:	f3bf 8f5f 	dmb	sy
1000238e:	2100      	movs	r1, #0
10002390:	6011      	str	r1, [r2, #0]
10002392:	f38c 8810 	msr	PRIMASK, ip
10002396:	4904      	ldr	r1, [pc, #16]	@ (100023a8 <alarm_pool_cancel_alarm+0x70>)
10002398:	7802      	ldrb	r2, [r0, #0]
1000239a:	468c      	mov	ip, r1
1000239c:	4093      	lsls	r3, r2
1000239e:	68c2      	ldr	r2, [r0, #12]
100023a0:	2001      	movs	r0, #1
100023a2:	4462      	add	r2, ip
100023a4:	6013      	str	r3, [r2, #0]
100023a6:	e7e8      	b.n	1000237a <alarm_pool_cancel_alarm+0x42>
100023a8:	0000203c 	.word	0x0000203c

100023ac <sleep_ms>:
100023ac:	b5f0      	push	{r4, r5, r6, r7, lr}
100023ae:	46c6      	mov	lr, r8
100023b0:	b500      	push	{lr}
100023b2:	b082      	sub	sp, #8
100023b4:	0004      	movs	r4, r0
100023b6:	f000 f90f 	bl	100025d8 <time_us_64>
100023ba:	22fa      	movs	r2, #250	@ 0xfa
100023bc:	0006      	movs	r6, r0
100023be:	000f      	movs	r7, r1
100023c0:	0020      	movs	r0, r4
100023c2:	2300      	movs	r3, #0
100023c4:	2100      	movs	r1, #0
100023c6:	0092      	lsls	r2, r2, #2
100023c8:	f001 f85c 	bl	10003484 <__wrap___aeabi_lmul>
100023cc:	1980      	adds	r0, r0, r6
100023ce:	4179      	adcs	r1, r7
100023d0:	0004      	movs	r4, r0
100023d2:	1e0d      	subs	r5, r1, #0
100023d4:	da02      	bge.n	100023dc <sleep_ms+0x30>
100023d6:	2401      	movs	r4, #1
100023d8:	4d2e      	ldr	r5, [pc, #184]	@ (10002494 <sleep_ms+0xe8>)
100023da:	4264      	negs	r4, r4
100023dc:	2606      	movs	r6, #6
100023de:	4276      	negs	r6, r6
100023e0:	17f7      	asrs	r7, r6, #31
100023e2:	1936      	adds	r6, r6, r4
100023e4:	416f      	adcs	r7, r5
100023e6:	42af      	cmp	r7, r5
100023e8:	d814      	bhi.n	10002414 <sleep_ms+0x68>
100023ea:	d011      	beq.n	10002410 <sleep_ms+0x64>
100023ec:	f000 f8f4 	bl	100025d8 <time_us_64>
100023f0:	0032      	movs	r2, r6
100023f2:	003b      	movs	r3, r7
100023f4:	1a12      	subs	r2, r2, r0
100023f6:	418b      	sbcs	r3, r1
100023f8:	2b00      	cmp	r3, #0
100023fa:	dc15      	bgt.n	10002428 <sleep_ms+0x7c>
100023fc:	2b00      	cmp	r3, #0
100023fe:	d046      	beq.n	1000248e <sleep_ms+0xe2>
10002400:	0020      	movs	r0, r4
10002402:	0029      	movs	r1, r5
10002404:	f000 f926 	bl	10002654 <busy_wait_until>
10002408:	b002      	add	sp, #8
1000240a:	bc80      	pop	{r7}
1000240c:	46b8      	mov	r8, r7
1000240e:	bdf0      	pop	{r4, r5, r6, r7, pc}
10002410:	42a6      	cmp	r6, r4
10002412:	d9eb      	bls.n	100023ec <sleep_ms+0x40>
10002414:	2600      	movs	r6, #0
10002416:	2700      	movs	r7, #0
10002418:	f000 f8de 	bl	100025d8 <time_us_64>
1000241c:	0032      	movs	r2, r6
1000241e:	003b      	movs	r3, r7
10002420:	1a12      	subs	r2, r2, r0
10002422:	418b      	sbcs	r3, r1
10002424:	2b00      	cmp	r3, #0
10002426:	dde9      	ble.n	100023fc <sleep_ms+0x50>
10002428:	f000 f8d6 	bl	100025d8 <time_us_64>
1000242c:	0032      	movs	r2, r6
1000242e:	003b      	movs	r3, r7
10002430:	1a12      	subs	r2, r2, r0
10002432:	418b      	sbcs	r3, r1
10002434:	2b00      	cmp	r3, #0
10002436:	db0a      	blt.n	1000244e <sleep_ms+0xa2>
10002438:	2300      	movs	r3, #0
1000243a:	9301      	str	r3, [sp, #4]
1000243c:	4b16      	ldr	r3, [pc, #88]	@ (10002498 <sleep_ms+0xec>)
1000243e:	0032      	movs	r2, r6
10002440:	9300      	str	r3, [sp, #0]
10002442:	4816      	ldr	r0, [pc, #88]	@ (1000249c <sleep_ms+0xf0>)
10002444:	003b      	movs	r3, r7
10002446:	f7ff ff1f 	bl	10002288 <alarm_pool_add_alarm_at_force_in_context>
1000244a:	3001      	adds	r0, #1
1000244c:	d0d8      	beq.n	10002400 <sleep_ms+0x54>
1000244e:	2300      	movs	r3, #0
10002450:	0039      	movs	r1, r7
10002452:	46b0      	mov	r8, r6
10002454:	469c      	mov	ip, r3
10002456:	4a12      	ldr	r2, [pc, #72]	@ (100024a0 <sleep_ms+0xf4>)
10002458:	4812      	ldr	r0, [pc, #72]	@ (100024a4 <sleep_ms+0xf8>)
1000245a:	6a53      	ldr	r3, [r2, #36]	@ 0x24
1000245c:	4299      	cmp	r1, r3
1000245e:	d804      	bhi.n	1000246a <sleep_ms+0xbe>
10002460:	6a96      	ldr	r6, [r2, #40]	@ 0x28
10002462:	4546      	cmp	r6, r8
10002464:	d2cc      	bcs.n	10002400 <sleep_ms+0x54>
10002466:	4299      	cmp	r1, r3
10002468:	d1ca      	bne.n	10002400 <sleep_ms+0x54>
1000246a:	6806      	ldr	r6, [r0, #0]
1000246c:	f3ef 8710 	mrs	r7, PRIMASK
10002470:	b672      	cpsid	i
10002472:	6833      	ldr	r3, [r6, #0]
10002474:	2b00      	cmp	r3, #0
10002476:	d0fc      	beq.n	10002472 <sleep_ms+0xc6>
10002478:	f3bf 8f5f 	dmb	sy
1000247c:	6803      	ldr	r3, [r0, #0]
1000247e:	f3bf 8f5f 	dmb	sy
10002482:	4666      	mov	r6, ip
10002484:	601e      	str	r6, [r3, #0]
10002486:	f387 8810 	msr	PRIMASK, r7
1000248a:	bf20      	wfe
1000248c:	e7e5      	b.n	1000245a <sleep_ms+0xae>
1000248e:	2a00      	cmp	r2, #0
10002490:	d0b6      	beq.n	10002400 <sleep_ms+0x54>
10002492:	e7c9      	b.n	10002428 <sleep_ms+0x7c>
10002494:	7fffffff 	.word	0x7fffffff
10002498:	10001e7d 	.word	0x10001e7d
1000249c:	2000091c 	.word	0x2000091c
100024a0:	40054000 	.word	0x40054000
100024a4:	2000424c 	.word	0x2000424c

100024a8 <best_effort_wfe_or_timeout>:
100024a8:	b5f0      	push	{r4, r5, r6, r7, lr}
100024aa:	4657      	mov	r7, sl
100024ac:	464e      	mov	r6, r9
100024ae:	46de      	mov	lr, fp
100024b0:	4645      	mov	r5, r8
100024b2:	b5e0      	push	{r5, r6, r7, lr}
100024b4:	0006      	movs	r6, r0
100024b6:	000f      	movs	r7, r1
100024b8:	b085      	sub	sp, #20
100024ba:	f3ef 8305 	mrs	r3, IPSR
100024be:	4699      	mov	r9, r3
100024c0:	468b      	mov	fp, r1
100024c2:	2b00      	cmp	r3, #0
100024c4:	d012      	beq.n	100024ec <best_effort_wfe_or_timeout+0x44>
100024c6:	4938      	ldr	r1, [pc, #224]	@ (100025a8 <best_effort_wfe_or_timeout+0x100>)
100024c8:	2000      	movs	r0, #0
100024ca:	6a4b      	ldr	r3, [r1, #36]	@ 0x24
100024cc:	42bb      	cmp	r3, r7
100024ce:	d306      	bcc.n	100024de <best_effort_wfe_or_timeout+0x36>
100024d0:	6a8a      	ldr	r2, [r1, #40]	@ 0x28
100024d2:	1bdb      	subs	r3, r3, r7
100024d4:	1e59      	subs	r1, r3, #1
100024d6:	418b      	sbcs	r3, r1
100024d8:	42b2      	cmp	r2, r6
100024da:	4140      	adcs	r0, r0
100024dc:	4318      	orrs	r0, r3
100024de:	b005      	add	sp, #20
100024e0:	bcf0      	pop	{r4, r5, r6, r7}
100024e2:	46bb      	mov	fp, r7
100024e4:	46b2      	mov	sl, r6
100024e6:	46a9      	mov	r9, r5
100024e8:	46a0      	mov	r8, r4
100024ea:	bdf0      	pop	{r4, r5, r6, r7, pc}
100024ec:	4b2f      	ldr	r3, [pc, #188]	@ (100025ac <best_effort_wfe_or_timeout+0x104>)
100024ee:	469a      	mov	sl, r3
100024f0:	68db      	ldr	r3, [r3, #12]
100024f2:	4698      	mov	r8, r3
100024f4:	4653      	mov	r3, sl
100024f6:	781b      	ldrb	r3, [r3, #0]
100024f8:	4640      	mov	r0, r8
100024fa:	9303      	str	r3, [sp, #12]
100024fc:	f000 f864 	bl	100025c8 <timer_time_us_64>
10002500:	4642      	mov	r2, r8
10002502:	9b03      	ldr	r3, [sp, #12]
10002504:	0004      	movs	r4, r0
10002506:	3304      	adds	r3, #4
10002508:	009b      	lsls	r3, r3, #2
1000250a:	589b      	ldr	r3, [r3, r2]
1000250c:	000d      	movs	r5, r1
1000250e:	1a1b      	subs	r3, r3, r0
10002510:	0039      	movs	r1, r7
10002512:	0030      	movs	r0, r6
10002514:	1b00      	subs	r0, r0, r4
10002516:	41a9      	sbcs	r1, r5
10002518:	4589      	cmp	r9, r1
1000251a:	dc10      	bgt.n	1000253e <best_effort_wfe_or_timeout+0x96>
1000251c:	d00d      	beq.n	1000253a <best_effort_wfe_or_timeout+0x92>
1000251e:	bf20      	wfe
10002520:	4a21      	ldr	r2, [pc, #132]	@ (100025a8 <best_effort_wfe_or_timeout+0x100>)
10002522:	2000      	movs	r0, #0
10002524:	6a53      	ldr	r3, [r2, #36]	@ 0x24
10002526:	455b      	cmp	r3, fp
10002528:	d3d9      	bcc.n	100024de <best_effort_wfe_or_timeout+0x36>
1000252a:	6a92      	ldr	r2, [r2, #40]	@ 0x28
1000252c:	1bdb      	subs	r3, r3, r7
1000252e:	1e59      	subs	r1, r3, #1
10002530:	418b      	sbcs	r3, r1
10002532:	42b2      	cmp	r2, r6
10002534:	4140      	adcs	r0, r0
10002536:	4318      	orrs	r0, r3
10002538:	e7d1      	b.n	100024de <best_effort_wfe_or_timeout+0x36>
1000253a:	4283      	cmp	r3, r0
1000253c:	d9ef      	bls.n	1000251e <best_effort_wfe_or_timeout+0x76>
1000253e:	f000 f84b 	bl	100025d8 <time_us_64>
10002542:	0032      	movs	r2, r6
10002544:	003b      	movs	r3, r7
10002546:	1a12      	subs	r2, r2, r0
10002548:	418b      	sbcs	r3, r1
1000254a:	2b00      	cmp	r3, #0
1000254c:	db1a      	blt.n	10002584 <best_effort_wfe_or_timeout+0xdc>
1000254e:	2300      	movs	r3, #0
10002550:	9301      	str	r3, [sp, #4]
10002552:	4b17      	ldr	r3, [pc, #92]	@ (100025b0 <best_effort_wfe_or_timeout+0x108>)
10002554:	0032      	movs	r2, r6
10002556:	9300      	str	r3, [sp, #0]
10002558:	4650      	mov	r0, sl
1000255a:	003b      	movs	r3, r7
1000255c:	f7ff fe94 	bl	10002288 <alarm_pool_add_alarm_at_force_in_context>
10002560:	1e01      	subs	r1, r0, #0
10002562:	dd0f      	ble.n	10002584 <best_effort_wfe_or_timeout+0xdc>
10002564:	4b10      	ldr	r3, [pc, #64]	@ (100025a8 <best_effort_wfe_or_timeout+0x100>)
10002566:	6a5a      	ldr	r2, [r3, #36]	@ 0x24
10002568:	455a      	cmp	r2, fp
1000256a:	d31b      	bcc.n	100025a4 <best_effort_wfe_or_timeout+0xfc>
1000256c:	6a9b      	ldr	r3, [r3, #40]	@ 0x28
1000256e:	42b3      	cmp	r3, r6
10002570:	d316      	bcc.n	100025a0 <best_effort_wfe_or_timeout+0xf8>
10002572:	4650      	mov	r0, sl
10002574:	f7ff fee0 	bl	10002338 <alarm_pool_cancel_alarm>
10002578:	4a0b      	ldr	r2, [pc, #44]	@ (100025a8 <best_effort_wfe_or_timeout+0x100>)
1000257a:	2000      	movs	r0, #0
1000257c:	6a53      	ldr	r3, [r2, #36]	@ 0x24
1000257e:	455b      	cmp	r3, fp
10002580:	d3ad      	bcc.n	100024de <best_effort_wfe_or_timeout+0x36>
10002582:	e7d2      	b.n	1000252a <best_effort_wfe_or_timeout+0x82>
10002584:	4a08      	ldr	r2, [pc, #32]	@ (100025a8 <best_effort_wfe_or_timeout+0x100>)
10002586:	2000      	movs	r0, #0
10002588:	6a53      	ldr	r3, [r2, #36]	@ 0x24
1000258a:	455b      	cmp	r3, fp
1000258c:	d3a7      	bcc.n	100024de <best_effort_wfe_or_timeout+0x36>
1000258e:	2000      	movs	r0, #0
10002590:	6a92      	ldr	r2, [r2, #40]	@ 0x28
10002592:	1bdb      	subs	r3, r3, r7
10002594:	42b2      	cmp	r2, r6
10002596:	4140      	adcs	r0, r0
10002598:	1e5a      	subs	r2, r3, #1
1000259a:	4193      	sbcs	r3, r2
1000259c:	4318      	orrs	r0, r3
1000259e:	e79e      	b.n	100024de <best_effort_wfe_or_timeout+0x36>
100025a0:	455a      	cmp	r2, fp
100025a2:	d1e6      	bne.n	10002572 <best_effort_wfe_or_timeout+0xca>
100025a4:	bf20      	wfe
100025a6:	e7e4      	b.n	10002572 <best_effort_wfe_or_timeout+0xca>
100025a8:	40054000 	.word	0x40054000
100025ac:	2000091c 	.word	0x2000091c
100025b0:	10001e7d 	.word	0x10001e7d

100025b4 <timer_hardware_alarm_claim>:
100025b4:	b510      	push	{r4, lr}
100025b6:	4a02      	ldr	r2, [pc, #8]	@ (100025c0 <timer_hardware_alarm_claim+0xc>)
100025b8:	4802      	ldr	r0, [pc, #8]	@ (100025c4 <timer_hardware_alarm_claim+0x10>)
100025ba:	f7ff f8f5 	bl	100017a8 <hw_claim_or_assert>
100025be:	bd10      	pop	{r4, pc}
100025c0:	1000b134 	.word	0x1000b134
100025c4:	20003ec0 	.word	0x20003ec0

100025c8 <timer_time_us_64>:
100025c8:	0003      	movs	r3, r0
100025ca:	6a41      	ldr	r1, [r0, #36]	@ 0x24
100025cc:	000a      	movs	r2, r1
100025ce:	6a98      	ldr	r0, [r3, #40]	@ 0x28
100025d0:	6a59      	ldr	r1, [r3, #36]	@ 0x24
100025d2:	428a      	cmp	r2, r1
100025d4:	d1fa      	bne.n	100025cc <timer_time_us_64+0x4>
100025d6:	4770      	bx	lr

100025d8 <time_us_64>:
100025d8:	4b03      	ldr	r3, [pc, #12]	@ (100025e8 <time_us_64+0x10>)
100025da:	6a59      	ldr	r1, [r3, #36]	@ 0x24
100025dc:	000a      	movs	r2, r1
100025de:	6a98      	ldr	r0, [r3, #40]	@ 0x28
100025e0:	6a59      	ldr	r1, [r3, #36]	@ 0x24
100025e2:	4291      	cmp	r1, r2
100025e4:	d1fa      	bne.n	100025dc <time_us_64+0x4>
100025e6:	4770      	bx	lr
100025e8:	40054000 	.word	0x40054000

100025ec <busy_wait_us>:
100025ec:	b570      	push	{r4, r5, r6, lr}
100025ee:	0004      	movs	r4, r0
100025f0:	000d      	movs	r5, r1
100025f2:	4a17      	ldr	r2, [pc, #92]	@ (10002650 <busy_wait_us+0x64>)
100025f4:	6a53      	ldr	r3, [r2, #36]	@ 0x24
100025f6:	0019      	movs	r1, r3
100025f8:	6a96      	ldr	r6, [r2, #40]	@ 0x28
100025fa:	6a53      	ldr	r3, [r2, #36]	@ 0x24
100025fc:	428b      	cmp	r3, r1
100025fe:	d1fa      	bne.n	100025f6 <busy_wait_us+0xa>
10002600:	0030      	movs	r0, r6
10002602:	0019      	movs	r1, r3
10002604:	1824      	adds	r4, r4, r0
10002606:	414d      	adcs	r5, r1
10002608:	42ab      	cmp	r3, r5
1000260a:	d816      	bhi.n	1000263a <busy_wait_us+0x4e>
1000260c:	d013      	beq.n	10002636 <busy_wait_us+0x4a>
1000260e:	4b10      	ldr	r3, [pc, #64]	@ (10002650 <busy_wait_us+0x64>)
10002610:	002a      	movs	r2, r5
10002612:	6a5b      	ldr	r3, [r3, #36]	@ 0x24
10002614:	429d      	cmp	r5, r3
10002616:	d903      	bls.n	10002620 <busy_wait_us+0x34>
10002618:	490d      	ldr	r1, [pc, #52]	@ (10002650 <busy_wait_us+0x64>)
1000261a:	6a4b      	ldr	r3, [r1, #36]	@ 0x24
1000261c:	4293      	cmp	r3, r2
1000261e:	d3fc      	bcc.n	1000261a <busy_wait_us+0x2e>
10002620:	4293      	cmp	r3, r2
10002622:	d107      	bne.n	10002634 <busy_wait_us+0x48>
10002624:	4a0a      	ldr	r2, [pc, #40]	@ (10002650 <busy_wait_us+0x64>)
10002626:	e002      	b.n	1000262e <busy_wait_us+0x42>
10002628:	6a51      	ldr	r1, [r2, #36]	@ 0x24
1000262a:	4299      	cmp	r1, r3
1000262c:	d102      	bne.n	10002634 <busy_wait_us+0x48>
1000262e:	6a91      	ldr	r1, [r2, #40]	@ 0x28
10002630:	42a1      	cmp	r1, r4
10002632:	d3f9      	bcc.n	10002628 <busy_wait_us+0x3c>
10002634:	bd70      	pop	{r4, r5, r6, pc}
10002636:	42a6      	cmp	r6, r4
10002638:	d9e9      	bls.n	1000260e <busy_wait_us+0x22>
1000263a:	4b05      	ldr	r3, [pc, #20]	@ (10002650 <busy_wait_us+0x64>)
1000263c:	6a5b      	ldr	r3, [r3, #36]	@ 0x24
1000263e:	001c      	movs	r4, r3
10002640:	1c5a      	adds	r2, r3, #1
10002642:	d0ef      	beq.n	10002624 <busy_wait_us+0x38>
10002644:	2201      	movs	r2, #1
10002646:	2401      	movs	r4, #1
10002648:	4264      	negs	r4, r4
1000264a:	17e5      	asrs	r5, r4, #31
1000264c:	4252      	negs	r2, r2
1000264e:	e7e3      	b.n	10002618 <busy_wait_us+0x2c>
10002650:	40054000 	.word	0x40054000

10002654 <busy_wait_until>:
10002654:	4a06      	ldr	r2, [pc, #24]	@ (10002670 <busy_wait_until+0x1c>)
10002656:	6a53      	ldr	r3, [r2, #36]	@ 0x24
10002658:	4299      	cmp	r1, r3
1000265a:	d8fc      	bhi.n	10002656 <busy_wait_until+0x2>
1000265c:	d107      	bne.n	1000266e <busy_wait_until+0x1a>
1000265e:	4b04      	ldr	r3, [pc, #16]	@ (10002670 <busy_wait_until+0x1c>)
10002660:	e002      	b.n	10002668 <busy_wait_until+0x14>
10002662:	6a5a      	ldr	r2, [r3, #36]	@ 0x24
10002664:	4291      	cmp	r1, r2
10002666:	d102      	bne.n	1000266e <busy_wait_until+0x1a>
10002668:	6a9a      	ldr	r2, [r3, #40]	@ 0x28
1000266a:	4290      	cmp	r0, r2
1000266c:	d8f9      	bhi.n	10002662 <busy_wait_until+0xe>
1000266e:	4770      	bx	lr
10002670:	40054000 	.word	0x40054000

10002674 <uart_init>:
10002674:	b5f8      	push	{r3, r4, r5, r6, r7, lr}
10002676:	0004      	movs	r4, r0
10002678:	2006      	movs	r0, #6
1000267a:	000d      	movs	r5, r1
1000267c:	f000 f98c 	bl	10002998 <clock_get_hz>
10002680:	2800      	cmp	r0, #0
10002682:	d044      	beq.n	1000270e <uart_init+0x9a>
10002684:	4b37      	ldr	r3, [pc, #220]	@ (10002764 <uart_init+0xf0>)
10002686:	4938      	ldr	r1, [pc, #224]	@ (10002768 <uart_init+0xf4>)
10002688:	18e3      	adds	r3, r4, r3
1000268a:	1e5a      	subs	r2, r3, #1
1000268c:	4193      	sbcs	r3, r2
1000268e:	2280      	movs	r2, #128	@ 0x80
10002690:	0412      	lsls	r2, r2, #16
10002692:	4694      	mov	ip, r2
10002694:	425b      	negs	r3, r3
10002696:	0d9b      	lsrs	r3, r3, #22
10002698:	4a34      	ldr	r2, [pc, #208]	@ (1000276c <uart_init+0xf8>)
1000269a:	059b      	lsls	r3, r3, #22
1000269c:	4463      	add	r3, ip
1000269e:	6013      	str	r3, [r2, #0]
100026a0:	4a33      	ldr	r2, [pc, #204]	@ (10002770 <uart_init+0xfc>)
100026a2:	6013      	str	r3, [r2, #0]
100026a4:	0018      	movs	r0, r3
100026a6:	680a      	ldr	r2, [r1, #0]
100026a8:	4390      	bics	r0, r2
100026aa:	d1fb      	bne.n	100026a4 <uart_init+0x30>
100026ac:	4b2d      	ldr	r3, [pc, #180]	@ (10002764 <uart_init+0xf0>)
100026ae:	4a31      	ldr	r2, [pc, #196]	@ (10002774 <uart_init+0x100>)
100026b0:	18e3      	adds	r3, r4, r3
100026b2:	4259      	negs	r1, r3
100026b4:	414b      	adcs	r3, r1
100026b6:	2180      	movs	r1, #128	@ 0x80
100026b8:	005b      	lsls	r3, r3, #1
100026ba:	0049      	lsls	r1, r1, #1
100026bc:	2006      	movs	r0, #6
100026be:	5299      	strh	r1, [r3, r2]
100026c0:	f000 f96a 	bl	10002998 <clock_get_hz>
100026c4:	0029      	movs	r1, r5
100026c6:	00c0      	lsls	r0, r0, #3
100026c8:	f000 fb62 	bl	10002d90 <__wrap___aeabi_uidiv>
100026cc:	3001      	adds	r0, #1
100026ce:	09c3      	lsrs	r3, r0, #7
100026d0:	d11e      	bne.n	10002710 <uart_init+0x9c>
100026d2:	2740      	movs	r7, #64	@ 0x40
100026d4:	2201      	movs	r2, #1
100026d6:	6262      	str	r2, [r4, #36]	@ 0x24
100026d8:	62a3      	str	r3, [r4, #40]	@ 0x28
100026da:	6b26      	ldr	r6, [r4, #48]	@ 0x30
100026dc:	07f3      	lsls	r3, r6, #31
100026de:	d422      	bmi.n	10002726 <uart_init+0xb2>
100026e0:	6ae3      	ldr	r3, [r4, #44]	@ 0x2c
100026e2:	4b25      	ldr	r3, [pc, #148]	@ (10002778 <uart_init+0x104>)
100026e4:	2006      	movs	r0, #6
100026e6:	18e5      	adds	r5, r4, r3
100026e8:	2300      	movs	r3, #0
100026ea:	602b      	str	r3, [r5, #0]
100026ec:	6326      	str	r6, [r4, #48]	@ 0x30
100026ee:	f000 f953 	bl	10002998 <clock_get_hz>
100026f2:	0039      	movs	r1, r7
100026f4:	0080      	lsls	r0, r0, #2
100026f6:	f000 fb4b 	bl	10002d90 <__wrap___aeabi_uidiv>
100026fa:	2370      	movs	r3, #112	@ 0x70
100026fc:	6ae2      	ldr	r2, [r4, #44]	@ 0x2c
100026fe:	405a      	eors	r2, r3
10002700:	330e      	adds	r3, #14
10002702:	4013      	ands	r3, r2
10002704:	602b      	str	r3, [r5, #0]
10002706:	4b1d      	ldr	r3, [pc, #116]	@ (1000277c <uart_init+0x108>)
10002708:	6323      	str	r3, [r4, #48]	@ 0x30
1000270a:	2303      	movs	r3, #3
1000270c:	64a3      	str	r3, [r4, #72]	@ 0x48
1000270e:	bdf8      	pop	{r3, r4, r5, r6, r7, pc}
10002710:	4a1b      	ldr	r2, [pc, #108]	@ (10002780 <uart_init+0x10c>)
10002712:	4293      	cmp	r3, r2
10002714:	d91e      	bls.n	10002754 <uart_init+0xe0>
10002716:	2300      	movs	r3, #0
10002718:	4a1a      	ldr	r2, [pc, #104]	@ (10002784 <uart_init+0x110>)
1000271a:	4f1b      	ldr	r7, [pc, #108]	@ (10002788 <uart_init+0x114>)
1000271c:	6262      	str	r2, [r4, #36]	@ 0x24
1000271e:	62a3      	str	r3, [r4, #40]	@ 0x28
10002720:	6b26      	ldr	r6, [r4, #48]	@ 0x30
10002722:	07f3      	lsls	r3, r6, #31
10002724:	d5dc      	bpl.n	100026e0 <uart_init+0x6c>
10002726:	4b19      	ldr	r3, [pc, #100]	@ (1000278c <uart_init+0x118>)
10002728:	4a14      	ldr	r2, [pc, #80]	@ (1000277c <uart_init+0x108>)
1000272a:	18e3      	adds	r3, r4, r3
1000272c:	601a      	str	r2, [r3, #0]
1000272e:	6a65      	ldr	r5, [r4, #36]	@ 0x24
10002730:	6aa3      	ldr	r3, [r4, #40]	@ 0x28
10002732:	2006      	movs	r0, #6
10002734:	01ad      	lsls	r5, r5, #6
10002736:	18ed      	adds	r5, r5, r3
10002738:	f000 f92e 	bl	10002998 <clock_get_hz>
1000273c:	4914      	ldr	r1, [pc, #80]	@ (10002790 <uart_init+0x11c>)
1000273e:	f000 fb27 	bl	10002d90 <__wrap___aeabi_uidiv>
10002742:	02ad      	lsls	r5, r5, #10
10002744:	0001      	movs	r1, r0
10002746:	0028      	movs	r0, r5
10002748:	f000 fb22 	bl	10002d90 <__wrap___aeabi_uidiv>
1000274c:	2100      	movs	r1, #0
1000274e:	f7ff ff4d 	bl	100025ec <busy_wait_us>
10002752:	e7c5      	b.n	100026e0 <uart_init+0x6c>
10002754:	0640      	lsls	r0, r0, #25
10002756:	0e80      	lsrs	r0, r0, #26
10002758:	019f      	lsls	r7, r3, #6
1000275a:	001a      	movs	r2, r3
1000275c:	183f      	adds	r7, r7, r0
1000275e:	0003      	movs	r3, r0
10002760:	e7b9      	b.n	100026d6 <uart_init+0x62>
10002762:	46c0      	nop			@ (mov r8, r8)
10002764:	bffc8000 	.word	0xbffc8000
10002768:	4000c008 	.word	0x4000c008
1000276c:	4000e000 	.word	0x4000e000
10002770:	4000f000 	.word	0x4000f000
10002774:	20004250 	.word	0x20004250
10002778:	0000102c 	.word	0x0000102c
1000277c:	00000301 	.word	0x00000301
10002780:	0000fffe 	.word	0x0000fffe
10002784:	0000ffff 	.word	0x0000ffff
10002788:	003fffc0 	.word	0x003fffc0
1000278c:	00003030 	.word	0x00003030
10002790:	00000e4e 	.word	0x00000e4e

10002794 <uart_set_translate_crlf>:
10002794:	4a07      	ldr	r2, [pc, #28]	@ (100027b4 <uart_set_translate_crlf+0x20>)
10002796:	424b      	negs	r3, r1
10002798:	4159      	adcs	r1, r3
1000279a:	4694      	mov	ip, r2
1000279c:	424b      	negs	r3, r1
1000279e:	4460      	add	r0, ip
100027a0:	21f6      	movs	r1, #246	@ 0xf6
100027a2:	4242      	negs	r2, r0
100027a4:	4150      	adcs	r0, r2
100027a6:	4019      	ands	r1, r3
100027a8:	4b03      	ldr	r3, [pc, #12]	@ (100027b8 <uart_set_translate_crlf+0x24>)
100027aa:	310a      	adds	r1, #10
100027ac:	0040      	lsls	r0, r0, #1
100027ae:	52c1      	strh	r1, [r0, r3]
100027b0:	4770      	bx	lr
100027b2:	46c0      	nop			@ (mov r8, r8)
100027b4:	bffc8000 	.word	0xbffc8000
100027b8:	20004250 	.word	0x20004250

100027bc <clock_configure_int_divider>:
100027bc:	b5f8      	push	{r3, r4, r5, r6, r7, lr}
100027be:	46de      	mov	lr, fp
100027c0:	464e      	mov	r6, r9
100027c2:	4657      	mov	r7, sl
100027c4:	4645      	mov	r5, r8
100027c6:	b5e0      	push	{r5, r6, r7, lr}
100027c8:	468b      	mov	fp, r1
100027ca:	0005      	movs	r5, r0
100027cc:	990a      	ldr	r1, [sp, #40]	@ 0x28
100027ce:	0018      	movs	r0, r3
100027d0:	0016      	movs	r6, r2
100027d2:	f000 fadd 	bl	10002d90 <__wrap___aeabi_uidiv>
100027d6:	9b0a      	ldr	r3, [sp, #40]	@ 0x28
100027d8:	006c      	lsls	r4, r5, #1
100027da:	021f      	lsls	r7, r3, #8
100027dc:	4b32      	ldr	r3, [pc, #200]	@ (100028a8 <clock_configure_int_divider+0xec>)
100027de:	1964      	adds	r4, r4, r5
100027e0:	469c      	mov	ip, r3
100027e2:	00a4      	lsls	r4, r4, #2
100027e4:	4464      	add	r4, ip
100027e6:	6863      	ldr	r3, [r4, #4]
100027e8:	4681      	mov	r9, r0
100027ea:	429f      	cmp	r7, r3
100027ec:	d900      	bls.n	100027f0 <clock_configure_int_divider+0x34>
100027ee:	6067      	str	r7, [r4, #4]
100027f0:	1f2b      	subs	r3, r5, #4
100027f2:	b2db      	uxtb	r3, r3
100027f4:	4698      	mov	r8, r3
100027f6:	2b01      	cmp	r3, #1
100027f8:	d930      	bls.n	1000285c <clock_configure_int_divider+0xa0>
100027fa:	23c0      	movs	r3, #192	@ 0xc0
100027fc:	2280      	movs	r2, #128	@ 0x80
100027fe:	019b      	lsls	r3, r3, #6
10002800:	18e3      	adds	r3, r4, r3
10002802:	0112      	lsls	r2, r2, #4
10002804:	601a      	str	r2, [r3, #0]
10002806:	4b29      	ldr	r3, [pc, #164]	@ (100028ac <clock_configure_int_divider+0xf0>)
10002808:	00ad      	lsls	r5, r5, #2
1000280a:	5959      	ldr	r1, [r3, r5]
1000280c:	469a      	mov	sl, r3
1000280e:	2900      	cmp	r1, #0
10002810:	d11b      	bne.n	1000284a <clock_configure_int_divider+0x8e>
10002812:	0173      	lsls	r3, r6, #5
10002814:	26e0      	movs	r6, #224	@ 0xe0
10002816:	6822      	ldr	r2, [r4, #0]
10002818:	4053      	eors	r3, r2
1000281a:	401e      	ands	r6, r3
1000281c:	2380      	movs	r3, #128	@ 0x80
1000281e:	4642      	mov	r2, r8
10002820:	015b      	lsls	r3, r3, #5
10002822:	18e3      	adds	r3, r4, r3
10002824:	601e      	str	r6, [r3, #0]
10002826:	2a01      	cmp	r2, #1
10002828:	d930      	bls.n	1000288c <clock_configure_int_divider+0xd0>
1000282a:	2380      	movs	r3, #128	@ 0x80
1000282c:	2280      	movs	r2, #128	@ 0x80
1000282e:	019b      	lsls	r3, r3, #6
10002830:	18e3      	adds	r3, r4, r3
10002832:	0112      	lsls	r2, r2, #4
10002834:	601a      	str	r2, [r3, #0]
10002836:	4653      	mov	r3, sl
10002838:	464a      	mov	r2, r9
1000283a:	6067      	str	r7, [r4, #4]
1000283c:	515a      	str	r2, [r3, r5]
1000283e:	bcf0      	pop	{r4, r5, r6, r7}
10002840:	46bb      	mov	fp, r7
10002842:	46b2      	mov	sl, r6
10002844:	46a9      	mov	r9, r5
10002846:	46a0      	mov	r8, r4
10002848:	bdf8      	pop	{r3, r4, r5, r6, r7, pc}
1000284a:	6958      	ldr	r0, [r3, #20]
1000284c:	f000 faa0 	bl	10002d90 <__wrap___aeabi_uidiv>
10002850:	3001      	adds	r0, #1
10002852:	0043      	lsls	r3, r0, #1
10002854:	181b      	adds	r3, r3, r0
10002856:	3b03      	subs	r3, #3
10002858:	d2fd      	bcs.n	10002856 <clock_configure_int_divider+0x9a>
1000285a:	e7da      	b.n	10002812 <clock_configure_int_divider+0x56>
1000285c:	465b      	mov	r3, fp
1000285e:	2b01      	cmp	r3, #1
10002860:	d1cb      	bne.n	100027fa <clock_configure_int_divider+0x3e>
10002862:	23c0      	movs	r3, #192	@ 0xc0
10002864:	2203      	movs	r2, #3
10002866:	019b      	lsls	r3, r3, #6
10002868:	18e3      	adds	r3, r4, r3
1000286a:	601a      	str	r2, [r3, #0]
1000286c:	3a02      	subs	r2, #2
1000286e:	68a3      	ldr	r3, [r4, #8]
10002870:	421a      	tst	r2, r3
10002872:	d0fc      	beq.n	1000286e <clock_configure_int_divider+0xb2>
10002874:	0173      	lsls	r3, r6, #5
10002876:	26e0      	movs	r6, #224	@ 0xe0
10002878:	6822      	ldr	r2, [r4, #0]
1000287a:	00ad      	lsls	r5, r5, #2
1000287c:	4053      	eors	r3, r2
1000287e:	401e      	ands	r6, r3
10002880:	2380      	movs	r3, #128	@ 0x80
10002882:	4a0a      	ldr	r2, [pc, #40]	@ (100028ac <clock_configure_int_divider+0xf0>)
10002884:	015b      	lsls	r3, r3, #5
10002886:	4692      	mov	sl, r2
10002888:	18e3      	adds	r3, r4, r3
1000288a:	601e      	str	r6, [r3, #0]
1000288c:	465a      	mov	r2, fp
1000288e:	6821      	ldr	r1, [r4, #0]
10002890:	4051      	eors	r1, r2
10002892:	2203      	movs	r2, #3
10002894:	400a      	ands	r2, r1
10002896:	601a      	str	r2, [r3, #0]
10002898:	2201      	movs	r2, #1
1000289a:	465b      	mov	r3, fp
1000289c:	409a      	lsls	r2, r3
1000289e:	68a3      	ldr	r3, [r4, #8]
100028a0:	421a      	tst	r2, r3
100028a2:	d0fc      	beq.n	1000289e <clock_configure_int_divider+0xe2>
100028a4:	e7c1      	b.n	1000282a <clock_configure_int_divider+0x6e>
100028a6:	46c0      	nop			@ (mov r8, r8)
100028a8:	40008000 	.word	0x40008000
100028ac:	20003ec8 	.word	0x20003ec8

100028b0 <clock_configure_undivided>:
100028b0:	b5f0      	push	{r4, r5, r6, r7, lr}
100028b2:	4646      	mov	r6, r8
100028b4:	464f      	mov	r7, r9
100028b6:	46d6      	mov	lr, sl
100028b8:	b5c0      	push	{r6, r7, lr}
100028ba:	001f      	movs	r7, r3
100028bc:	4b34      	ldr	r3, [pc, #208]	@ (10002990 <clock_configure_undivided+0xe0>)
100028be:	0044      	lsls	r4, r0, #1
100028c0:	469c      	mov	ip, r3
100028c2:	1824      	adds	r4, r4, r0
100028c4:	00a4      	lsls	r4, r4, #2
100028c6:	4464      	add	r4, ip
100028c8:	6863      	ldr	r3, [r4, #4]
100028ca:	4688      	mov	r8, r1
100028cc:	0016      	movs	r6, r2
100028ce:	2bff      	cmp	r3, #255	@ 0xff
100028d0:	d802      	bhi.n	100028d8 <clock_configure_undivided+0x28>
100028d2:	2380      	movs	r3, #128	@ 0x80
100028d4:	005b      	lsls	r3, r3, #1
100028d6:	6063      	str	r3, [r4, #4]
100028d8:	1f03      	subs	r3, r0, #4
100028da:	b2db      	uxtb	r3, r3
100028dc:	469a      	mov	sl, r3
100028de:	2b01      	cmp	r3, #1
100028e0:	d930      	bls.n	10002944 <clock_configure_undivided+0x94>
100028e2:	23c0      	movs	r3, #192	@ 0xc0
100028e4:	2280      	movs	r2, #128	@ 0x80
100028e6:	019b      	lsls	r3, r3, #6
100028e8:	18e3      	adds	r3, r4, r3
100028ea:	0112      	lsls	r2, r2, #4
100028ec:	601a      	str	r2, [r3, #0]
100028ee:	4b29      	ldr	r3, [pc, #164]	@ (10002994 <clock_configure_undivided+0xe4>)
100028f0:	0085      	lsls	r5, r0, #2
100028f2:	5959      	ldr	r1, [r3, r5]
100028f4:	4699      	mov	r9, r3
100028f6:	2900      	cmp	r1, #0
100028f8:	d11b      	bne.n	10002932 <clock_configure_undivided+0x82>
100028fa:	0173      	lsls	r3, r6, #5
100028fc:	26e0      	movs	r6, #224	@ 0xe0
100028fe:	6822      	ldr	r2, [r4, #0]
10002900:	4053      	eors	r3, r2
10002902:	401e      	ands	r6, r3
10002904:	2380      	movs	r3, #128	@ 0x80
10002906:	4652      	mov	r2, sl
10002908:	015b      	lsls	r3, r3, #5
1000290a:	18e3      	adds	r3, r4, r3
1000290c:	601e      	str	r6, [r3, #0]
1000290e:	2a01      	cmp	r2, #1
10002910:	d930      	bls.n	10002974 <clock_configure_undivided+0xc4>
10002912:	2380      	movs	r3, #128	@ 0x80
10002914:	2280      	movs	r2, #128	@ 0x80
10002916:	019b      	lsls	r3, r3, #6
10002918:	18e3      	adds	r3, r4, r3
1000291a:	0112      	lsls	r2, r2, #4
1000291c:	601a      	str	r2, [r3, #0]
1000291e:	2380      	movs	r3, #128	@ 0x80
10002920:	005b      	lsls	r3, r3, #1
10002922:	6063      	str	r3, [r4, #4]
10002924:	464b      	mov	r3, r9
10002926:	515f      	str	r7, [r3, r5]
10002928:	bce0      	pop	{r5, r6, r7}
1000292a:	46ba      	mov	sl, r7
1000292c:	46b1      	mov	r9, r6
1000292e:	46a8      	mov	r8, r5
10002930:	bdf0      	pop	{r4, r5, r6, r7, pc}
10002932:	6958      	ldr	r0, [r3, #20]
10002934:	f000 fa2c 	bl	10002d90 <__wrap___aeabi_uidiv>
10002938:	3001      	adds	r0, #1
1000293a:	0043      	lsls	r3, r0, #1
1000293c:	181b      	adds	r3, r3, r0
1000293e:	3b03      	subs	r3, #3
10002940:	d2fd      	bcs.n	1000293e <clock_configure_undivided+0x8e>
10002942:	e7da      	b.n	100028fa <clock_configure_undivided+0x4a>
10002944:	4643      	mov	r3, r8
10002946:	2b01      	cmp	r3, #1
10002948:	d1cb      	bne.n	100028e2 <clock_configure_undivided+0x32>
1000294a:	23c0      	movs	r3, #192	@ 0xc0
1000294c:	2203      	movs	r2, #3
1000294e:	019b      	lsls	r3, r3, #6
10002950:	18e3      	adds	r3, r4, r3
10002952:	601a      	str	r2, [r3, #0]
10002954:	3a02      	subs	r2, #2
10002956:	68a3      	ldr	r3, [r4, #8]
10002958:	421a      	tst	r2, r3
1000295a:	d0fc      	beq.n	10002956 <clock_configure_undivided+0xa6>
1000295c:	0173      	lsls	r3, r6, #5
1000295e:	26e0      	movs	r6, #224	@ 0xe0
10002960:	6822      	ldr	r2, [r4, #0]
10002962:	0085      	lsls	r5, r0, #2
10002964:	4053      	eors	r3, r2
10002966:	401e      	ands	r6, r3
10002968:	2380      	movs	r3, #128	@ 0x80
1000296a:	4a0a      	ldr	r2, [pc, #40]	@ (10002994 <clock_configure_undivided+0xe4>)
1000296c:	015b      	lsls	r3, r3, #5
1000296e:	4691      	mov	r9, r2
10002970:	18e3      	adds	r3, r4, r3
10002972:	601e      	str	r6, [r3, #0]
10002974:	4642      	mov	r2, r8
10002976:	6821      	ldr	r1, [r4, #0]
10002978:	4051      	eors	r1, r2
1000297a:	2203      	movs	r2, #3
1000297c:	400a      	ands	r2, r1
1000297e:	601a      	str	r2, [r3, #0]
10002980:	2301      	movs	r3, #1
10002982:	4642      	mov	r2, r8
10002984:	4093      	lsls	r3, r2
10002986:	68a2      	ldr	r2, [r4, #8]
10002988:	4213      	tst	r3, r2
1000298a:	d0fc      	beq.n	10002986 <clock_configure_undivided+0xd6>
1000298c:	e7c1      	b.n	10002912 <clock_configure_undivided+0x62>
1000298e:	46c0      	nop			@ (mov r8, r8)
10002990:	40008000 	.word	0x40008000
10002994:	20003ec8 	.word	0x20003ec8

10002998 <clock_get_hz>:
10002998:	4b01      	ldr	r3, [pc, #4]	@ (100029a0 <clock_get_hz+0x8>)
1000299a:	0080      	lsls	r0, r0, #2
1000299c:	58c0      	ldr	r0, [r0, r3]
1000299e:	4770      	bx	lr
100029a0:	20003ec8 	.word	0x20003ec8

100029a4 <pll_init>:
100029a4:	b5f8      	push	{r3, r4, r5, r6, r7, lr}
100029a6:	0004      	movs	r4, r0
100029a8:	4821      	ldr	r0, [pc, #132]	@ (10002a30 <pll_init+0x8c>)
100029aa:	001e      	movs	r6, r3
100029ac:	0017      	movs	r7, r2
100029ae:	000d      	movs	r5, r1
100029b0:	f000 f9ee 	bl	10002d90 <__wrap___aeabi_uidiv>
100029b4:	0001      	movs	r1, r0
100029b6:	0038      	movs	r0, r7
100029b8:	f000 f9ea 	bl	10002d90 <__wrap___aeabi_uidiv>
100029bc:	9b06      	ldr	r3, [sp, #24]
100029be:	0436      	lsls	r6, r6, #16
100029c0:	031b      	lsls	r3, r3, #12
100029c2:	431e      	orrs	r6, r3
100029c4:	6823      	ldr	r3, [r4, #0]
100029c6:	2b00      	cmp	r3, #0
100029c8:	db20      	blt.n	10002a0c <pll_init+0x68>
100029ca:	4b1a      	ldr	r3, [pc, #104]	@ (10002a34 <pll_init+0x90>)
100029cc:	491a      	ldr	r1, [pc, #104]	@ (10002a38 <pll_init+0x94>)
100029ce:	18e3      	adds	r3, r4, r3
100029d0:	1e5a      	subs	r2, r3, #1
100029d2:	4193      	sbcs	r3, r2
100029d4:	2280      	movs	r2, #128	@ 0x80
100029d6:	0192      	lsls	r2, r2, #6
100029d8:	4694      	mov	ip, r2
100029da:	425b      	negs	r3, r3
100029dc:	0b1b      	lsrs	r3, r3, #12
100029de:	4a17      	ldr	r2, [pc, #92]	@ (10002a3c <pll_init+0x98>)
100029e0:	031b      	lsls	r3, r3, #12
100029e2:	4463      	add	r3, ip
100029e4:	6013      	str	r3, [r2, #0]
100029e6:	4a16      	ldr	r2, [pc, #88]	@ (10002a40 <pll_init+0x9c>)
100029e8:	6013      	str	r3, [r2, #0]
100029ea:	001f      	movs	r7, r3
100029ec:	680a      	ldr	r2, [r1, #0]
100029ee:	4397      	bics	r7, r2
100029f0:	d1fb      	bne.n	100029ea <pll_init+0x46>
100029f2:	4b14      	ldr	r3, [pc, #80]	@ (10002a44 <pll_init+0xa0>)
100029f4:	6025      	str	r5, [r4, #0]
100029f6:	18e2      	adds	r2, r4, r3
100029f8:	2321      	movs	r3, #33	@ 0x21
100029fa:	60a0      	str	r0, [r4, #8]
100029fc:	6013      	str	r3, [r2, #0]
100029fe:	6823      	ldr	r3, [r4, #0]
10002a00:	2b00      	cmp	r3, #0
10002a02:	dafc      	bge.n	100029fe <pll_init+0x5a>
10002a04:	2308      	movs	r3, #8
10002a06:	60e6      	str	r6, [r4, #12]
10002a08:	6013      	str	r3, [r2, #0]
10002a0a:	bdf8      	pop	{r3, r4, r5, r6, r7, pc}
10002a0c:	233f      	movs	r3, #63	@ 0x3f
10002a0e:	6822      	ldr	r2, [r4, #0]
10002a10:	4013      	ands	r3, r2
10002a12:	42ab      	cmp	r3, r5
10002a14:	d1d9      	bne.n	100029ca <pll_init+0x26>
10002a16:	68a3      	ldr	r3, [r4, #8]
10002a18:	051b      	lsls	r3, r3, #20
10002a1a:	0d1b      	lsrs	r3, r3, #20
10002a1c:	4283      	cmp	r3, r0
10002a1e:	d1d4      	bne.n	100029ca <pll_init+0x26>
10002a20:	22ee      	movs	r2, #238	@ 0xee
10002a22:	68e3      	ldr	r3, [r4, #12]
10002a24:	02d2      	lsls	r2, r2, #11
10002a26:	4013      	ands	r3, r2
10002a28:	42b3      	cmp	r3, r6
10002a2a:	d1ce      	bne.n	100029ca <pll_init+0x26>
10002a2c:	e7ed      	b.n	10002a0a <pll_init+0x66>
10002a2e:	46c0      	nop			@ (mov r8, r8)
10002a30:	00b71b00 	.word	0x00b71b00
10002a34:	bffd4000 	.word	0xbffd4000
10002a38:	4000c008 	.word	0x4000c008
10002a3c:	4000e000 	.word	0x4000e000
10002a40:	4000f000 	.word	0x4000f000
10002a44:	00003004 	.word	0x00003004

10002a48 <watchdog_reboot>:
10002a48:	b510      	push	{r4, lr}
10002a4a:	2480      	movs	r4, #128	@ 0x80
10002a4c:	4b1c      	ldr	r3, [pc, #112]	@ (10002ac0 <watchdog_reboot+0x78>)
10002a4e:	05e4      	lsls	r4, r4, #23
10002a50:	601c      	str	r4, [r3, #0]
10002a52:	2800      	cmp	r0, #0
10002a54:	d01a      	beq.n	10002a8c <watchdog_reboot+0x44>
10002a56:	2301      	movs	r3, #1
10002a58:	4c1a      	ldr	r4, [pc, #104]	@ (10002ac4 <watchdog_reboot+0x7c>)
10002a5a:	4318      	orrs	r0, r3
10002a5c:	4b1a      	ldr	r3, [pc, #104]	@ (10002ac8 <watchdog_reboot+0x80>)
10002a5e:	61dc      	str	r4, [r3, #28]
10002a60:	4c1a      	ldr	r4, [pc, #104]	@ (10002acc <watchdog_reboot+0x84>)
10002a62:	4044      	eors	r4, r0
10002a64:	621c      	str	r4, [r3, #32]
10002a66:	6259      	str	r1, [r3, #36]	@ 0x24
10002a68:	6298      	str	r0, [r3, #40]	@ 0x28
10002a6a:	2180      	movs	r1, #128	@ 0x80
10002a6c:	4b14      	ldr	r3, [pc, #80]	@ (10002ac0 <watchdog_reboot+0x78>)
10002a6e:	05c9      	lsls	r1, r1, #23
10002a70:	6019      	str	r1, [r3, #0]
10002a72:	4817      	ldr	r0, [pc, #92]	@ (10002ad0 <watchdog_reboot+0x88>)
10002a74:	4917      	ldr	r1, [pc, #92]	@ (10002ad4 <watchdog_reboot+0x8c>)
10002a76:	6008      	str	r0, [r1, #0]
10002a78:	21e0      	movs	r1, #224	@ 0xe0
10002a7a:	04c9      	lsls	r1, r1, #19
10002a7c:	6019      	str	r1, [r3, #0]
10002a7e:	2a00      	cmp	r2, #0
10002a80:	d107      	bne.n	10002a92 <watchdog_reboot+0x4a>
10002a82:	2280      	movs	r2, #128	@ 0x80
10002a84:	4b14      	ldr	r3, [pc, #80]	@ (10002ad8 <watchdog_reboot+0x90>)
10002a86:	0612      	lsls	r2, r2, #24
10002a88:	601a      	str	r2, [r3, #0]
10002a8a:	bd10      	pop	{r4, pc}
10002a8c:	4b0e      	ldr	r3, [pc, #56]	@ (10002ac8 <watchdog_reboot+0x80>)
10002a8e:	61d8      	str	r0, [r3, #28]
10002a90:	e7eb      	b.n	10002a6a <watchdog_reboot+0x22>
10002a92:	0153      	lsls	r3, r2, #5
10002a94:	1a9b      	subs	r3, r3, r2
10002a96:	009b      	lsls	r3, r3, #2
10002a98:	189a      	adds	r2, r3, r2
10002a9a:	2380      	movs	r3, #128	@ 0x80
10002a9c:	0112      	lsls	r2, r2, #4
10002a9e:	045b      	lsls	r3, r3, #17
10002aa0:	429a      	cmp	r2, r3
10002aa2:	d209      	bcs.n	10002ab8 <watchdog_reboot+0x70>
10002aa4:	0013      	movs	r3, r2
10002aa6:	490d      	ldr	r1, [pc, #52]	@ (10002adc <watchdog_reboot+0x94>)
10002aa8:	600b      	str	r3, [r1, #0]
10002aaa:	4b07      	ldr	r3, [pc, #28]	@ (10002ac8 <watchdog_reboot+0x80>)
10002aac:	605a      	str	r2, [r3, #4]
10002aae:	2280      	movs	r2, #128	@ 0x80
10002ab0:	4b09      	ldr	r3, [pc, #36]	@ (10002ad8 <watchdog_reboot+0x90>)
10002ab2:	05d2      	lsls	r2, r2, #23
10002ab4:	601a      	str	r2, [r3, #0]
10002ab6:	e7e8      	b.n	10002a8a <watchdog_reboot+0x42>
10002ab8:	4b09      	ldr	r3, [pc, #36]	@ (10002ae0 <watchdog_reboot+0x98>)
10002aba:	001a      	movs	r2, r3
10002abc:	e7f3      	b.n	10002aa6 <watchdog_reboot+0x5e>
10002abe:	46c0      	nop			@ (mov r8, r8)
10002ac0:	4005b000 	.word	0x4005b000
10002ac4:	b007c0d3 	.word	0xb007c0d3
10002ac8:	40058000 	.word	0x40058000
10002acc:	4ff83f2d 	.word	0x4ff83f2d
10002ad0:	0001fffc 	.word	0x0001fffc
10002ad4:	40012008 	.word	0x40012008
10002ad8:	4005a000 	.word	0x4005a000
10002adc:	20004114 	.word	0x20004114
10002ae0:	00ffffff 	.word	0x00ffffff

10002ae4 <tick_start>:
10002ae4:	2380      	movs	r3, #128	@ 0x80
10002ae6:	4a02      	ldr	r2, [pc, #8]	@ (10002af0 <tick_start+0xc>)
10002ae8:	009b      	lsls	r3, r3, #2
10002aea:	430b      	orrs	r3, r1
10002aec:	62d3      	str	r3, [r2, #44]	@ 0x2c
10002aee:	4770      	bx	lr
10002af0:	40058000 	.word	0x40058000

10002af4 <rom_func_lookup>:
10002af4:	2300      	movs	r3, #0
10002af6:	b510      	push	{r4, lr}
10002af8:	0001      	movs	r1, r0
10002afa:	8a98      	ldrh	r0, [r3, #20]
10002afc:	8b1b      	ldrh	r3, [r3, #24]
10002afe:	4798      	blx	r3
10002b00:	bd10      	pop	{r4, pc}
10002b02:	46c0      	nop			@ (mov r8, r8)

10002b04 <rom_data_lookup>:
10002b04:	2316      	movs	r3, #22
10002b06:	b510      	push	{r4, lr}
10002b08:	0001      	movs	r1, r0
10002b0a:	8818      	ldrh	r0, [r3, #0]
10002b0c:	3302      	adds	r3, #2
10002b0e:	881b      	ldrh	r3, [r3, #0]
10002b10:	4798      	blx	r3
10002b12:	bd10      	pop	{r4, pc}

10002b14 <rom_funcs_lookup>:
10002b14:	b5f8      	push	{r3, r4, r5, r6, r7, lr}
10002b16:	4647      	mov	r7, r8
10002b18:	46ce      	mov	lr, r9
10002b1a:	b580      	push	{r7, lr}
10002b1c:	1e0f      	subs	r7, r1, #0
10002b1e:	d018      	beq.n	10002b52 <rom_funcs_lookup+0x3e>
10002b20:	2314      	movs	r3, #20
10002b22:	4699      	mov	r9, r3
10002b24:	3304      	adds	r3, #4
10002b26:	0004      	movs	r4, r0
10002b28:	2500      	movs	r5, #0
10002b2a:	2601      	movs	r6, #1
10002b2c:	4698      	mov	r8, r3
10002b2e:	464b      	mov	r3, r9
10002b30:	8818      	ldrh	r0, [r3, #0]
10002b32:	4643      	mov	r3, r8
10002b34:	6821      	ldr	r1, [r4, #0]
10002b36:	881b      	ldrh	r3, [r3, #0]
10002b38:	4798      	blx	r3
10002b3a:	c401      	stmia	r4!, {r0}
10002b3c:	1e43      	subs	r3, r0, #1
10002b3e:	4198      	sbcs	r0, r3
10002b40:	3501      	adds	r5, #1
10002b42:	4006      	ands	r6, r0
10002b44:	42af      	cmp	r7, r5
10002b46:	d1f2      	bne.n	10002b2e <rom_funcs_lookup+0x1a>
10002b48:	0030      	movs	r0, r6
10002b4a:	bcc0      	pop	{r6, r7}
10002b4c:	46b9      	mov	r9, r7
10002b4e:	46b0      	mov	r8, r6
10002b50:	bdf8      	pop	{r3, r4, r5, r6, r7, pc}
10002b52:	2601      	movs	r6, #1
10002b54:	e7f8      	b.n	10002b48 <rom_funcs_lookup+0x34>
10002b56:	46c0      	nop			@ (mov r8, r8)

10002b58 <xosc_init>:
10002b58:	23aa      	movs	r3, #170	@ 0xaa
10002b5a:	4a06      	ldr	r2, [pc, #24]	@ (10002b74 <xosc_init+0x1c>)
10002b5c:	011b      	lsls	r3, r3, #4
10002b5e:	6013      	str	r3, [r2, #0]
10002b60:	3321      	adds	r3, #33	@ 0x21
10002b62:	33ff      	adds	r3, #255	@ 0xff
10002b64:	60d3      	str	r3, [r2, #12]
10002b66:	4904      	ldr	r1, [pc, #16]	@ (10002b78 <xosc_init+0x20>)
10002b68:	4b04      	ldr	r3, [pc, #16]	@ (10002b7c <xosc_init+0x24>)
10002b6a:	6019      	str	r1, [r3, #0]
10002b6c:	6853      	ldr	r3, [r2, #4]
10002b6e:	2b00      	cmp	r3, #0
10002b70:	dafc      	bge.n	10002b6c <xosc_init+0x14>
10002b72:	4770      	bx	lr
10002b74:	40024000 	.word	0x40024000
10002b78:	00fab000 	.word	0x00fab000
10002b7c:	40026000 	.word	0x40026000

10002b80 <first_per_core_initializer>:
10002b80:	4770      	bx	lr
10002b82:	46c0      	nop			@ (mov r8, r8)

10002b84 <hard_assertion_failure>:
10002b84:	b510      	push	{r4, lr}
10002b86:	4801      	ldr	r0, [pc, #4]	@ (10002b8c <hard_assertion_failure+0x8>)
10002b88:	f7fe fde0 	bl	1000174c <panic>
10002b8c:	1000b158 	.word	0x1000b158

10002b90 <runtime_run_initializers>:
10002b90:	b570      	push	{r4, r5, r6, lr}
10002b92:	4d07      	ldr	r5, [pc, #28]	@ (10002bb0 <runtime_run_initializers+0x20>)
10002b94:	4e07      	ldr	r6, [pc, #28]	@ (10002bb4 <runtime_run_initializers+0x24>)
10002b96:	42b5      	cmp	r5, r6
10002b98:	d209      	bcs.n	10002bae <runtime_run_initializers+0x1e>
10002b9a:	2400      	movs	r4, #0
10002b9c:	3e01      	subs	r6, #1
10002b9e:	1b76      	subs	r6, r6, r5
10002ba0:	08b6      	lsrs	r6, r6, #2
10002ba2:	cd08      	ldmia	r5!, {r3}
10002ba4:	4798      	blx	r3
10002ba6:	0023      	movs	r3, r4
10002ba8:	3401      	adds	r4, #1
10002baa:	42b3      	cmp	r3, r6
10002bac:	d1f9      	bne.n	10002ba2 <runtime_run_initializers+0x12>
10002bae:	bd70      	pop	{r4, r5, r6, pc}
10002bb0:	1000b058 	.word	0x1000b058
10002bb4:	1000b094 	.word	0x1000b094

10002bb8 <runtime_init_early_resets>:
10002bb8:	4b05      	ldr	r3, [pc, #20]	@ (10002bd0 <runtime_init_early_resets+0x18>)
10002bba:	4a06      	ldr	r2, [pc, #24]	@ (10002bd4 <runtime_init_early_resets+0x1c>)
10002bbc:	4906      	ldr	r1, [pc, #24]	@ (10002bd8 <runtime_init_early_resets+0x20>)
10002bbe:	601a      	str	r2, [r3, #0]
10002bc0:	4a06      	ldr	r2, [pc, #24]	@ (10002bdc <runtime_init_early_resets+0x24>)
10002bc2:	4b07      	ldr	r3, [pc, #28]	@ (10002be0 <runtime_init_early_resets+0x28>)
10002bc4:	601a      	str	r2, [r3, #0]
10002bc6:	0010      	movs	r0, r2
10002bc8:	680b      	ldr	r3, [r1, #0]
10002bca:	4398      	bics	r0, r3
10002bcc:	d1fb      	bne.n	10002bc6 <runtime_init_early_resets+0xe>
10002bce:	4770      	bx	lr
10002bd0:	4000e000 	.word	0x4000e000
10002bd4:	fefbcdbf 	.word	0xfefbcdbf
10002bd8:	4000c008 	.word	0x4000c008
10002bdc:	003c7ffe 	.word	0x003c7ffe
10002be0:	4000f000 	.word	0x4000f000

10002be4 <runtime_init_usb_power_down>:
10002be4:	4b04      	ldr	r3, [pc, #16]	@ (10002bf8 <runtime_init_usb_power_down+0x14>)
10002be6:	6cdb      	ldr	r3, [r3, #76]	@ 0x4c
10002be8:	2b00      	cmp	r3, #0
10002bea:	d103      	bne.n	10002bf4 <runtime_init_usb_power_down+0x10>
10002bec:	2280      	movs	r2, #128	@ 0x80
10002bee:	4b03      	ldr	r3, [pc, #12]	@ (10002bfc <runtime_init_usb_power_down+0x18>)
10002bf0:	02d2      	lsls	r2, r2, #11
10002bf2:	601a      	str	r2, [r3, #0]
10002bf4:	4770      	bx	lr
10002bf6:	46c0      	nop			@ (mov r8, r8)
10002bf8:	50110000 	.word	0x50110000
10002bfc:	5011204c 	.word	0x5011204c

10002c00 <runtime_init_post_clock_resets>:
10002c00:	4a04      	ldr	r2, [pc, #16]	@ (10002c14 <runtime_init_post_clock_resets+0x14>)
10002c02:	4b05      	ldr	r3, [pc, #20]	@ (10002c18 <runtime_init_post_clock_resets+0x18>)
10002c04:	601a      	str	r2, [r3, #0]
10002c06:	4a05      	ldr	r2, [pc, #20]	@ (10002c1c <runtime_init_post_clock_resets+0x1c>)
10002c08:	6813      	ldr	r3, [r2, #0]
10002c0a:	01db      	lsls	r3, r3, #7
10002c0c:	3380      	adds	r3, #128	@ 0x80
10002c0e:	d1fb      	bne.n	10002c08 <runtime_init_post_clock_resets+0x8>
10002c10:	4770      	bx	lr
10002c12:	46c0      	nop			@ (mov r8, r8)
10002c14:	01ffffff 	.word	0x01ffffff
10002c18:	4000f000 	.word	0x4000f000
10002c1c:	4000c008 	.word	0x4000c008

10002c20 <runtime_init_rp2040_gpio_ie_disable>:
10002c20:	2240      	movs	r2, #64	@ 0x40
10002c22:	4b03      	ldr	r3, [pc, #12]	@ (10002c30 <runtime_init_rp2040_gpio_ie_disable+0x10>)
10002c24:	679a      	str	r2, [r3, #120]	@ 0x78
10002c26:	675a      	str	r2, [r3, #116]	@ 0x74
10002c28:	671a      	str	r2, [r3, #112]	@ 0x70
10002c2a:	66da      	str	r2, [r3, #108]	@ 0x6c
10002c2c:	4770      	bx	lr
10002c2e:	46c0      	nop			@ (mov r8, r8)
10002c30:	4001f000 	.word	0x4001f000

10002c34 <runtime_init_spin_locks_reset>:
10002c34:	b510      	push	{r4, lr}
10002c36:	f7fe fe3b 	bl	100018b0 <spin_locks_reset>
10002c3a:	bd10      	pop	{r4, pc}

10002c3c <runtime_init_install_ram_vector_table>:
10002c3c:	b570      	push	{r4, r5, r6, lr}
10002c3e:	4d04      	ldr	r5, [pc, #16]	@ (10002c50 <runtime_init_install_ram_vector_table+0x14>)
10002c40:	4c04      	ldr	r4, [pc, #16]	@ (10002c54 <runtime_init_install_ram_vector_table+0x18>)
10002c42:	68a9      	ldr	r1, [r5, #8]
10002c44:	22c0      	movs	r2, #192	@ 0xc0
10002c46:	0020      	movs	r0, r4
10002c48:	f000 fcf0 	bl	1000362c <__wrap___aeabi_memcpy>
10002c4c:	60ac      	str	r4, [r5, #8]
10002c4e:	bd70      	pop	{r4, r5, r6, pc}
10002c50:	e000ed00 	.word	0xe000ed00
10002c54:	20000000 	.word	0x20000000

10002c58 <runtime_init_clocks>:
10002c58:	2300      	movs	r3, #0
10002c5a:	b510      	push	{r4, lr}
10002c5c:	4c29      	ldr	r4, [pc, #164]	@ (10002d04 <runtime_init_clocks+0xac>)
10002c5e:	b082      	sub	sp, #8
10002c60:	67a3      	str	r3, [r4, #120]	@ 0x78
10002c62:	f7ff ff79 	bl	10002b58 <xosc_init>
10002c66:	2201      	movs	r2, #1
10002c68:	4b27      	ldr	r3, [pc, #156]	@ (10002d08 <runtime_init_clocks+0xb0>)
10002c6a:	601a      	str	r2, [r3, #0]
10002c6c:	6c63      	ldr	r3, [r4, #68]	@ 0x44
10002c6e:	2b01      	cmp	r3, #1
10002c70:	d1fc      	bne.n	10002c6c <runtime_init_clocks+0x14>
10002c72:	2203      	movs	r2, #3
10002c74:	4b25      	ldr	r3, [pc, #148]	@ (10002d0c <runtime_init_clocks+0xb4>)
10002c76:	601a      	str	r2, [r3, #0]
10002c78:	4a22      	ldr	r2, [pc, #136]	@ (10002d04 <runtime_init_clocks+0xac>)
10002c7a:	6b93      	ldr	r3, [r2, #56]	@ 0x38
10002c7c:	2b01      	cmp	r3, #1
10002c7e:	d1fc      	bne.n	10002c7a <runtime_init_clocks+0x22>
10002c80:	3301      	adds	r3, #1
10002c82:	9300      	str	r3, [sp, #0]
10002c84:	2101      	movs	r1, #1
10002c86:	4a22      	ldr	r2, [pc, #136]	@ (10002d10 <runtime_init_clocks+0xb8>)
10002c88:	4822      	ldr	r0, [pc, #136]	@ (10002d14 <runtime_init_clocks+0xbc>)
10002c8a:	3304      	adds	r3, #4
10002c8c:	f7ff fe8a 	bl	100029a4 <pll_init>
10002c90:	2305      	movs	r3, #5
10002c92:	2101      	movs	r1, #1
10002c94:	9300      	str	r3, [sp, #0]
10002c96:	4a20      	ldr	r2, [pc, #128]	@ (10002d18 <runtime_init_clocks+0xc0>)
10002c98:	4820      	ldr	r0, [pc, #128]	@ (10002d1c <runtime_init_clocks+0xc4>)
10002c9a:	f7ff fe83 	bl	100029a4 <pll_init>
10002c9e:	2200      	movs	r2, #0
10002ca0:	2102      	movs	r1, #2
10002ca2:	2004      	movs	r0, #4
10002ca4:	4b1e      	ldr	r3, [pc, #120]	@ (10002d20 <runtime_init_clocks+0xc8>)
10002ca6:	f7ff fe03 	bl	100028b0 <clock_configure_undivided>
10002caa:	2200      	movs	r2, #0
10002cac:	2101      	movs	r1, #1
10002cae:	2005      	movs	r0, #5
10002cb0:	4b1c      	ldr	r3, [pc, #112]	@ (10002d24 <runtime_init_clocks+0xcc>)
10002cb2:	f7ff fdfd 	bl	100028b0 <clock_configure_undivided>
10002cb6:	2200      	movs	r2, #0
10002cb8:	2100      	movs	r1, #0
10002cba:	2007      	movs	r0, #7
10002cbc:	4b1a      	ldr	r3, [pc, #104]	@ (10002d28 <runtime_init_clocks+0xd0>)
10002cbe:	f7ff fdf7 	bl	100028b0 <clock_configure_undivided>
10002cc2:	2200      	movs	r2, #0
10002cc4:	2100      	movs	r1, #0
10002cc6:	2008      	movs	r0, #8
10002cc8:	4b17      	ldr	r3, [pc, #92]	@ (10002d28 <runtime_init_clocks+0xd0>)
10002cca:	f7ff fdf1 	bl	100028b0 <clock_configure_undivided>
10002cce:	2380      	movs	r3, #128	@ 0x80
10002cd0:	00db      	lsls	r3, r3, #3
10002cd2:	9300      	str	r3, [sp, #0]
10002cd4:	2200      	movs	r2, #0
10002cd6:	2100      	movs	r1, #0
10002cd8:	2009      	movs	r0, #9
10002cda:	4b13      	ldr	r3, [pc, #76]	@ (10002d28 <runtime_init_clocks+0xd0>)
10002cdc:	f7ff fd6e 	bl	100027bc <clock_configure_int_divider>
10002ce0:	2200      	movs	r2, #0
10002ce2:	4b10      	ldr	r3, [pc, #64]	@ (10002d24 <runtime_init_clocks+0xcc>)
10002ce4:	2100      	movs	r1, #0
10002ce6:	2006      	movs	r0, #6
10002ce8:	f7ff fde2 	bl	100028b0 <clock_configure_undivided>
10002cec:	2004      	movs	r0, #4
10002cee:	f7ff fe53 	bl	10002998 <clock_get_hz>
10002cf2:	490e      	ldr	r1, [pc, #56]	@ (10002d2c <runtime_init_clocks+0xd4>)
10002cf4:	f000 f84c 	bl	10002d90 <__wrap___aeabi_uidiv>
10002cf8:	0001      	movs	r1, r0
10002cfa:	2000      	movs	r0, #0
10002cfc:	f7ff fef2 	bl	10002ae4 <tick_start>
10002d00:	b002      	add	sp, #8
10002d02:	bd10      	pop	{r4, pc}
10002d04:	40008000 	.word	0x40008000
10002d08:	4000b03c 	.word	0x4000b03c
10002d0c:	4000b030 	.word	0x4000b030
10002d10:	59682f00 	.word	0x59682f00
10002d14:	40028000 	.word	0x40028000
10002d18:	47868c00 	.word	0x47868c00
10002d1c:	4002c000 	.word	0x4002c000
10002d20:	00b71b00 	.word	0x00b71b00
10002d24:	07735940 	.word	0x07735940
10002d28:	02dc6c00 	.word	0x02dc6c00
10002d2c:	000f4240 	.word	0x000f4240

10002d30 <__aeabi_bits_init>:
10002d30:	4801      	ldr	r0, [pc, #4]	@ (10002d38 <__aeabi_bits_init+0x8>)
10002d32:	2104      	movs	r1, #4
10002d34:	4b01      	ldr	r3, [pc, #4]	@ (10002d3c <__aeabi_bits_init+0xc>)
10002d36:	4718      	bx	r3
10002d38:	20000940 	.word	0x20000940
10002d3c:	10002b15 	.word	0x10002b15

10002d40 <__wrap___aeabi_idiv>:
10002d40:	4a12      	ldr	r2, [pc, #72]	@ (10002d8c <divmod_s32s32_savestate+0x18>)
10002d42:	6f93      	ldr	r3, [r2, #120]	@ 0x78
10002d44:	089b      	lsrs	r3, r3, #2
10002d46:	d215      	bcs.n	10002d74 <divmod_s32s32_savestate>

10002d48 <divmod_s32s32_unsafe>:
10002d48:	6690      	str	r0, [r2, #104]	@ 0x68
10002d4a:	66d1      	str	r1, [r2, #108]	@ 0x6c
10002d4c:	2900      	cmp	r1, #0
10002d4e:	d005      	beq.n	10002d5c <divmod_s32s32_unsafe+0x14>
10002d50:	e7ff      	b.n	10002d52 <divmod_s32s32_unsafe+0xa>
10002d52:	e7ff      	b.n	10002d54 <divmod_s32s32_unsafe+0xc>
10002d54:	e7ff      	b.n	10002d56 <divmod_s32s32_unsafe+0xe>
10002d56:	6f51      	ldr	r1, [r2, #116]	@ 0x74
10002d58:	6f10      	ldr	r0, [r2, #112]	@ 0x70
10002d5a:	4770      	bx	lr
10002d5c:	b504      	push	{r2, lr}
10002d5e:	2180      	movs	r1, #128	@ 0x80
10002d60:	0609      	lsls	r1, r1, #24
10002d62:	17c2      	asrs	r2, r0, #31
10002d64:	4051      	eors	r1, r2
10002d66:	2800      	cmp	r0, #0
10002d68:	d000      	beq.n	10002d6c <divmod_s32s32_unsafe+0x24>
10002d6a:	43c8      	mvns	r0, r1
10002d6c:	f008 f954 	bl	1000b018 <____aeabi_idiv0_veneer>
10002d70:	2100      	movs	r1, #0
10002d72:	bd04      	pop	{r2, pc}

10002d74 <divmod_s32s32_savestate>:
10002d74:	b5f0      	push	{r4, r5, r6, r7, lr}
10002d76:	6e14      	ldr	r4, [r2, #96]	@ 0x60
10002d78:	6e55      	ldr	r5, [r2, #100]	@ 0x64
10002d7a:	6f57      	ldr	r7, [r2, #116]	@ 0x74
10002d7c:	6f16      	ldr	r6, [r2, #112]	@ 0x70
10002d7e:	f7ff ffe3 	bl	10002d48 <divmod_s32s32_unsafe>
10002d82:	6614      	str	r4, [r2, #96]	@ 0x60
10002d84:	6655      	str	r5, [r2, #100]	@ 0x64
10002d86:	6757      	str	r7, [r2, #116]	@ 0x74
10002d88:	6716      	str	r6, [r2, #112]	@ 0x70
10002d8a:	bdf0      	pop	{r4, r5, r6, r7, pc}
10002d8c:	d0000000 	.word	0xd0000000

10002d90 <__wrap___aeabi_uidiv>:
10002d90:	4a11      	ldr	r2, [pc, #68]	@ (10002dd8 <divmod_u32u32_savestate+0x18>)
10002d92:	6f93      	ldr	r3, [r2, #120]	@ 0x78
10002d94:	089b      	lsrs	r3, r3, #2
10002d96:	d213      	bcs.n	10002dc0 <divmod_u32u32_savestate>

10002d98 <divmod_u32u32_unsafe>:
10002d98:	6610      	str	r0, [r2, #96]	@ 0x60
10002d9a:	6651      	str	r1, [r2, #100]	@ 0x64
10002d9c:	2900      	cmp	r1, #0
10002d9e:	d005      	beq.n	10002dac <divmod_u32u32_unsafe+0x14>
10002da0:	e7ff      	b.n	10002da2 <divmod_u32u32_unsafe+0xa>
10002da2:	e7ff      	b.n	10002da4 <divmod_u32u32_unsafe+0xc>
10002da4:	e7ff      	b.n	10002da6 <divmod_u32u32_unsafe+0xe>
10002da6:	6f51      	ldr	r1, [r2, #116]	@ 0x74
10002da8:	6f10      	ldr	r0, [r2, #112]	@ 0x70
10002daa:	4770      	bx	lr
10002dac:	b504      	push	{r2, lr}
10002dae:	2800      	cmp	r0, #0
10002db0:	d001      	beq.n	10002db6 <divmod_u32u32_unsafe+0x1e>
10002db2:	2000      	movs	r0, #0
10002db4:	43c0      	mvns	r0, r0
10002db6:	f008 f92f 	bl	1000b018 <____aeabi_idiv0_veneer>
10002dba:	2100      	movs	r1, #0
10002dbc:	bd04      	pop	{r2, pc}
10002dbe:	46c0      	nop			@ (mov r8, r8)

10002dc0 <divmod_u32u32_savestate>:
10002dc0:	b5f0      	push	{r4, r5, r6, r7, lr}
10002dc2:	6e14      	ldr	r4, [r2, #96]	@ 0x60
10002dc4:	6e55      	ldr	r5, [r2, #100]	@ 0x64
10002dc6:	6f57      	ldr	r7, [r2, #116]	@ 0x74
10002dc8:	6f16      	ldr	r6, [r2, #112]	@ 0x70
10002dca:	f7ff ffe5 	bl	10002d98 <divmod_u32u32_unsafe>
10002dce:	6614      	str	r4, [r2, #96]	@ 0x60
10002dd0:	6655      	str	r5, [r2, #100]	@ 0x64
10002dd2:	6757      	str	r7, [r2, #116]	@ 0x74
10002dd4:	6716      	str	r6, [r2, #112]	@ 0x70
10002dd6:	bdf0      	pop	{r4, r5, r6, r7, pc}
10002dd8:	d0000000 	.word	0xd0000000

10002ddc <__wrap___aeabi_ldivmod>:
10002ddc:	4694      	mov	ip, r2
10002dde:	4a4a      	ldr	r2, [pc, #296]	@ (10002f08 <udiv0+0x1a>)
10002de0:	6f92      	ldr	r2, [r2, #120]	@ 0x78
10002de2:	0892      	lsrs	r2, r2, #2
10002de4:	4662      	mov	r2, ip
10002de6:	d201      	bcs.n	10002dec <divmod_s64s64_savestate>
10002de8:	e028      	b.n	10002e3c <divmod_s64s64_unsafe>
10002dea:	46c0      	nop			@ (mov r8, r8)

10002dec <divmod_s64s64_savestate>:
10002dec:	b5f0      	push	{r4, r5, r6, r7, lr}
10002dee:	4e46      	ldr	r6, [pc, #280]	@ (10002f08 <udiv0+0x1a>)
10002df0:	6e34      	ldr	r4, [r6, #96]	@ 0x60
10002df2:	6e75      	ldr	r5, [r6, #100]	@ 0x64
10002df4:	6f77      	ldr	r7, [r6, #116]	@ 0x74
10002df6:	6f36      	ldr	r6, [r6, #112]	@ 0x70
10002df8:	f000 f820 	bl	10002e3c <divmod_s64s64_unsafe>
10002dfc:	4694      	mov	ip, r2
10002dfe:	4a42      	ldr	r2, [pc, #264]	@ (10002f08 <udiv0+0x1a>)
10002e00:	6614      	str	r4, [r2, #96]	@ 0x60
10002e02:	6655      	str	r5, [r2, #100]	@ 0x64
10002e04:	6757      	str	r7, [r2, #116]	@ 0x74
10002e06:	6716      	str	r6, [r2, #112]	@ 0x70
10002e08:	4662      	mov	r2, ip
10002e0a:	bdf0      	pop	{r4, r5, r6, r7, pc}

10002e0c <__wrap___aeabi_uldivmod>:
10002e0c:	4694      	mov	ip, r2
10002e0e:	4a3e      	ldr	r2, [pc, #248]	@ (10002f08 <udiv0+0x1a>)
10002e10:	6f92      	ldr	r2, [r2, #120]	@ 0x78
10002e12:	0892      	lsrs	r2, r2, #2
10002e14:	4662      	mov	r2, ip
10002e16:	d201      	bcs.n	10002e1c <divmod_u64u64_savestate>
10002e18:	e054      	b.n	10002ec4 <divmod_u64u64_unsafe>
10002e1a:	46c0      	nop			@ (mov r8, r8)

10002e1c <divmod_u64u64_savestate>:
10002e1c:	b5f0      	push	{r4, r5, r6, r7, lr}
10002e1e:	4e3a      	ldr	r6, [pc, #232]	@ (10002f08 <udiv0+0x1a>)
10002e20:	6e34      	ldr	r4, [r6, #96]	@ 0x60
10002e22:	6e75      	ldr	r5, [r6, #100]	@ 0x64
10002e24:	6f77      	ldr	r7, [r6, #116]	@ 0x74
10002e26:	6f36      	ldr	r6, [r6, #112]	@ 0x70
10002e28:	f000 f84c 	bl	10002ec4 <divmod_u64u64_unsafe>
10002e2c:	4694      	mov	ip, r2
10002e2e:	4a36      	ldr	r2, [pc, #216]	@ (10002f08 <udiv0+0x1a>)
10002e30:	6614      	str	r4, [r2, #96]	@ 0x60
10002e32:	6655      	str	r5, [r2, #100]	@ 0x64
10002e34:	6757      	str	r7, [r2, #116]	@ 0x74
10002e36:	6716      	str	r6, [r2, #112]	@ 0x70
10002e38:	4662      	mov	r2, ip
10002e3a:	bdf0      	pop	{r4, r5, r6, r7, pc}

10002e3c <divmod_s64s64_unsafe>:
10002e3c:	2b00      	cmp	r3, #0
10002e3e:	db24      	blt.n	10002e8a <l42_1+0x26>
10002e40:	d011      	beq.n	10002e66 <l42_1+0x2>
10002e42:	2900      	cmp	r1, #0
10002e44:	da3e      	bge.n	10002ec4 <divmod_u64u64_unsafe>
10002e46:	b500      	push	{lr}
10002e48:	43c9      	mvns	r1, r1
10002e4a:	4240      	negs	r0, r0
10002e4c:	d100      	bne.n	10002e50 <l40_1>
10002e4e:	3101      	adds	r1, #1

10002e50 <l40_1>:
10002e50:	f000 f838 	bl	10002ec4 <divmod_u64u64_unsafe>
10002e54:	43c9      	mvns	r1, r1
10002e56:	4240      	negs	r0, r0
10002e58:	d100      	bne.n	10002e5c <l41_1>
10002e5a:	3101      	adds	r1, #1

10002e5c <l41_1>:
10002e5c:	43db      	mvns	r3, r3
10002e5e:	4252      	negs	r2, r2
10002e60:	d100      	bne.n	10002e64 <l42_1>
10002e62:	3301      	adds	r3, #1

10002e64 <l42_1>:
10002e64:	bd00      	pop	{pc}
10002e66:	2a00      	cmp	r2, #0
10002e68:	d1eb      	bne.n	10002e42 <divmod_s64s64_unsafe+0x6>
10002e6a:	2800      	cmp	r0, #0
10002e6c:	d101      	bne.n	10002e72 <l42_1+0xe>
10002e6e:	2900      	cmp	r1, #0
10002e70:	d005      	beq.n	10002e7e <l42_1+0x1a>
10002e72:	2000      	movs	r0, #0
10002e74:	0fc9      	lsrs	r1, r1, #31
10002e76:	07c9      	lsls	r1, r1, #31
10002e78:	d101      	bne.n	10002e7e <l42_1+0x1a>
10002e7a:	43c0      	mvns	r0, r0
10002e7c:	0841      	lsrs	r1, r0, #1
10002e7e:	b500      	push	{lr}
10002e80:	f008 f8c2 	bl	1000b008 <____aeabi_ldiv0_veneer>
10002e84:	2200      	movs	r2, #0
10002e86:	2300      	movs	r3, #0
10002e88:	bd00      	pop	{pc}
10002e8a:	b500      	push	{lr}
10002e8c:	2900      	cmp	r1, #0
10002e8e:	db0a      	blt.n	10002ea6 <l44_1+0x2>
10002e90:	43db      	mvns	r3, r3
10002e92:	4252      	negs	r2, r2
10002e94:	d100      	bne.n	10002e98 <l43_1>
10002e96:	3301      	adds	r3, #1

10002e98 <l43_1>:
10002e98:	f000 f814 	bl	10002ec4 <divmod_u64u64_unsafe>
10002e9c:	43c9      	mvns	r1, r1
10002e9e:	4240      	negs	r0, r0
10002ea0:	d100      	bne.n	10002ea4 <l44_1>
10002ea2:	3101      	adds	r1, #1

10002ea4 <l44_1>:
10002ea4:	bd00      	pop	{pc}
10002ea6:	43c9      	mvns	r1, r1
10002ea8:	4240      	negs	r0, r0
10002eaa:	d100      	bne.n	10002eae <l45_1>
10002eac:	3101      	adds	r1, #1

10002eae <l45_1>:
10002eae:	43db      	mvns	r3, r3
10002eb0:	4252      	negs	r2, r2
10002eb2:	d100      	bne.n	10002eb6 <l46_1>
10002eb4:	3301      	adds	r3, #1

10002eb6 <l46_1>:
10002eb6:	f000 f805 	bl	10002ec4 <divmod_u64u64_unsafe>
10002eba:	43db      	mvns	r3, r3
10002ebc:	4252      	negs	r2, r2
10002ebe:	d100      	bne.n	10002ec2 <l47_1>
10002ec0:	3301      	adds	r3, #1

10002ec2 <l47_1>:
10002ec2:	bd00      	pop	{pc}

10002ec4 <divmod_u64u64_unsafe>:
10002ec4:	2900      	cmp	r1, #0
10002ec6:	d123      	bne.n	10002f10 <y64>
10002ec8:	2b00      	cmp	r3, #0
10002eca:	d118      	bne.n	10002efe <udiv0+0x10>
10002ecc:	2a00      	cmp	r2, #0
10002ece:	d00c      	beq.n	10002eea <divmod_u64u64_unsafe+0x26>
10002ed0:	46bc      	mov	ip, r7
10002ed2:	4f0d      	ldr	r7, [pc, #52]	@ (10002f08 <udiv0+0x1a>)
10002ed4:	6638      	str	r0, [r7, #96]	@ 0x60
10002ed6:	667a      	str	r2, [r7, #100]	@ 0x64
10002ed8:	2100      	movs	r1, #0
10002eda:	2300      	movs	r3, #0
10002edc:	e7ff      	b.n	10002ede <divmod_u64u64_unsafe+0x1a>
10002ede:	e7ff      	b.n	10002ee0 <divmod_u64u64_unsafe+0x1c>
10002ee0:	e7ff      	b.n	10002ee2 <divmod_u64u64_unsafe+0x1e>
10002ee2:	6f7a      	ldr	r2, [r7, #116]	@ 0x74
10002ee4:	6f38      	ldr	r0, [r7, #112]	@ 0x70
10002ee6:	4667      	mov	r7, ip
10002ee8:	4770      	bx	lr
10002eea:	2800      	cmp	r0, #0
10002eec:	d001      	beq.n	10002ef2 <udiv0+0x4>

10002eee <udiv0>:
10002eee:	4807      	ldr	r0, [pc, #28]	@ (10002f0c <udiv0+0x1e>)
10002ef0:	0001      	movs	r1, r0
10002ef2:	b500      	push	{lr}
10002ef4:	f008 f888 	bl	1000b008 <____aeabi_ldiv0_veneer>
10002ef8:	2200      	movs	r2, #0
10002efa:	2300      	movs	r3, #0
10002efc:	bd00      	pop	{pc}
10002efe:	0002      	movs	r2, r0
10002f00:	000b      	movs	r3, r1
10002f02:	2000      	movs	r0, #0
10002f04:	2100      	movs	r1, #0
10002f06:	4770      	bx	lr
10002f08:	d0000000 	.word	0xd0000000
10002f0c:	ffffffff 	.word	0xffffffff

10002f10 <y64>:
10002f10:	2b00      	cmp	r3, #0
10002f12:	d000      	beq.n	10002f16 <y64+0x6>
10002f14:	e0bf      	b.n	10003096 <y64_x48>
10002f16:	0c13      	lsrs	r3, r2, #16
10002f18:	d128      	bne.n	10002f6c <y64_x32>
10002f1a:	2a00      	cmp	r2, #0
10002f1c:	d0e7      	beq.n	10002eee <udiv0>
10002f1e:	b480      	push	{r7}
10002f20:	4f11      	ldr	r7, [pc, #68]	@ (10002f68 <y64+0x58>)
10002f22:	6639      	str	r1, [r7, #96]	@ 0x60
10002f24:	667a      	str	r2, [r7, #100]	@ 0x64
10002f26:	e7ff      	b.n	10002f28 <y64+0x18>
10002f28:	e7ff      	b.n	10002f2a <y64+0x1a>
10002f2a:	b430      	push	{r4, r5}
10002f2c:	0c04      	lsrs	r4, r0, #16
10002f2e:	6f7b      	ldr	r3, [r7, #116]	@ 0x74
10002f30:	6f39      	ldr	r1, [r7, #112]	@ 0x70
10002f32:	041b      	lsls	r3, r3, #16
10002f34:	4323      	orrs	r3, r4
10002f36:	663b      	str	r3, [r7, #96]	@ 0x60
10002f38:	667a      	str	r2, [r7, #100]	@ 0x64
10002f3a:	e7ff      	b.n	10002f3c <y64+0x2c>
10002f3c:	e7ff      	b.n	10002f3e <y64+0x2e>
10002f3e:	e7ff      	b.n	10002f40 <y64+0x30>
10002f40:	46c0      	nop			@ (mov r8, r8)
10002f42:	b284      	uxth	r4, r0
10002f44:	6f7b      	ldr	r3, [r7, #116]	@ 0x74
10002f46:	6f3d      	ldr	r5, [r7, #112]	@ 0x70
10002f48:	041b      	lsls	r3, r3, #16
10002f4a:	4323      	orrs	r3, r4
10002f4c:	663b      	str	r3, [r7, #96]	@ 0x60
10002f4e:	667a      	str	r2, [r7, #100]	@ 0x64
10002f50:	e7ff      	b.n	10002f52 <y64+0x42>
10002f52:	e7ff      	b.n	10002f54 <y64+0x44>
10002f54:	46c0      	nop			@ (mov r8, r8)
10002f56:	2300      	movs	r3, #0
10002f58:	042c      	lsls	r4, r5, #16
10002f5a:	0c2d      	lsrs	r5, r5, #16
10002f5c:	6f7a      	ldr	r2, [r7, #116]	@ 0x74
10002f5e:	6f38      	ldr	r0, [r7, #112]	@ 0x70
10002f60:	1900      	adds	r0, r0, r4
10002f62:	4169      	adcs	r1, r5
10002f64:	bcb0      	pop	{r4, r5, r7}
10002f66:	4770      	bx	lr
10002f68:	d0000000 	.word	0xd0000000

10002f6c <y64_x32>:
10002f6c:	b5f0      	push	{r4, r5, r6, r7, lr}
10002f6e:	4694      	mov	ip, r2
10002f70:	2500      	movs	r5, #0
10002f72:	0e14      	lsrs	r4, r2, #24
10002f74:	d101      	bne.n	10002f7a <y64_x32+0xe>
10002f76:	0212      	lsls	r2, r2, #8
10002f78:	3508      	adds	r5, #8
10002f7a:	0f14      	lsrs	r4, r2, #28
10002f7c:	d101      	bne.n	10002f82 <y64_x32+0x16>
10002f7e:	0112      	lsls	r2, r2, #4
10002f80:	3504      	adds	r5, #4
10002f82:	0f94      	lsrs	r4, r2, #30
10002f84:	d101      	bne.n	10002f8a <y64_x32+0x1e>
10002f86:	0092      	lsls	r2, r2, #2
10002f88:	3502      	adds	r5, #2
10002f8a:	0fd4      	lsrs	r4, r2, #31
10002f8c:	d101      	bne.n	10002f92 <y64_x32+0x26>
10002f8e:	0052      	lsls	r2, r2, #1
10002f90:	3501      	adds	r5, #1
10002f92:	0bd4      	lsrs	r4, r2, #15
10002f94:	3401      	adds	r4, #1
10002f96:	4f25      	ldr	r7, [pc, #148]	@ (1000302c <y64_x32+0xc0>)
10002f98:	667c      	str	r4, [r7, #100]	@ 0x64
10002f9a:	4c25      	ldr	r4, [pc, #148]	@ (10003030 <y64_x32+0xc4>)
10002f9c:	663c      	str	r4, [r7, #96]	@ 0x60
10002f9e:	0c0e      	lsrs	r6, r1, #16
10002fa0:	b293      	uxth	r3, r2
10002fa2:	e7ff      	b.n	10002fa4 <y64_x32+0x38>
10002fa4:	e7ff      	b.n	10002fa6 <y64_x32+0x3a>
10002fa6:	e7ff      	b.n	10002fa8 <y64_x32+0x3c>
10002fa8:	6f3c      	ldr	r4, [r7, #112]	@ 0x70
10002faa:	4366      	muls	r6, r4
10002fac:	0c36      	lsrs	r6, r6, #16
10002fae:	0377      	lsls	r7, r6, #13
10002fb0:	46be      	mov	lr, r7
10002fb2:	4373      	muls	r3, r6
10002fb4:	0bdf      	lsrs	r7, r3, #15
10002fb6:	045b      	lsls	r3, r3, #17
10002fb8:	1ac0      	subs	r0, r0, r3
10002fba:	41b9      	sbcs	r1, r7
10002fbc:	0c13      	lsrs	r3, r2, #16
10002fbe:	4373      	muls	r3, r6
10002fc0:	18db      	adds	r3, r3, r3
10002fc2:	1ac9      	subs	r1, r1, r3
10002fc4:	08ce      	lsrs	r6, r1, #3
10002fc6:	4366      	muls	r6, r4
10002fc8:	0c36      	lsrs	r6, r6, #16
10002fca:	44b6      	add	lr, r6
10002fcc:	b293      	uxth	r3, r2
10002fce:	4373      	muls	r3, r6
10002fd0:	0f1f      	lsrs	r7, r3, #28
10002fd2:	011b      	lsls	r3, r3, #4
10002fd4:	1ac0      	subs	r0, r0, r3
10002fd6:	41b9      	sbcs	r1, r7
10002fd8:	0c13      	lsrs	r3, r2, #16
10002fda:	4373      	muls	r3, r6
10002fdc:	0b1f      	lsrs	r7, r3, #12
10002fde:	051b      	lsls	r3, r3, #20
10002fe0:	1ac0      	subs	r0, r0, r3
10002fe2:	41b9      	sbcs	r1, r7
10002fe4:	0d86      	lsrs	r6, r0, #22
10002fe6:	028f      	lsls	r7, r1, #10
10002fe8:	433e      	orrs	r6, r7
10002fea:	4366      	muls	r6, r4
10002fec:	0c36      	lsrs	r6, r6, #16
10002fee:	2d09      	cmp	r5, #9
10002ff0:	db24      	blt.n	1000303c <last0>
10002ff2:	0a52      	lsrs	r2, r2, #9
10002ff4:	4372      	muls	r2, r6
10002ff6:	1a80      	subs	r0, r0, r2
10002ff8:	0377      	lsls	r7, r6, #13
10002ffa:	0a46      	lsrs	r6, r0, #9
10002ffc:	4366      	muls	r6, r4
10002ffe:	0c36      	lsrs	r6, r6, #16
10003000:	2316      	movs	r3, #22
10003002:	1b5b      	subs	r3, r3, r5
10003004:	40de      	lsrs	r6, r3
10003006:	40df      	lsrs	r7, r3
10003008:	19bf      	adds	r7, r7, r6
1000300a:	4664      	mov	r4, ip
1000300c:	4366      	muls	r6, r4
1000300e:	1b82      	subs	r2, r0, r6
10003010:	4670      	mov	r0, lr
10003012:	3504      	adds	r5, #4
10003014:	3306      	adds	r3, #6
10003016:	0001      	movs	r1, r0
10003018:	40d9      	lsrs	r1, r3
1000301a:	40a8      	lsls	r0, r5
1000301c:	19c0      	adds	r0, r0, r7
1000301e:	d300      	bcc.n	10003022 <y64_x32+0xb6>
10003020:	3101      	adds	r1, #1
10003022:	42a2      	cmp	r2, r4
10003024:	d206      	bcs.n	10003034 <y64_x32+0xc8>
10003026:	2300      	movs	r3, #0
10003028:	bdf0      	pop	{r4, r5, r6, r7, pc}
1000302a:	0000      	.short	0x0000
1000302c:	d0000000 	.word	0xd0000000
10003030:	ffffffff 	.word	0xffffffff
10003034:	1b12      	subs	r2, r2, r4
10003036:	3001      	adds	r0, #1
10003038:	d3f3      	bcc.n	10003022 <y64_x32+0xb6>
1000303a:	e7f1      	b.n	10003020 <y64_x32+0xb4>

1000303c <last0>:
1000303c:	2709      	movs	r7, #9
1000303e:	1b7f      	subs	r7, r7, r5
10003040:	40fe      	lsrs	r6, r7
10003042:	4664      	mov	r4, ip
10003044:	b2a2      	uxth	r2, r4
10003046:	4372      	muls	r2, r6
10003048:	1a80      	subs	r0, r0, r2
1000304a:	d200      	bcs.n	1000304e <last0+0x12>
1000304c:	3901      	subs	r1, #1
1000304e:	0c22      	lsrs	r2, r4, #16
10003050:	4372      	muls	r2, r6
10003052:	0c13      	lsrs	r3, r2, #16
10003054:	0412      	lsls	r2, r2, #16
10003056:	1a82      	subs	r2, r0, r2
10003058:	4199      	sbcs	r1, r3
1000305a:	000b      	movs	r3, r1
1000305c:	4670      	mov	r0, lr
1000305e:	3504      	adds	r5, #4
10003060:	3713      	adds	r7, #19
10003062:	0001      	movs	r1, r0
10003064:	40f9      	lsrs	r1, r7
10003066:	40a8      	lsls	r0, r5
10003068:	1980      	adds	r0, r0, r6
1000306a:	d300      	bcc.n	1000306e <last0+0x32>
1000306c:	3101      	adds	r1, #1
1000306e:	2b00      	cmp	r3, #0
10003070:	d102      	bne.n	10003078 <last0+0x3c>
10003072:	42a2      	cmp	r2, r4
10003074:	d20a      	bcs.n	1000308c <last0+0x50>
10003076:	bdf0      	pop	{r4, r5, r6, r7, pc}
10003078:	3001      	adds	r0, #1
1000307a:	d300      	bcc.n	1000307e <last0+0x42>
1000307c:	3101      	adds	r1, #1
1000307e:	1b12      	subs	r2, r2, r4
10003080:	d2fa      	bcs.n	10003078 <last0+0x3c>
10003082:	3b01      	subs	r3, #1
10003084:	d1f8      	bne.n	10003078 <last0+0x3c>
10003086:	42a2      	cmp	r2, r4
10003088:	d200      	bcs.n	1000308c <last0+0x50>
1000308a:	bdf0      	pop	{r4, r5, r6, r7, pc}
1000308c:	3001      	adds	r0, #1
1000308e:	d300      	bcc.n	10003092 <last0+0x56>
10003090:	3101      	adds	r1, #1
10003092:	1b12      	subs	r2, r2, r4
10003094:	e7f7      	b.n	10003086 <last0+0x4a>

10003096 <y64_x48>:
10003096:	b5f0      	push	{r4, r5, r6, r7, lr}
10003098:	0c1c      	lsrs	r4, r3, #16
1000309a:	d000      	beq.n	1000309e <y64_x48+0x8>
1000309c:	e080      	b.n	100031a0 <y64_x64>
1000309e:	b40c      	push	{r2, r3}
100030a0:	2500      	movs	r5, #0
100030a2:	0a1c      	lsrs	r4, r3, #8
100030a4:	d104      	bne.n	100030b0 <y64_x48+0x1a>
100030a6:	021b      	lsls	r3, r3, #8
100030a8:	0e16      	lsrs	r6, r2, #24
100030aa:	4333      	orrs	r3, r6
100030ac:	0212      	lsls	r2, r2, #8
100030ae:	3508      	adds	r5, #8
100030b0:	0b1c      	lsrs	r4, r3, #12
100030b2:	d104      	bne.n	100030be <y64_x48+0x28>
100030b4:	011b      	lsls	r3, r3, #4
100030b6:	0f16      	lsrs	r6, r2, #28
100030b8:	4333      	orrs	r3, r6
100030ba:	0112      	lsls	r2, r2, #4
100030bc:	3504      	adds	r5, #4
100030be:	0b9c      	lsrs	r4, r3, #14
100030c0:	d104      	bne.n	100030cc <y64_x48+0x36>
100030c2:	009b      	lsls	r3, r3, #2
100030c4:	0f96      	lsrs	r6, r2, #30
100030c6:	4333      	orrs	r3, r6
100030c8:	0092      	lsls	r2, r2, #2
100030ca:	3502      	adds	r5, #2
100030cc:	0bdc      	lsrs	r4, r3, #15
100030ce:	d102      	bne.n	100030d6 <y64_x48+0x40>
100030d0:	1892      	adds	r2, r2, r2
100030d2:	415b      	adcs	r3, r3
100030d4:	3501      	adds	r5, #1
100030d6:	001c      	movs	r4, r3
100030d8:	1897      	adds	r7, r2, r2
100030da:	4164      	adcs	r4, r4
100030dc:	3401      	adds	r4, #1
100030de:	4f46      	ldr	r7, [pc, #280]	@ (100031f8 <y64_x64+0x58>)
100030e0:	667c      	str	r4, [r7, #100]	@ 0x64
100030e2:	4c46      	ldr	r4, [pc, #280]	@ (100031fc <y64_x64+0x5c>)
100030e4:	663c      	str	r4, [r7, #96]	@ 0x60
100030e6:	0c0e      	lsrs	r6, r1, #16
100030e8:	e7ff      	b.n	100030ea <y64_x48+0x54>
100030ea:	e7ff      	b.n	100030ec <y64_x48+0x56>
100030ec:	e7ff      	b.n	100030ee <y64_x48+0x58>
100030ee:	46c0      	nop			@ (mov r8, r8)
100030f0:	6f3c      	ldr	r4, [r7, #112]	@ 0x70
100030f2:	4366      	muls	r6, r4
100030f4:	0c36      	lsrs	r6, r6, #16
100030f6:	0377      	lsls	r7, r6, #13
100030f8:	46be      	mov	lr, r7
100030fa:	b297      	uxth	r7, r2
100030fc:	4377      	muls	r7, r6
100030fe:	1bc0      	subs	r0, r0, r7
10003100:	d200      	bcs.n	10003104 <y64_x48+0x6e>
10003102:	3901      	subs	r1, #1
10003104:	1bc0      	subs	r0, r0, r7
10003106:	d200      	bcs.n	1000310a <y64_x48+0x74>
10003108:	3901      	subs	r1, #1
1000310a:	b29f      	uxth	r7, r3
1000310c:	4377      	muls	r7, r6
1000310e:	1bc9      	subs	r1, r1, r7
10003110:	1bc9      	subs	r1, r1, r7
10003112:	0c17      	lsrs	r7, r2, #16
10003114:	4377      	muls	r7, r6
10003116:	047e      	lsls	r6, r7, #17
10003118:	0bff      	lsrs	r7, r7, #15
1000311a:	1b80      	subs	r0, r0, r6
1000311c:	41b9      	sbcs	r1, r7
1000311e:	08ce      	lsrs	r6, r1, #3
10003120:	4366      	muls	r6, r4
10003122:	0c36      	lsrs	r6, r6, #16
10003124:	2d0c      	cmp	r5, #12
10003126:	db33      	blt.n	10003190 <last1>
10003128:	44b6      	add	lr, r6
1000312a:	0b12      	lsrs	r2, r2, #12
1000312c:	051f      	lsls	r7, r3, #20
1000312e:	433a      	orrs	r2, r7
10003130:	0b1b      	lsrs	r3, r3, #12
10003132:	b297      	uxth	r7, r2
10003134:	4377      	muls	r7, r6
10003136:	1bc0      	subs	r0, r0, r7
10003138:	d200      	bcs.n	1000313c <y64_x48+0xa6>
1000313a:	3901      	subs	r1, #1
1000313c:	b29f      	uxth	r7, r3
1000313e:	4377      	muls	r7, r6
10003140:	1bc9      	subs	r1, r1, r7
10003142:	0c17      	lsrs	r7, r2, #16
10003144:	4377      	muls	r7, r6
10003146:	043e      	lsls	r6, r7, #16
10003148:	0c3f      	lsrs	r7, r7, #16
1000314a:	1b80      	subs	r0, r0, r6
1000314c:	41b9      	sbcs	r1, r7
1000314e:	0d86      	lsrs	r6, r0, #22
10003150:	028f      	lsls	r7, r1, #10
10003152:	433e      	orrs	r6, r7
10003154:	4366      	muls	r6, r4
10003156:	2729      	movs	r7, #41	@ 0x29
10003158:	1b7f      	subs	r7, r7, r5
1000315a:	40fe      	lsrs	r6, r7
1000315c:	3d0c      	subs	r5, #12
1000315e:	4677      	mov	r7, lr
10003160:	40af      	lsls	r7, r5
10003162:	19bf      	adds	r7, r7, r6
10003164:	bc30      	pop	{r4, r5}
10003166:	b2a2      	uxth	r2, r4
10003168:	b2ab      	uxth	r3, r5
1000316a:	4372      	muls	r2, r6
1000316c:	4373      	muls	r3, r6
1000316e:	1a80      	subs	r0, r0, r2
10003170:	4199      	sbcs	r1, r3
10003172:	0c22      	lsrs	r2, r4, #16
10003174:	4372      	muls	r2, r6
10003176:	0c13      	lsrs	r3, r2, #16
10003178:	0412      	lsls	r2, r2, #16
1000317a:	1a80      	subs	r0, r0, r2
1000317c:	4199      	sbcs	r1, r3
1000317e:	0002      	movs	r2, r0
10003180:	000b      	movs	r3, r1
10003182:	3701      	adds	r7, #1
10003184:	1b00      	subs	r0, r0, r4
10003186:	41a9      	sbcs	r1, r5
10003188:	d2f9      	bcs.n	1000317e <y64_x48+0xe8>
1000318a:	1e78      	subs	r0, r7, #1
1000318c:	2100      	movs	r1, #0
1000318e:	bdf0      	pop	{r4, r5, r6, r7, pc}

10003190 <last1>:
10003190:	270c      	movs	r7, #12
10003192:	1b7f      	subs	r7, r7, r5
10003194:	40fe      	lsrs	r6, r7
10003196:	4677      	mov	r7, lr
10003198:	0b7f      	lsrs	r7, r7, #13
1000319a:	40af      	lsls	r7, r5
1000319c:	19ff      	adds	r7, r7, r7
1000319e:	e7e0      	b.n	10003162 <y64_x48+0xcc>

100031a0 <y64_x64>:
100031a0:	2400      	movs	r4, #0
100031a2:	1c5d      	adds	r5, r3, #1
100031a4:	d007      	beq.n	100031b6 <y64_x64+0x16>
100031a6:	4f14      	ldr	r7, [pc, #80]	@ (100031f8 <y64_x64+0x58>)
100031a8:	667d      	str	r5, [r7, #100]	@ 0x64
100031aa:	6639      	str	r1, [r7, #96]	@ 0x60
100031ac:	e7ff      	b.n	100031ae <y64_x64+0xe>
100031ae:	e7ff      	b.n	100031b0 <y64_x64+0x10>
100031b0:	e7ff      	b.n	100031b2 <y64_x64+0x12>
100031b2:	e7ff      	b.n	100031b4 <y64_x64+0x14>
100031b4:	6f3c      	ldr	r4, [r7, #112]	@ 0x70
100031b6:	b295      	uxth	r5, r2
100031b8:	b29e      	uxth	r6, r3
100031ba:	4365      	muls	r5, r4
100031bc:	4366      	muls	r6, r4
100031be:	1b40      	subs	r0, r0, r5
100031c0:	41b1      	sbcs	r1, r6
100031c2:	0c15      	lsrs	r5, r2, #16
100031c4:	0c1e      	lsrs	r6, r3, #16
100031c6:	4365      	muls	r5, r4
100031c8:	4366      	muls	r6, r4
100031ca:	0436      	lsls	r6, r6, #16
100031cc:	0c2f      	lsrs	r7, r5, #16
100031ce:	433e      	orrs	r6, r7
100031d0:	042d      	lsls	r5, r5, #16
100031d2:	1b40      	subs	r0, r0, r5
100031d4:	41b1      	sbcs	r1, r6
100031d6:	4299      	cmp	r1, r3
100031d8:	d204      	bcs.n	100031e4 <y64_x64+0x44>
100031da:	0002      	movs	r2, r0
100031dc:	000b      	movs	r3, r1
100031de:	0020      	movs	r0, r4
100031e0:	2100      	movs	r1, #0
100031e2:	bdf0      	pop	{r4, r5, r6, r7, pc}
100031e4:	d101      	bne.n	100031ea <y64_x64+0x4a>
100031e6:	4290      	cmp	r0, r2
100031e8:	d3f7      	bcc.n	100031da <y64_x64+0x3a>
100031ea:	1a80      	subs	r0, r0, r2
100031ec:	4199      	sbcs	r1, r3
100031ee:	3401      	adds	r4, #1
100031f0:	4299      	cmp	r1, r3
100031f2:	d3f2      	bcc.n	100031da <y64_x64+0x3a>
100031f4:	e7f6      	b.n	100031e4 <y64_x64+0x44>
100031f6:	0000      	.short	0x0000
100031f8:	d0000000 	.word	0xd0000000
100031fc:	ffffffff 	.word	0xffffffff

10003200 <__wrap___aeabi_drsub>:
10003200:	4048      	eors	r0, r1
10003202:	4041      	eors	r1, r0
10003204:	4048      	eors	r0, r1

10003206 <__wrap___aeabi_dsub>:
10003206:	b418      	push	{r3, r4}
10003208:	4b13      	ldr	r3, [pc, #76]	@ (10003258 <__wrap___aeabi_dmul+0xa>)
1000320a:	685b      	ldr	r3, [r3, #4]
1000320c:	9301      	str	r3, [sp, #4]
1000320e:	bd08      	pop	{r3, pc}

10003210 <__wrap___aeabi_dadd>:
10003210:	b418      	push	{r3, r4}
10003212:	4b11      	ldr	r3, [pc, #68]	@ (10003258 <__wrap___aeabi_dmul+0xa>)
10003214:	681b      	ldr	r3, [r3, #0]
10003216:	9301      	str	r3, [sp, #4]
10003218:	bd08      	pop	{r3, pc}

1000321a <__wrap___aeabi_ddiv>:
1000321a:	4694      	mov	ip, r2
1000321c:	4a0f      	ldr	r2, [pc, #60]	@ (1000325c <__wrap___aeabi_dmul+0xe>)
1000321e:	6f92      	ldr	r2, [r2, #120]	@ 0x78
10003220:	0892      	lsrs	r2, r2, #2
10003222:	d205      	bcs.n	10003230 <ddiv_save_state>
10003224:	4662      	mov	r2, ip

10003226 <ddiv_shim_call>:
10003226:	b418      	push	{r3, r4}
10003228:	4b0b      	ldr	r3, [pc, #44]	@ (10003258 <__wrap___aeabi_dmul+0xa>)
1000322a:	68db      	ldr	r3, [r3, #12]
1000322c:	9301      	str	r3, [sp, #4]
1000322e:	bd08      	pop	{r3, pc}

10003230 <ddiv_save_state>:
10003230:	4a0a      	ldr	r2, [pc, #40]	@ (1000325c <__wrap___aeabi_dmul+0xe>)
10003232:	b5f0      	push	{r4, r5, r6, r7, lr}
10003234:	6e14      	ldr	r4, [r2, #96]	@ 0x60
10003236:	6e55      	ldr	r5, [r2, #100]	@ 0x64
10003238:	6f57      	ldr	r7, [r2, #116]	@ 0x74
1000323a:	6f16      	ldr	r6, [r2, #112]	@ 0x70
1000323c:	4662      	mov	r2, ip
1000323e:	f7ff fff2 	bl	10003226 <ddiv_shim_call>
10003242:	4a06      	ldr	r2, [pc, #24]	@ (1000325c <__wrap___aeabi_dmul+0xe>)
10003244:	6614      	str	r4, [r2, #96]	@ 0x60
10003246:	6655      	str	r5, [r2, #100]	@ 0x64
10003248:	6757      	str	r7, [r2, #116]	@ 0x74
1000324a:	6716      	str	r6, [r2, #112]	@ 0x70
1000324c:	bdf0      	pop	{r4, r5, r6, r7, pc}

1000324e <__wrap___aeabi_dmul>:
1000324e:	b418      	push	{r3, r4}
10003250:	4b01      	ldr	r3, [pc, #4]	@ (10003258 <__wrap___aeabi_dmul+0xa>)
10003252:	689b      	ldr	r3, [r3, #8]
10003254:	9301      	str	r3, [sp, #4]
10003256:	bd08      	pop	{r3, pc}
10003258:	20001c10 	.word	0x20001c10
1000325c:	d0000000 	.word	0xd0000000

10003260 <__wrap___aeabi_cdrcmple>:
10003260:	b5ff      	push	{r0, r1, r2, r3, r4, r5, r6, r7, lr}
10003262:	4050      	eors	r0, r2
10003264:	4042      	eors	r2, r0
10003266:	4050      	eors	r0, r2
10003268:	4059      	eors	r1, r3
1000326a:	404b      	eors	r3, r1
1000326c:	4059      	eors	r1, r3
1000326e:	e000      	b.n	10003272 <__aeabi_dfcmple_guts>

10003270 <__wrap___aeabi_cdcmpeq>:
10003270:	b5ff      	push	{r0, r1, r2, r3, r4, r5, r6, r7, lr}

10003272 <__aeabi_dfcmple_guts>:
10003272:	4f15      	ldr	r7, [pc, #84]	@ (100032c8 <__aeabi_dfcmple_guts+0x56>)
10003274:	004c      	lsls	r4, r1, #1
10003276:	0d64      	lsrs	r4, r4, #21
10003278:	d003      	beq.n	10003282 <__aeabi_dfcmple_guts+0x10>
1000327a:	42bc      	cmp	r4, r7
1000327c:	d104      	bne.n	10003288 <__aeabi_dfcmple_guts+0x16>
1000327e:	030c      	lsls	r4, r1, #12
10003280:	d814      	bhi.n	100032ac <__aeabi_dfcmple_guts+0x3a>
10003282:	2000      	movs	r0, #0
10003284:	0d09      	lsrs	r1, r1, #20
10003286:	0509      	lsls	r1, r1, #20
10003288:	005c      	lsls	r4, r3, #1
1000328a:	0d64      	lsrs	r4, r4, #21
1000328c:	d003      	beq.n	10003296 <__aeabi_dfcmple_guts+0x24>
1000328e:	42bc      	cmp	r4, r7
10003290:	d104      	bne.n	1000329c <__aeabi_dfcmple_guts+0x2a>
10003292:	031c      	lsls	r4, r3, #12
10003294:	d80a      	bhi.n	100032ac <__aeabi_dfcmple_guts+0x3a>
10003296:	2200      	movs	r2, #0
10003298:	0d1b      	lsrs	r3, r3, #20
1000329a:	051b      	lsls	r3, r3, #20
1000329c:	2601      	movs	r6, #1
1000329e:	404b      	eors	r3, r1
100032a0:	d409      	bmi.n	100032b6 <__aeabi_dfcmple_guts+0x44>
100032a2:	404b      	eors	r3, r1
100032a4:	d503      	bpl.n	100032ae <__aeabi_dfcmple_guts+0x3c>
100032a6:	428b      	cmp	r3, r1
100032a8:	d100      	bne.n	100032ac <__aeabi_dfcmple_guts+0x3a>
100032aa:	4282      	cmp	r2, r0
100032ac:	bdff      	pop	{r0, r1, r2, r3, r4, r5, r6, r7, pc}
100032ae:	4299      	cmp	r1, r3
100032b0:	d1fc      	bne.n	100032ac <__aeabi_dfcmple_guts+0x3a>
100032b2:	4290      	cmp	r0, r2
100032b4:	bdff      	pop	{r0, r1, r2, r3, r4, r5, r6, r7, pc}
100032b6:	430b      	orrs	r3, r1
100032b8:	18db      	adds	r3, r3, r3
100032ba:	4303      	orrs	r3, r0
100032bc:	4313      	orrs	r3, r2
100032be:	d0f5      	beq.n	100032ac <__aeabi_dfcmple_guts+0x3a>
100032c0:	43c9      	mvns	r1, r1
100032c2:	1849      	adds	r1, r1, r1
100032c4:	bdff      	pop	{r0, r1, r2, r3, r4, r5, r6, r7, pc}
100032c6:	0000      	.short	0x0000
100032c8:	000007ff 	.word	0x000007ff

100032cc <__wrap___aeabi_dcmplt>:
100032cc:	b500      	push	{lr}
100032ce:	f7ff ffcf 	bl	10003270 <__wrap___aeabi_cdcmpeq>
100032d2:	4180      	sbcs	r0, r0
100032d4:	bd00      	pop	{pc}
100032d6:	46c0      	nop			@ (mov r8, r8)

100032d8 <__wrap___aeabi_dcmple>:
100032d8:	b500      	push	{lr}
100032da:	f7ff ffc9 	bl	10003270 <__wrap___aeabi_cdcmpeq>
100032de:	d901      	bls.n	100032e4 <__wrap___aeabi_dcmple+0xc>
100032e0:	2000      	movs	r0, #0
100032e2:	bd00      	pop	{pc}
100032e4:	2001      	movs	r0, #1
100032e6:	bd00      	pop	{pc}

100032e8 <__wrap___aeabi_dcmpge>:
100032e8:	b500      	push	{lr}
100032ea:	f7ff ffb9 	bl	10003260 <__wrap___aeabi_cdrcmple>
100032ee:	d901      	bls.n	100032f4 <__wrap___aeabi_dcmpge+0xc>
100032f0:	2000      	movs	r0, #0
100032f2:	bd00      	pop	{pc}
100032f4:	2001      	movs	r0, #1
100032f6:	bd00      	pop	{pc}

100032f8 <__wrap___aeabi_dcmpgt>:
100032f8:	b500      	push	{lr}
100032fa:	f7ff ffb1 	bl	10003260 <__wrap___aeabi_cdrcmple>
100032fe:	4180      	sbcs	r0, r0
10003300:	bd00      	pop	{pc}

10003302 <__wrap___aeabi_dcmpun>:
10003302:	2001      	movs	r0, #1
10003304:	0540      	lsls	r0, r0, #21
10003306:	004a      	lsls	r2, r1, #1
10003308:	1812      	adds	r2, r2, r0
1000330a:	d804      	bhi.n	10003316 <__wrap___aeabi_dcmpun+0x14>
1000330c:	005a      	lsls	r2, r3, #1
1000330e:	1812      	adds	r2, r2, r0
10003310:	d801      	bhi.n	10003316 <__wrap___aeabi_dcmpun+0x14>
10003312:	2000      	movs	r0, #0
10003314:	4770      	bx	lr
10003316:	2001      	movs	r0, #1
10003318:	4770      	bx	lr
	...

1000331c <__wrap___aeabi_ui2d>:
1000331c:	2100      	movs	r1, #0
1000331e:	2800      	cmp	r0, #0
10003320:	d105      	bne.n	1000332e <__wrap___aeabi_i2d+0xa>
10003322:	4770      	bx	lr

10003324 <__wrap___aeabi_i2d>:
10003324:	17c1      	asrs	r1, r0, #31
10003326:	4048      	eors	r0, r1
10003328:	1a40      	subs	r0, r0, r1
1000332a:	d0fa      	beq.n	10003322 <__wrap___aeabi_ui2d+0x6>
1000332c:	07c9      	lsls	r1, r1, #31
1000332e:	b513      	push	{r0, r1, r4, lr}
10003330:	4b06      	ldr	r3, [pc, #24]	@ (1000334c <__wrap___aeabi_i2d+0x28>)
10003332:	681b      	ldr	r3, [r3, #0]
10003334:	4798      	blx	r3
10003336:	bc0c      	pop	{r2, r3}
10003338:	1c44      	adds	r4, r0, #1
1000333a:	40a2      	lsls	r2, r4
1000333c:	0510      	lsls	r0, r2, #20
1000333e:	0b12      	lsrs	r2, r2, #12
10003340:	4903      	ldr	r1, [pc, #12]	@ (10003350 <__wrap___aeabi_i2d+0x2c>)
10003342:	1b09      	subs	r1, r1, r4
10003344:	0509      	lsls	r1, r1, #20
10003346:	4319      	orrs	r1, r3
10003348:	4311      	orrs	r1, r2
1000334a:	bd10      	pop	{r4, pc}
1000334c:	20004148 	.word	0x20004148
10003350:	0000041f 	.word	0x0000041f

10003354 <__wrap___aeabi_d2iz>:
10003354:	b510      	push	{r4, lr}
10003356:	004c      	lsls	r4, r1, #1
10003358:	0d62      	lsrs	r2, r4, #21
1000335a:	2380      	movs	r3, #128	@ 0x80
1000335c:	18d2      	adds	r2, r2, r3
1000335e:	00db      	lsls	r3, r3, #3
10003360:	1ad2      	subs	r2, r2, r3
10003362:	055b      	lsls	r3, r3, #21
10003364:	2a7e      	cmp	r2, #126	@ 0x7e
10003366:	dd10      	ble.n	1000338a <__wrap___aeabi_d2iz+0x36>
10003368:	3a9e      	subs	r2, #158	@ 0x9e
1000336a:	da13      	bge.n	10003394 <__wrap___aeabi_d2iz+0x40>
1000336c:	17cc      	asrs	r4, r1, #31
1000336e:	0309      	lsls	r1, r1, #12
10003370:	0849      	lsrs	r1, r1, #1
10003372:	4319      	orrs	r1, r3
10003374:	4252      	negs	r2, r2
10003376:	40d1      	lsrs	r1, r2
10003378:	0064      	lsls	r4, r4, #1
1000337a:	3401      	adds	r4, #1
1000337c:	3215      	adds	r2, #21
1000337e:	2a20      	cmp	r2, #32
10003380:	da05      	bge.n	1000338e <__wrap___aeabi_d2iz+0x3a>
10003382:	40d0      	lsrs	r0, r2
10003384:	4308      	orrs	r0, r1
10003386:	4360      	muls	r0, r4
10003388:	bd10      	pop	{r4, pc}
1000338a:	2000      	movs	r0, #0
1000338c:	bd10      	pop	{r4, pc}
1000338e:	4608      	mov	r0, r1
10003390:	4360      	muls	r0, r4
10003392:	bd10      	pop	{r4, pc}
10003394:	0fc8      	lsrs	r0, r1, #31
10003396:	18c0      	adds	r0, r0, r3
10003398:	3801      	subs	r0, #1
1000339a:	bd10      	pop	{r4, pc}

1000339c <__wrap___aeabi_d2uiz>:
1000339c:	b418      	push	{r3, r4}
1000339e:	4b02      	ldr	r3, [pc, #8]	@ (100033a8 <__wrap___aeabi_d2uiz+0xc>)
100033a0:	6a5b      	ldr	r3, [r3, #36]	@ 0x24
100033a2:	9301      	str	r3, [sp, #4]
100033a4:	bd08      	pop	{r3, pc}
100033a6:	0000      	.short	0x0000
100033a8:	20001c10 	.word	0x20001c10

100033ac <missing_double_func_shim>:
100033ac:	b510      	push	{r4, lr}
100033ae:	4801      	ldr	r0, [pc, #4]	@ (100033b4 <missing_double_func_shim+0x8>)
100033b0:	f7fe f9cc 	bl	1000174c <panic>
100033b4:	1000b164 	.word	0x1000b164

100033b8 <__aeabi_double_init>:
100033b8:	2313      	movs	r3, #19
100033ba:	b570      	push	{r4, r5, r6, lr}
100033bc:	781d      	ldrb	r5, [r3, #0]
100033be:	2d01      	cmp	r5, #1
100033c0:	d019      	beq.n	100033f6 <__aeabi_double_init+0x3e>
100033c2:	dd14      	ble.n	100033ee <__aeabi_double_init+0x36>
100033c4:	481d      	ldr	r0, [pc, #116]	@ (1000343c <__aeabi_double_init+0x84>)
100033c6:	f7ff fb9d 	bl	10002b04 <rom_data_lookup>
100033ca:	0006      	movs	r6, r0
100033cc:	481c      	ldr	r0, [pc, #112]	@ (10003440 <__aeabi_double_init+0x88>)
100033ce:	f7ff fb99 	bl	10002b04 <rom_data_lookup>
100033d2:	4c1c      	ldr	r4, [pc, #112]	@ (10003444 <__aeabi_double_init+0x8c>)
100033d4:	2280      	movs	r2, #128	@ 0x80
100033d6:	0031      	movs	r1, r6
100033d8:	0020      	movs	r0, r4
100033da:	f000 f927 	bl	1000362c <__wrap___aeabi_memcpy>
100033de:	2d02      	cmp	r5, #2
100033e0:	d006      	beq.n	100033f0 <__aeabi_double_init+0x38>
100033e2:	4819      	ldr	r0, [pc, #100]	@ (10003448 <__aeabi_double_init+0x90>)
100033e4:	f7ff fb86 	bl	10002af4 <rom_func_lookup>
100033e8:	4b18      	ldr	r3, [pc, #96]	@ (1000344c <__aeabi_double_init+0x94>)
100033ea:	6018      	str	r0, [r3, #0]
100033ec:	bd70      	pop	{r4, r5, r6, pc}
100033ee:	4c15      	ldr	r4, [pc, #84]	@ (10003444 <__aeabi_double_init+0x8c>)
100033f0:	4b17      	ldr	r3, [pc, #92]	@ (10003450 <__aeabi_double_init+0x98>)
100033f2:	64a3      	str	r3, [r4, #72]	@ 0x48
100033f4:	e7f5      	b.n	100033e2 <__aeabi_double_init+0x2a>
100033f6:	4b17      	ldr	r3, [pc, #92]	@ (10003454 <__aeabi_double_init+0x9c>)
100033f8:	4c12      	ldr	r4, [pc, #72]	@ (10003444 <__aeabi_double_init+0x8c>)
100033fa:	6023      	str	r3, [r4, #0]
100033fc:	6063      	str	r3, [r4, #4]
100033fe:	60a3      	str	r3, [r4, #8]
10003400:	60e3      	str	r3, [r4, #12]
10003402:	6123      	str	r3, [r4, #16]
10003404:	6163      	str	r3, [r4, #20]
10003406:	61a3      	str	r3, [r4, #24]
10003408:	61e3      	str	r3, [r4, #28]
1000340a:	6223      	str	r3, [r4, #32]
1000340c:	6263      	str	r3, [r4, #36]	@ 0x24
1000340e:	62a3      	str	r3, [r4, #40]	@ 0x28
10003410:	62e3      	str	r3, [r4, #44]	@ 0x2c
10003412:	6323      	str	r3, [r4, #48]	@ 0x30
10003414:	6363      	str	r3, [r4, #52]	@ 0x34
10003416:	63a3      	str	r3, [r4, #56]	@ 0x38
10003418:	63e3      	str	r3, [r4, #60]	@ 0x3c
1000341a:	6423      	str	r3, [r4, #64]	@ 0x40
1000341c:	6463      	str	r3, [r4, #68]	@ 0x44
1000341e:	64a3      	str	r3, [r4, #72]	@ 0x48
10003420:	64e3      	str	r3, [r4, #76]	@ 0x4c
10003422:	6523      	str	r3, [r4, #80]	@ 0x50
10003424:	6563      	str	r3, [r4, #84]	@ 0x54
10003426:	65a3      	str	r3, [r4, #88]	@ 0x58
10003428:	65e3      	str	r3, [r4, #92]	@ 0x5c
1000342a:	6623      	str	r3, [r4, #96]	@ 0x60
1000342c:	6663      	str	r3, [r4, #100]	@ 0x64
1000342e:	66a3      	str	r3, [r4, #104]	@ 0x68
10003430:	66e3      	str	r3, [r4, #108]	@ 0x6c
10003432:	6723      	str	r3, [r4, #112]	@ 0x70
10003434:	6763      	str	r3, [r4, #116]	@ 0x74
10003436:	67a3      	str	r3, [r4, #120]	@ 0x78
10003438:	67e3      	str	r3, [r4, #124]	@ 0x7c
1000343a:	e7d9      	b.n	100033f0 <__aeabi_double_init+0x38>
1000343c:	00004453 	.word	0x00004453
10003440:	00004653 	.word	0x00004653
10003444:	20001c10 	.word	0x20001c10
10003448:	0000334c 	.word	0x0000334c
1000344c:	20004148 	.word	0x20004148
10003450:	10003459 	.word	0x10003459
10003454:	100033ad 	.word	0x100033ad

10003458 <double_table_shim_on_use_helper>:
10003458:	b507      	push	{r0, r1, r2, lr}
1000345a:	4660      	mov	r0, ip
1000345c:	8801      	ldrh	r1, [r0, #0]
1000345e:	0a0a      	lsrs	r2, r1, #8
10003460:	3002      	adds	r0, #2
10003462:	2adf      	cmp	r2, #223	@ 0xdf
10003464:	d1fa      	bne.n	1000345c <double_table_shim_on_use_helper+0x4>
10003466:	b2c9      	uxtb	r1, r1
10003468:	0882      	lsrs	r2, r0, #2
1000346a:	d304      	bcc.n	10003476 <double_table_shim_on_use_helper+0x1e>
1000346c:	8802      	ldrh	r2, [r0, #0]
1000346e:	8840      	ldrh	r0, [r0, #2]
10003470:	0400      	lsls	r0, r0, #16
10003472:	4310      	orrs	r0, r2
10003474:	e000      	b.n	10003478 <double_table_shim_on_use_helper+0x20>
10003476:	6800      	ldr	r0, [r0, #0]
10003478:	4a01      	ldr	r2, [pc, #4]	@ (10003480 <double_table_shim_on_use_helper+0x28>)
1000347a:	5050      	str	r0, [r2, r1]
1000347c:	9003      	str	r0, [sp, #12]
1000347e:	bd07      	pop	{r0, r1, r2, pc}
10003480:	20001c10 	.word	0x20001c10

10003484 <__wrap___aeabi_lmul>:
10003484:	4351      	muls	r1, r2
10003486:	4343      	muls	r3, r0
10003488:	18c9      	adds	r1, r1, r3
1000348a:	468c      	mov	ip, r1
1000348c:	0c11      	lsrs	r1, r2, #16
1000348e:	b283      	uxth	r3, r0
10003490:	434b      	muls	r3, r1
10003492:	b410      	push	{r4}
10003494:	0c04      	lsrs	r4, r0, #16
10003496:	4361      	muls	r1, r4
10003498:	b292      	uxth	r2, r2
1000349a:	b280      	uxth	r0, r0
1000349c:	4350      	muls	r0, r2
1000349e:	4362      	muls	r2, r4
100034a0:	041c      	lsls	r4, r3, #16
100034a2:	0c1b      	lsrs	r3, r3, #16
100034a4:	1900      	adds	r0, r0, r4
100034a6:	bc10      	pop	{r4}
100034a8:	4159      	adcs	r1, r3
100034aa:	0413      	lsls	r3, r2, #16
100034ac:	0c12      	lsrs	r2, r2, #16
100034ae:	18c0      	adds	r0, r0, r3
100034b0:	4151      	adcs	r1, r2
100034b2:	4461      	add	r1, ip
100034b4:	4770      	bx	lr
	...

100034b8 <__wrap___aeabi_frsub>:
100034b8:	4048      	eors	r0, r1
100034ba:	4041      	eors	r1, r0
100034bc:	4048      	eors	r0, r1

100034be <__wrap___aeabi_fsub>:
100034be:	4b0e      	ldr	r3, [pc, #56]	@ (100034f8 <__wrap___aeabi_fmul+0x6>)
100034c0:	685b      	ldr	r3, [r3, #4]
100034c2:	4718      	bx	r3

100034c4 <__wrap___aeabi_fadd>:
100034c4:	4b0c      	ldr	r3, [pc, #48]	@ (100034f8 <__wrap___aeabi_fmul+0x6>)
100034c6:	681b      	ldr	r3, [r3, #0]
100034c8:	4718      	bx	r3

100034ca <__wrap___aeabi_fdiv>:
100034ca:	4a0c      	ldr	r2, [pc, #48]	@ (100034fc <__wrap___aeabi_fmul+0xa>)
100034cc:	6f93      	ldr	r3, [r2, #120]	@ 0x78
100034ce:	089b      	lsrs	r3, r3, #2
100034d0:	d202      	bcs.n	100034d8 <fdiv_save_state>

100034d2 <fdiv_shim_call>:
100034d2:	4b09      	ldr	r3, [pc, #36]	@ (100034f8 <__wrap___aeabi_fmul+0x6>)
100034d4:	68db      	ldr	r3, [r3, #12]
100034d6:	4718      	bx	r3

100034d8 <fdiv_save_state>:
100034d8:	b5f0      	push	{r4, r5, r6, r7, lr}
100034da:	6e14      	ldr	r4, [r2, #96]	@ 0x60
100034dc:	6e55      	ldr	r5, [r2, #100]	@ 0x64
100034de:	6f57      	ldr	r7, [r2, #116]	@ 0x74
100034e0:	6f16      	ldr	r6, [r2, #112]	@ 0x70
100034e2:	f7ff fff6 	bl	100034d2 <fdiv_shim_call>
100034e6:	4a05      	ldr	r2, [pc, #20]	@ (100034fc <__wrap___aeabi_fmul+0xa>)
100034e8:	6614      	str	r4, [r2, #96]	@ 0x60
100034ea:	6655      	str	r5, [r2, #100]	@ 0x64
100034ec:	6757      	str	r7, [r2, #116]	@ 0x74
100034ee:	6716      	str	r6, [r2, #112]	@ 0x70
100034f0:	bdf0      	pop	{r4, r5, r6, r7, pc}

100034f2 <__wrap___aeabi_fmul>:
100034f2:	4b01      	ldr	r3, [pc, #4]	@ (100034f8 <__wrap___aeabi_fmul+0x6>)
100034f4:	689b      	ldr	r3, [r3, #8]
100034f6:	4718      	bx	r3
100034f8:	2000414c 	.word	0x2000414c
100034fc:	d0000000 	.word	0xd0000000

10003500 <__wrap___aeabi_ui2f>:
10003500:	1a49      	subs	r1, r1, r1
10003502:	2800      	cmp	r0, #0
10003504:	d108      	bne.n	10003518 <__aeabi_i2f_main>
10003506:	4608      	mov	r0, r1
10003508:	4770      	bx	lr
	...

1000350c <__wrap___aeabi_i2f>:
1000350c:	0fc1      	lsrs	r1, r0, #31
1000350e:	07c9      	lsls	r1, r1, #31
10003510:	d500      	bpl.n	10003514 <__wrap___aeabi_i2f+0x8>
10003512:	4240      	negs	r0, r0
10003514:	2800      	cmp	r0, #0
10003516:	d017      	beq.n	10003548 <__aeabi_i2f_main+0x30>

10003518 <__aeabi_i2f_main>:
10003518:	46f4      	mov	ip, lr
1000351a:	b403      	push	{r0, r1}
1000351c:	4b0b      	ldr	r3, [pc, #44]	@ (1000354c <__aeabi_i2f_main+0x34>)
1000351e:	681b      	ldr	r3, [r3, #0]
10003520:	4798      	blx	r3
10003522:	bc06      	pop	{r1, r2}
10003524:	4081      	lsls	r1, r0
10003526:	389e      	subs	r0, #158	@ 0x9e
10003528:	4240      	negs	r0, r0
1000352a:	3180      	adds	r1, #128	@ 0x80
1000352c:	d207      	bcs.n	1000353e <__aeabi_i2f_main+0x26>
1000352e:	060b      	lsls	r3, r1, #24
10003530:	d007      	beq.n	10003542 <__aeabi_i2f_main+0x2a>
10003532:	0049      	lsls	r1, r1, #1
10003534:	0a49      	lsrs	r1, r1, #9
10003536:	05c0      	lsls	r0, r0, #23
10003538:	4310      	orrs	r0, r2
1000353a:	4308      	orrs	r0, r1
1000353c:	4760      	bx	ip
1000353e:	3001      	adds	r0, #1
10003540:	e7f8      	b.n	10003534 <__aeabi_i2f_main+0x1c>
10003542:	0a49      	lsrs	r1, r1, #9
10003544:	0289      	lsls	r1, r1, #10
10003546:	e7f5      	b.n	10003534 <__aeabi_i2f_main+0x1c>
10003548:	4770      	bx	lr
1000354a:	0000      	.short	0x0000
1000354c:	20004148 	.word	0x20004148

10003550 <__wrap___aeabi_f2uiz>:
10003550:	4b01      	ldr	r3, [pc, #4]	@ (10003558 <__wrap___aeabi_f2uiz+0x8>)
10003552:	6a5b      	ldr	r3, [r3, #36]	@ 0x24
10003554:	4718      	bx	r3
10003556:	0000      	.short	0x0000
10003558:	2000414c 	.word	0x2000414c

1000355c <missing_float_func_shim>:
1000355c:	b510      	push	{r4, lr}
1000355e:	4801      	ldr	r0, [pc, #4]	@ (10003564 <missing_float_func_shim+0x8>)
10003560:	f7fe f8f4 	bl	1000174c <panic>
10003564:	1000b270 	.word	0x1000b270

10003568 <__aeabi_float_init>:
10003568:	2313      	movs	r3, #19
1000356a:	b510      	push	{r4, lr}
1000356c:	4810      	ldr	r0, [pc, #64]	@ (100035b0 <__aeabi_float_init+0x48>)
1000356e:	781c      	ldrb	r4, [r3, #0]
10003570:	f7ff fac8 	bl	10002b04 <rom_data_lookup>
10003574:	0001      	movs	r1, r0
10003576:	2c01      	cmp	r4, #1
10003578:	d00a      	beq.n	10003590 <__aeabi_float_init+0x28>
1000357a:	dd03      	ble.n	10003584 <__aeabi_float_init+0x1c>
1000357c:	2280      	movs	r2, #128	@ 0x80
1000357e:	480d      	ldr	r0, [pc, #52]	@ (100035b4 <__aeabi_float_init+0x4c>)
10003580:	f000 f854 	bl	1000362c <__wrap___aeabi_memcpy>
10003584:	480c      	ldr	r0, [pc, #48]	@ (100035b8 <__aeabi_float_init+0x50>)
10003586:	f7ff fab5 	bl	10002af4 <rom_func_lookup>
1000358a:	4b0c      	ldr	r3, [pc, #48]	@ (100035bc <__aeabi_float_init+0x54>)
1000358c:	6018      	str	r0, [r3, #0]
1000358e:	bd10      	pop	{r4, pc}
10003590:	4c08      	ldr	r4, [pc, #32]	@ (100035b4 <__aeabi_float_init+0x4c>)
10003592:	2254      	movs	r2, #84	@ 0x54
10003594:	0020      	movs	r0, r4
10003596:	f000 f849 	bl	1000362c <__wrap___aeabi_memcpy>
1000359a:	0022      	movs	r2, r4
1000359c:	4908      	ldr	r1, [pc, #32]	@ (100035c0 <__aeabi_float_init+0x58>)
1000359e:	3280      	adds	r2, #128	@ 0x80
100035a0:	6823      	ldr	r3, [r4, #0]
100035a2:	2b00      	cmp	r3, #0
100035a4:	d100      	bne.n	100035a8 <__aeabi_float_init+0x40>
100035a6:	6021      	str	r1, [r4, #0]
100035a8:	3404      	adds	r4, #4
100035aa:	4294      	cmp	r4, r2
100035ac:	d1f8      	bne.n	100035a0 <__aeabi_float_init+0x38>
100035ae:	e7e9      	b.n	10003584 <__aeabi_float_init+0x1c>
100035b0:	00004653 	.word	0x00004653
100035b4:	2000414c 	.word	0x2000414c
100035b8:	0000334c 	.word	0x0000334c
100035bc:	20004148 	.word	0x20004148
100035c0:	1000355d 	.word	0x1000355d

100035c4 <__wrap_malloc>:
100035c4:	b510      	push	{r4, lr}
100035c6:	0004      	movs	r4, r0
100035c8:	f007 f862 	bl	1000a690 <malloc>
100035cc:	2800      	cmp	r0, #0
100035ce:	d004      	beq.n	100035da <__wrap_malloc+0x16>
100035d0:	4b03      	ldr	r3, [pc, #12]	@ (100035e0 <__wrap_malloc+0x1c>)
100035d2:	1904      	adds	r4, r0, r4
100035d4:	429c      	cmp	r4, r3
100035d6:	d800      	bhi.n	100035da <__wrap_malloc+0x16>
100035d8:	bd10      	pop	{r4, pc}
100035da:	4802      	ldr	r0, [pc, #8]	@ (100035e4 <__wrap_malloc+0x20>)
100035dc:	f7fe f8b6 	bl	1000174c <panic>
100035e0:	20040000 	.word	0x20040000
100035e4:	1000b17c 	.word	0x1000b17c

100035e8 <__wrap_calloc>:
100035e8:	b570      	push	{r4, r5, r6, lr}
100035ea:	0005      	movs	r5, r0
100035ec:	000c      	movs	r4, r1
100035ee:	f006 ffef 	bl	1000a5d0 <calloc>
100035f2:	436c      	muls	r4, r5
100035f4:	2800      	cmp	r0, #0
100035f6:	d004      	beq.n	10003602 <__wrap_calloc+0x1a>
100035f8:	4b03      	ldr	r3, [pc, #12]	@ (10003608 <__wrap_calloc+0x20>)
100035fa:	1904      	adds	r4, r0, r4
100035fc:	429c      	cmp	r4, r3
100035fe:	d800      	bhi.n	10003602 <__wrap_calloc+0x1a>
10003600:	bd70      	pop	{r4, r5, r6, pc}
10003602:	4802      	ldr	r0, [pc, #8]	@ (1000360c <__wrap_calloc+0x24>)
10003604:	f7fe f8a2 	bl	1000174c <panic>
10003608:	20040000 	.word	0x20040000
1000360c:	1000b17c 	.word	0x1000b17c

10003610 <__aeabi_mem_init>:
10003610:	4801      	ldr	r0, [pc, #4]	@ (10003618 <__aeabi_mem_init+0x8>)
10003612:	2104      	movs	r1, #4
10003614:	4b01      	ldr	r3, [pc, #4]	@ (1000361c <__aeabi_mem_init+0xc>)
10003616:	4718      	bx	r3
10003618:	20000950 	.word	0x20000950
1000361c:	10002b15 	.word	0x10002b15

10003620 <__wrap_memset>:
10003620:	4b01      	ldr	r3, [pc, #4]	@ (10003628 <__wrap_memset+0x8>)
10003622:	681b      	ldr	r3, [r3, #0]
10003624:	4718      	bx	r3
10003626:	0000      	.short	0x0000
10003628:	20000950 	.word	0x20000950

1000362c <__wrap___aeabi_memcpy>:
1000362c:	4b01      	ldr	r3, [pc, #4]	@ (10003634 <__wrap___aeabi_memcpy+0x8>)
1000362e:	685b      	ldr	r3, [r3, #4]
10003630:	4718      	bx	r3
10003632:	0000      	.short	0x0000
10003634:	20000950 	.word	0x20000950

10003638 <_out_null>:
10003638:	4770      	bx	lr
1000363a:	46c0      	nop			@ (mov r8, r8)

1000363c <_out_rev>:
1000363c:	b5f8      	push	{r3, r4, r5, r6, r7, lr}
1000363e:	4657      	mov	r7, sl
10003640:	46de      	mov	lr, fp
10003642:	464e      	mov	r6, r9
10003644:	4645      	mov	r5, r8
10003646:	b5e0      	push	{r5, r6, r7, lr}
10003648:	4699      	mov	r9, r3
1000364a:	9b0a      	ldr	r3, [sp, #40]	@ 0x28
1000364c:	0007      	movs	r7, r0
1000364e:	469a      	mov	sl, r3
10003650:	9b0d      	ldr	r3, [sp, #52]	@ 0x34
10003652:	4688      	mov	r8, r1
10003654:	4693      	mov	fp, r2
10003656:	9c0b      	ldr	r4, [sp, #44]	@ 0x2c
10003658:	079b      	lsls	r3, r3, #30
1000365a:	d13b      	bne.n	100036d4 <_out_rev+0x98>
1000365c:	9b0c      	ldr	r3, [sp, #48]	@ 0x30
1000365e:	429c      	cmp	r4, r3
10003660:	d23d      	bcs.n	100036de <_out_rev+0xa2>
10003662:	1b1e      	subs	r6, r3, r4
10003664:	940b      	str	r4, [sp, #44]	@ 0x2c
10003666:	0015      	movs	r5, r2
10003668:	000c      	movs	r4, r1
1000366a:	445e      	add	r6, fp
1000366c:	002a      	movs	r2, r5
1000366e:	464b      	mov	r3, r9
10003670:	3501      	adds	r5, #1
10003672:	0021      	movs	r1, r4
10003674:	2020      	movs	r0, #32
10003676:	47b8      	blx	r7
10003678:	42b5      	cmp	r5, r6
1000367a:	d1f7      	bne.n	1000366c <_out_rev+0x30>
1000367c:	46a0      	mov	r8, r4
1000367e:	9c0b      	ldr	r4, [sp, #44]	@ 0x2c
10003680:	2c00      	cmp	r4, #0
10003682:	d020      	beq.n	100036c6 <_out_rev+0x8a>
10003684:	4645      	mov	r5, r8
10003686:	1936      	adds	r6, r6, r4
10003688:	4653      	mov	r3, sl
1000368a:	1b32      	subs	r2, r6, r4
1000368c:	3c01      	subs	r4, #1
1000368e:	5d18      	ldrb	r0, [r3, r4]
10003690:	0029      	movs	r1, r5
10003692:	464b      	mov	r3, r9
10003694:	47b8      	blx	r7
10003696:	2c00      	cmp	r4, #0
10003698:	d1f6      	bne.n	10003688 <_out_rev+0x4c>
1000369a:	002b      	movs	r3, r5
1000369c:	0035      	movs	r5, r6
1000369e:	4698      	mov	r8, r3
100036a0:	9b0d      	ldr	r3, [sp, #52]	@ 0x34
100036a2:	079b      	lsls	r3, r3, #30
100036a4:	d50f      	bpl.n	100036c6 <_out_rev+0x8a>
100036a6:	465b      	mov	r3, fp
100036a8:	1aec      	subs	r4, r5, r3
100036aa:	9b0c      	ldr	r3, [sp, #48]	@ 0x30
100036ac:	42a3      	cmp	r3, r4
100036ae:	d90a      	bls.n	100036c6 <_out_rev+0x8a>
100036b0:	4646      	mov	r6, r8
100036b2:	4698      	mov	r8, r3
100036b4:	002a      	movs	r2, r5
100036b6:	464b      	mov	r3, r9
100036b8:	0031      	movs	r1, r6
100036ba:	2020      	movs	r0, #32
100036bc:	3401      	adds	r4, #1
100036be:	47b8      	blx	r7
100036c0:	3501      	adds	r5, #1
100036c2:	4544      	cmp	r4, r8
100036c4:	d3f6      	bcc.n	100036b4 <_out_rev+0x78>
100036c6:	0028      	movs	r0, r5
100036c8:	bcf0      	pop	{r4, r5, r6, r7}
100036ca:	46bb      	mov	fp, r7
100036cc:	46b2      	mov	sl, r6
100036ce:	46a9      	mov	r9, r5
100036d0:	46a0      	mov	r8, r4
100036d2:	bdf8      	pop	{r3, r4, r5, r6, r7, pc}
100036d4:	0016      	movs	r6, r2
100036d6:	0015      	movs	r5, r2
100036d8:	2c00      	cmp	r4, #0
100036da:	d1d3      	bne.n	10003684 <_out_rev+0x48>
100036dc:	e7e0      	b.n	100036a0 <_out_rev+0x64>
100036de:	0016      	movs	r6, r2
100036e0:	0015      	movs	r5, r2
100036e2:	2c00      	cmp	r4, #0
100036e4:	d1ce      	bne.n	10003684 <_out_rev+0x48>
100036e6:	e7ee      	b.n	100036c6 <_out_rev+0x8a>

100036e8 <_ntoa_format>:
100036e8:	b5f0      	push	{r4, r5, r6, r7, lr}
100036ea:	4645      	mov	r5, r8
100036ec:	46de      	mov	lr, fp
100036ee:	4657      	mov	r7, sl
100036f0:	464e      	mov	r6, r9
100036f2:	b5e0      	push	{r5, r6, r7, lr}
100036f4:	b085      	sub	sp, #20
100036f6:	469c      	mov	ip, r3
100036f8:	ab10      	add	r3, sp, #64	@ 0x40
100036fa:	781b      	ldrb	r3, [r3, #0]
100036fc:	9f14      	ldr	r7, [sp, #80]	@ 0x50
100036fe:	4693      	mov	fp, r2
10003700:	4698      	mov	r8, r3
10003702:	9c0f      	ldr	r4, [sp, #60]	@ 0x3c
10003704:	9e12      	ldr	r6, [sp, #72]	@ 0x48
10003706:	9d13      	ldr	r5, [sp, #76]	@ 0x4c
10003708:	07bb      	lsls	r3, r7, #30
1000370a:	d44c      	bmi.n	100037a6 <_ntoa_format+0xbe>
1000370c:	2d00      	cmp	r5, #0
1000370e:	d142      	bne.n	10003796 <_ntoa_format+0xae>
10003710:	42b4      	cmp	r4, r6
10003712:	d248      	bcs.n	100037a6 <_ntoa_format+0xbe>
10003714:	2301      	movs	r3, #1
10003716:	403b      	ands	r3, r7
10003718:	4699      	mov	r9, r3
1000371a:	9b0e      	ldr	r3, [sp, #56]	@ 0x38
1000371c:	3b01      	subs	r3, #1
1000371e:	469a      	mov	sl, r3
10003720:	2330      	movs	r3, #48	@ 0x30
10003722:	e004      	b.n	1000372e <_ntoa_format+0x46>
10003724:	4652      	mov	r2, sl
10003726:	3401      	adds	r4, #1
10003728:	5513      	strb	r3, [r2, r4]
1000372a:	42a6      	cmp	r6, r4
1000372c:	d901      	bls.n	10003732 <_ntoa_format+0x4a>
1000372e:	2c20      	cmp	r4, #32
10003730:	d1f8      	bne.n	10003724 <_ntoa_format+0x3c>
10003732:	464b      	mov	r3, r9
10003734:	2b00      	cmp	r3, #0
10003736:	d100      	bne.n	1000373a <_ntoa_format+0x52>
10003738:	e083      	b.n	10003842 <_ntoa_format+0x15a>
1000373a:	9b0e      	ldr	r3, [sp, #56]	@ 0x38
1000373c:	3b01      	subs	r3, #1
1000373e:	4699      	mov	r9, r3
10003740:	2330      	movs	r3, #48	@ 0x30
10003742:	42a5      	cmp	r5, r4
10003744:	d805      	bhi.n	10003752 <_ntoa_format+0x6a>
10003746:	e02e      	b.n	100037a6 <_ntoa_format+0xbe>
10003748:	464a      	mov	r2, r9
1000374a:	3401      	adds	r4, #1
1000374c:	5513      	strb	r3, [r2, r4]
1000374e:	42ac      	cmp	r4, r5
10003750:	d029      	beq.n	100037a6 <_ntoa_format+0xbe>
10003752:	2c20      	cmp	r4, #32
10003754:	d1f8      	bne.n	10003748 <_ntoa_format+0x60>
10003756:	06fb      	lsls	r3, r7, #27
10003758:	d50c      	bpl.n	10003774 <_ntoa_format+0x8c>
1000375a:	057b      	lsls	r3, r7, #21
1000375c:	d454      	bmi.n	10003808 <_ntoa_format+0x120>
1000375e:	42a6      	cmp	r6, r4
10003760:	d063      	beq.n	1000382a <_ntoa_format+0x142>
10003762:	42a5      	cmp	r5, r4
10003764:	d061      	beq.n	1000382a <_ntoa_format+0x142>
10003766:	9b11      	ldr	r3, [sp, #68]	@ 0x44
10003768:	2b10      	cmp	r3, #16
1000376a:	d050      	beq.n	1000380e <_ntoa_format+0x126>
1000376c:	2b02      	cmp	r3, #2
1000376e:	d057      	beq.n	10003820 <_ntoa_format+0x138>
10003770:	2c20      	cmp	r4, #32
10003772:	d132      	bne.n	100037da <_ntoa_format+0xf2>
10003774:	2320      	movs	r3, #32
10003776:	9301      	str	r3, [sp, #4]
10003778:	9b0e      	ldr	r3, [sp, #56]	@ 0x38
1000377a:	465a      	mov	r2, fp
1000377c:	9300      	str	r3, [sp, #0]
1000377e:	9703      	str	r7, [sp, #12]
10003780:	4663      	mov	r3, ip
10003782:	9502      	str	r5, [sp, #8]
10003784:	f7ff ff5a 	bl	1000363c <_out_rev>
10003788:	b005      	add	sp, #20
1000378a:	bcf0      	pop	{r4, r5, r6, r7}
1000378c:	46bb      	mov	fp, r7
1000378e:	46b2      	mov	sl, r6
10003790:	46a9      	mov	r9, r5
10003792:	46a0      	mov	r8, r4
10003794:	bdf0      	pop	{r4, r5, r6, r7, pc}
10003796:	2301      	movs	r3, #1
10003798:	403b      	ands	r3, r7
1000379a:	4699      	mov	r9, r3
1000379c:	2301      	movs	r3, #1
1000379e:	423b      	tst	r3, r7
100037a0:	d12a      	bne.n	100037f8 <_ntoa_format+0x110>
100037a2:	42b4      	cmp	r4, r6
100037a4:	d3b9      	bcc.n	1000371a <_ntoa_format+0x32>
100037a6:	06fb      	lsls	r3, r7, #27
100037a8:	d51c      	bpl.n	100037e4 <_ntoa_format+0xfc>
100037aa:	057b      	lsls	r3, r7, #21
100037ac:	d4db      	bmi.n	10003766 <_ntoa_format+0x7e>
100037ae:	2c00      	cmp	r4, #0
100037b0:	d1d5      	bne.n	1000375e <_ntoa_format+0x76>
100037b2:	9b11      	ldr	r3, [sp, #68]	@ 0x44
100037b4:	2b10      	cmp	r3, #16
100037b6:	d05b      	beq.n	10003870 <_ntoa_format+0x188>
100037b8:	9b11      	ldr	r3, [sp, #68]	@ 0x44
100037ba:	2b02      	cmp	r3, #2
100037bc:	d06b      	beq.n	10003896 <_ntoa_format+0x1ae>
100037be:	2330      	movs	r3, #48	@ 0x30
100037c0:	2401      	movs	r4, #1
100037c2:	9a0e      	ldr	r2, [sp, #56]	@ 0x38
100037c4:	7013      	strb	r3, [r2, #0]
100037c6:	4643      	mov	r3, r8
100037c8:	2b00      	cmp	r3, #0
100037ca:	d110      	bne.n	100037ee <_ntoa_format+0x106>
100037cc:	077b      	lsls	r3, r7, #29
100037ce:	d53e      	bpl.n	1000384e <_ntoa_format+0x166>
100037d0:	262b      	movs	r6, #43	@ 0x2b
100037d2:	9a0e      	ldr	r2, [sp, #56]	@ 0x38
100037d4:	1c63      	adds	r3, r4, #1
100037d6:	5516      	strb	r6, [r2, r4]
100037d8:	e7cd      	b.n	10003776 <_ntoa_format+0x8e>
100037da:	0023      	movs	r3, r4
100037dc:	3401      	adds	r4, #1
100037de:	2630      	movs	r6, #48	@ 0x30
100037e0:	9a0e      	ldr	r2, [sp, #56]	@ 0x38
100037e2:	54d6      	strb	r6, [r2, r3]
100037e4:	2c20      	cmp	r4, #32
100037e6:	d0c5      	beq.n	10003774 <_ntoa_format+0x8c>
100037e8:	4643      	mov	r3, r8
100037ea:	2b00      	cmp	r3, #0
100037ec:	d0ee      	beq.n	100037cc <_ntoa_format+0xe4>
100037ee:	262d      	movs	r6, #45	@ 0x2d
100037f0:	9a0e      	ldr	r2, [sp, #56]	@ 0x38
100037f2:	1c63      	adds	r3, r4, #1
100037f4:	5516      	strb	r6, [r2, r4]
100037f6:	e7be      	b.n	10003776 <_ntoa_format+0x8e>
100037f8:	4643      	mov	r3, r8
100037fa:	2b00      	cmp	r3, #0
100037fc:	d02f      	beq.n	1000385e <_ntoa_format+0x176>
100037fe:	3d01      	subs	r5, #1
10003800:	42b4      	cmp	r4, r6
10003802:	d200      	bcs.n	10003806 <_ntoa_format+0x11e>
10003804:	e789      	b.n	1000371a <_ntoa_format+0x32>
10003806:	e798      	b.n	1000373a <_ntoa_format+0x52>
10003808:	9b11      	ldr	r3, [sp, #68]	@ 0x44
1000380a:	2b10      	cmp	r3, #16
1000380c:	d1b2      	bne.n	10003774 <_ntoa_format+0x8c>
1000380e:	06bb      	lsls	r3, r7, #26
10003810:	d537      	bpl.n	10003882 <_ntoa_format+0x19a>
10003812:	2c20      	cmp	r4, #32
10003814:	d0ae      	beq.n	10003774 <_ntoa_format+0x8c>
10003816:	2358      	movs	r3, #88	@ 0x58
10003818:	9a0e      	ldr	r2, [sp, #56]	@ 0x38
1000381a:	5513      	strb	r3, [r2, r4]
1000381c:	3401      	adds	r4, #1
1000381e:	e7a7      	b.n	10003770 <_ntoa_format+0x88>
10003820:	2c20      	cmp	r4, #32
10003822:	d0a7      	beq.n	10003774 <_ntoa_format+0x8c>
10003824:	0023      	movs	r3, r4
10003826:	3401      	adds	r4, #1
10003828:	e007      	b.n	1000383a <_ntoa_format+0x152>
1000382a:	1e63      	subs	r3, r4, #1
1000382c:	2c01      	cmp	r4, #1
1000382e:	d0c0      	beq.n	100037b2 <_ntoa_format+0xca>
10003830:	9a11      	ldr	r2, [sp, #68]	@ 0x44
10003832:	2a10      	cmp	r2, #16
10003834:	d031      	beq.n	1000389a <_ntoa_format+0x1b2>
10003836:	2a02      	cmp	r2, #2
10003838:	d1d1      	bne.n	100037de <_ntoa_format+0xf6>
1000383a:	2662      	movs	r6, #98	@ 0x62
1000383c:	9a0e      	ldr	r2, [sp, #56]	@ 0x38
1000383e:	54d6      	strb	r6, [r2, r3]
10003840:	e796      	b.n	10003770 <_ntoa_format+0x88>
10003842:	06fb      	lsls	r3, r7, #27
10003844:	d5ce      	bpl.n	100037e4 <_ntoa_format+0xfc>
10003846:	057b      	lsls	r3, r7, #21
10003848:	d400      	bmi.n	1000384c <_ntoa_format+0x164>
1000384a:	e788      	b.n	1000375e <_ntoa_format+0x76>
1000384c:	e78b      	b.n	10003766 <_ntoa_format+0x7e>
1000384e:	0023      	movs	r3, r4
10003850:	073e      	lsls	r6, r7, #28
10003852:	d590      	bpl.n	10003776 <_ntoa_format+0x8e>
10003854:	2620      	movs	r6, #32
10003856:	9a0e      	ldr	r2, [sp, #56]	@ 0x38
10003858:	3301      	adds	r3, #1
1000385a:	5516      	strb	r6, [r2, r4]
1000385c:	e78b      	b.n	10003776 <_ntoa_format+0x8e>
1000385e:	230c      	movs	r3, #12
10003860:	403b      	ands	r3, r7
10003862:	1e5a      	subs	r2, r3, #1
10003864:	4193      	sbcs	r3, r2
10003866:	1aed      	subs	r5, r5, r3
10003868:	42b4      	cmp	r4, r6
1000386a:	d200      	bcs.n	1000386e <_ntoa_format+0x186>
1000386c:	e755      	b.n	1000371a <_ntoa_format+0x32>
1000386e:	e764      	b.n	1000373a <_ntoa_format+0x52>
10003870:	06bb      	lsls	r3, r7, #26
10003872:	d40e      	bmi.n	10003892 <_ntoa_format+0x1aa>
10003874:	2378      	movs	r3, #120	@ 0x78
10003876:	9a0e      	ldr	r2, [sp, #56]	@ 0x38
10003878:	2402      	movs	r4, #2
1000387a:	7013      	strb	r3, [r2, #0]
1000387c:	2330      	movs	r3, #48	@ 0x30
1000387e:	7053      	strb	r3, [r2, #1]
10003880:	e7a1      	b.n	100037c6 <_ntoa_format+0xde>
10003882:	2c20      	cmp	r4, #32
10003884:	d100      	bne.n	10003888 <_ntoa_format+0x1a0>
10003886:	e775      	b.n	10003774 <_ntoa_format+0x8c>
10003888:	2378      	movs	r3, #120	@ 0x78
1000388a:	9a0e      	ldr	r2, [sp, #56]	@ 0x38
1000388c:	5513      	strb	r3, [r2, r4]
1000388e:	3401      	adds	r4, #1
10003890:	e76e      	b.n	10003770 <_ntoa_format+0x88>
10003892:	2358      	movs	r3, #88	@ 0x58
10003894:	e7ef      	b.n	10003876 <_ntoa_format+0x18e>
10003896:	3360      	adds	r3, #96	@ 0x60
10003898:	e7ed      	b.n	10003876 <_ntoa_format+0x18e>
1000389a:	9a0e      	ldr	r2, [sp, #56]	@ 0x38
1000389c:	1ea6      	subs	r6, r4, #2
1000389e:	4691      	mov	r9, r2
100038a0:	444e      	add	r6, r9
100038a2:	06ba      	lsls	r2, r7, #26
100038a4:	d502      	bpl.n	100038ac <_ntoa_format+0x1c4>
100038a6:	2258      	movs	r2, #88	@ 0x58
100038a8:	7032      	strb	r2, [r6, #0]
100038aa:	e798      	b.n	100037de <_ntoa_format+0xf6>
100038ac:	2278      	movs	r2, #120	@ 0x78
100038ae:	7032      	strb	r2, [r6, #0]
100038b0:	e795      	b.n	100037de <_ntoa_format+0xf6>
100038b2:	46c0      	nop			@ (mov r8, r8)

100038b4 <_out_char>:
100038b4:	b510      	push	{r4, lr}
100038b6:	2800      	cmp	r0, #0
100038b8:	d100      	bne.n	100038bc <_out_char+0x8>
100038ba:	bd10      	pop	{r4, pc}
100038bc:	f001 fc9a 	bl	100051f4 <__wrap_putchar>
100038c0:	e7fb      	b.n	100038ba <_out_char+0x6>
100038c2:	46c0      	nop			@ (mov r8, r8)

100038c4 <_out_fct>:
100038c4:	000b      	movs	r3, r1
100038c6:	b510      	push	{r4, lr}
100038c8:	2800      	cmp	r0, #0
100038ca:	d002      	beq.n	100038d2 <_out_fct+0xe>
100038cc:	6849      	ldr	r1, [r1, #4]
100038ce:	681b      	ldr	r3, [r3, #0]
100038d0:	4798      	blx	r3
100038d2:	bd10      	pop	{r4, pc}

100038d4 <_ftoa>:
100038d4:	b5f0      	push	{r4, r5, r6, r7, lr}
100038d6:	4657      	mov	r7, sl
100038d8:	46de      	mov	lr, fp
100038da:	464e      	mov	r6, r9
100038dc:	4645      	mov	r5, r8
100038de:	b5e0      	push	{r5, r6, r7, lr}
100038e0:	b095      	sub	sp, #84	@ 0x54
100038e2:	4683      	mov	fp, r0
100038e4:	000f      	movs	r7, r1
100038e6:	4692      	mov	sl, r2
100038e8:	4698      	mov	r8, r3
100038ea:	9a1e      	ldr	r2, [sp, #120]	@ 0x78
100038ec:	9b1f      	ldr	r3, [sp, #124]	@ 0x7c
100038ee:	0010      	movs	r0, r2
100038f0:	0019      	movs	r1, r3
100038f2:	9e20      	ldr	r6, [sp, #128]	@ 0x80
100038f4:	f7ff fd05 	bl	10003302 <__wrap___aeabi_dcmpun>
100038f8:	2800      	cmp	r0, #0
100038fa:	d000      	beq.n	100038fe <_ftoa+0x2a>
100038fc:	e1ea      	b.n	10003cd4 <_ftoa+0x400>
100038fe:	981e      	ldr	r0, [sp, #120]	@ 0x78
10003900:	991f      	ldr	r1, [sp, #124]	@ 0x7c
10003902:	2201      	movs	r2, #1
10003904:	4bc5      	ldr	r3, [pc, #788]	@ (10003c1c <_ftoa+0x348>)
10003906:	4252      	negs	r2, r2
10003908:	f7ff fce0 	bl	100032cc <__wrap___aeabi_dcmplt>
1000390c:	2800      	cmp	r0, #0
1000390e:	d000      	beq.n	10003912 <_ftoa+0x3e>
10003910:	e114      	b.n	10003b3c <_ftoa+0x268>
10003912:	981e      	ldr	r0, [sp, #120]	@ 0x78
10003914:	991f      	ldr	r1, [sp, #124]	@ 0x7c
10003916:	2201      	movs	r2, #1
10003918:	4bc1      	ldr	r3, [pc, #772]	@ (10003c20 <_ftoa+0x34c>)
1000391a:	4252      	negs	r2, r2
1000391c:	f7ff fcec 	bl	100032f8 <__wrap___aeabi_dcmpgt>
10003920:	2800      	cmp	r0, #0
10003922:	d000      	beq.n	10003926 <_ftoa+0x52>
10003924:	e0e9      	b.n	10003afa <_ftoa+0x226>
10003926:	981e      	ldr	r0, [sp, #120]	@ 0x78
10003928:	991f      	ldr	r1, [sp, #124]	@ 0x7c
1000392a:	2200      	movs	r2, #0
1000392c:	4bbd      	ldr	r3, [pc, #756]	@ (10003c24 <_ftoa+0x350>)
1000392e:	f7ff fce3 	bl	100032f8 <__wrap___aeabi_dcmpgt>
10003932:	2800      	cmp	r0, #0
10003934:	d000      	beq.n	10003938 <_ftoa+0x64>
10003936:	e0c8      	b.n	10003aca <_ftoa+0x1f6>
10003938:	981e      	ldr	r0, [sp, #120]	@ 0x78
1000393a:	991f      	ldr	r1, [sp, #124]	@ 0x7c
1000393c:	2200      	movs	r2, #0
1000393e:	4bba      	ldr	r3, [pc, #744]	@ (10003c28 <_ftoa+0x354>)
10003940:	f7ff fcc4 	bl	100032cc <__wrap___aeabi_dcmplt>
10003944:	2800      	cmp	r0, #0
10003946:	d000      	beq.n	1000394a <_ftoa+0x76>
10003948:	e0bf      	b.n	10003aca <_ftoa+0x1f6>
1000394a:	981e      	ldr	r0, [sp, #120]	@ 0x78
1000394c:	991f      	ldr	r1, [sp, #124]	@ 0x7c
1000394e:	2200      	movs	r2, #0
10003950:	2300      	movs	r3, #0
10003952:	f7ff fcbb 	bl	100032cc <__wrap___aeabi_dcmplt>
10003956:	2800      	cmp	r0, #0
10003958:	d000      	beq.n	1000395c <_ftoa+0x88>
1000395a:	e0e4      	b.n	10003b26 <_ftoa+0x252>
1000395c:	2300      	movs	r3, #0
1000395e:	930b      	str	r3, [sp, #44]	@ 0x2c
10003960:	9b22      	ldr	r3, [sp, #136]	@ 0x88
10003962:	055b      	lsls	r3, r3, #21
10003964:	d400      	bmi.n	10003968 <_ftoa+0x94>
10003966:	2606      	movs	r6, #6
10003968:	2400      	movs	r4, #0
1000396a:	2330      	movs	r3, #48	@ 0x30
1000396c:	e007      	b.n	1000397e <_ftoa+0xaa>
1000396e:	2117      	movs	r1, #23
10003970:	aa06      	add	r2, sp, #24
10003972:	3401      	adds	r4, #1
10003974:	1852      	adds	r2, r2, r1
10003976:	5513      	strb	r3, [r2, r4]
10003978:	3e01      	subs	r6, #1
1000397a:	2c20      	cmp	r4, #32
1000397c:	d001      	beq.n	10003982 <_ftoa+0xae>
1000397e:	2e09      	cmp	r6, #9
10003980:	d8f5      	bhi.n	1000396e <_ftoa+0x9a>
10003982:	981e      	ldr	r0, [sp, #120]	@ 0x78
10003984:	991f      	ldr	r1, [sp, #124]	@ 0x7c
10003986:	f7ff fce5 	bl	10003354 <__wrap___aeabi_d2iz>
1000398a:	4ba8      	ldr	r3, [pc, #672]	@ (10003c2c <_ftoa+0x358>)
1000398c:	00f2      	lsls	r2, r6, #3
1000398e:	189b      	adds	r3, r3, r2
10003990:	681a      	ldr	r2, [r3, #0]
10003992:	685b      	ldr	r3, [r3, #4]
10003994:	0005      	movs	r5, r0
10003996:	9208      	str	r2, [sp, #32]
10003998:	9309      	str	r3, [sp, #36]	@ 0x24
1000399a:	f7ff fcc3 	bl	10003324 <__wrap___aeabi_i2d>
1000399e:	0002      	movs	r2, r0
100039a0:	000b      	movs	r3, r1
100039a2:	981e      	ldr	r0, [sp, #120]	@ 0x78
100039a4:	991f      	ldr	r1, [sp, #124]	@ 0x7c
100039a6:	f7ff fc2e 	bl	10003206 <__wrap___aeabi_dsub>
100039aa:	9a08      	ldr	r2, [sp, #32]
100039ac:	9b09      	ldr	r3, [sp, #36]	@ 0x24
100039ae:	f7ff fc4e 	bl	1000324e <__wrap___aeabi_dmul>
100039b2:	9006      	str	r0, [sp, #24]
100039b4:	9107      	str	r1, [sp, #28]
100039b6:	f7ff fcf1 	bl	1000339c <__wrap___aeabi_d2uiz>
100039ba:	4681      	mov	r9, r0
100039bc:	f7ff fcae 	bl	1000331c <__wrap___aeabi_ui2d>
100039c0:	0002      	movs	r2, r0
100039c2:	000b      	movs	r3, r1
100039c4:	9806      	ldr	r0, [sp, #24]
100039c6:	9907      	ldr	r1, [sp, #28]
100039c8:	f7ff fc1d 	bl	10003206 <__wrap___aeabi_dsub>
100039cc:	2200      	movs	r2, #0
100039ce:	4b98      	ldr	r3, [pc, #608]	@ (10003c30 <_ftoa+0x35c>)
100039d0:	9006      	str	r0, [sp, #24]
100039d2:	9107      	str	r1, [sp, #28]
100039d4:	f7ff fc90 	bl	100032f8 <__wrap___aeabi_dcmpgt>
100039d8:	2800      	cmp	r0, #0
100039da:	d100      	bne.n	100039de <_ftoa+0x10a>
100039dc:	e10d      	b.n	10003bfa <_ftoa+0x326>
100039de:	2301      	movs	r3, #1
100039e0:	469c      	mov	ip, r3
100039e2:	44e1      	add	r9, ip
100039e4:	4648      	mov	r0, r9
100039e6:	f7ff fc99 	bl	1000331c <__wrap___aeabi_ui2d>
100039ea:	0002      	movs	r2, r0
100039ec:	000b      	movs	r3, r1
100039ee:	9808      	ldr	r0, [sp, #32]
100039f0:	9909      	ldr	r1, [sp, #36]	@ 0x24
100039f2:	f7ff fc71 	bl	100032d8 <__wrap___aeabi_dcmple>
100039f6:	2800      	cmp	r0, #0
100039f8:	d002      	beq.n	10003a00 <_ftoa+0x12c>
100039fa:	2300      	movs	r3, #0
100039fc:	4699      	mov	r9, r3
100039fe:	3501      	adds	r5, #1
10003a00:	2e00      	cmp	r6, #0
10003a02:	d100      	bne.n	10003a06 <_ftoa+0x132>
10003a04:	e0d9      	b.n	10003bba <_ftoa+0x2e6>
10003a06:	9506      	str	r5, [sp, #24]
10003a08:	464d      	mov	r5, r9
10003a0a:	46b9      	mov	r9, r7
10003a0c:	e014      	b.n	10003a38 <_ftoa+0x164>
10003a0e:	aa06      	add	r2, sp, #24
10003a10:	4694      	mov	ip, r2
10003a12:	2317      	movs	r3, #23
10003a14:	210a      	movs	r1, #10
10003a16:	4463      	add	r3, ip
10003a18:	0028      	movs	r0, r5
10003a1a:	3401      	adds	r4, #1
10003a1c:	191f      	adds	r7, r3, r4
10003a1e:	f7ff f9b7 	bl	10002d90 <__wrap___aeabi_uidiv>
10003a22:	3130      	adds	r1, #48	@ 0x30
10003a24:	7039      	strb	r1, [r7, #0]
10003a26:	0028      	movs	r0, r5
10003a28:	210a      	movs	r1, #10
10003a2a:	3e01      	subs	r6, #1
10003a2c:	f7ff f9b0 	bl	10002d90 <__wrap___aeabi_uidiv>
10003a30:	2d09      	cmp	r5, #9
10003a32:	d800      	bhi.n	10003a36 <_ftoa+0x162>
10003a34:	e117      	b.n	10003c66 <_ftoa+0x392>
10003a36:	0005      	movs	r5, r0
10003a38:	2c20      	cmp	r4, #32
10003a3a:	d1e8      	bne.n	10003a0e <_ftoa+0x13a>
10003a3c:	464f      	mov	r7, r9
10003a3e:	9d06      	ldr	r5, [sp, #24]
10003a40:	2420      	movs	r4, #32
10003a42:	ae0c      	add	r6, sp, #48	@ 0x30
10003a44:	aa06      	add	r2, sp, #24
10003a46:	2317      	movs	r3, #23
10003a48:	4694      	mov	ip, r2
10003a4a:	4463      	add	r3, ip
10003a4c:	4699      	mov	r9, r3
10003a4e:	465b      	mov	r3, fp
10003a50:	46b3      	mov	fp, r6
10003a52:	9306      	str	r3, [sp, #24]
10003a54:	e00f      	b.n	10003a76 <_ftoa+0x1a2>
10003a56:	464b      	mov	r3, r9
10003a58:	0028      	movs	r0, r5
10003a5a:	210a      	movs	r1, #10
10003a5c:	3401      	adds	r4, #1
10003a5e:	18e6      	adds	r6, r4, r3
10003a60:	f7ff f96e 	bl	10002d40 <__wrap___aeabi_idiv>
10003a64:	3130      	adds	r1, #48	@ 0x30
10003a66:	0028      	movs	r0, r5
10003a68:	7031      	strb	r1, [r6, #0]
10003a6a:	210a      	movs	r1, #10
10003a6c:	f7ff f968 	bl	10002d40 <__wrap___aeabi_idiv>
10003a70:	1e05      	subs	r5, r0, #0
10003a72:	d100      	bne.n	10003a76 <_ftoa+0x1a2>
10003a74:	e0e4      	b.n	10003c40 <_ftoa+0x36c>
10003a76:	2c20      	cmp	r4, #32
10003a78:	d1ed      	bne.n	10003a56 <_ftoa+0x182>
10003a7a:	9b06      	ldr	r3, [sp, #24]
10003a7c:	465e      	mov	r6, fp
10003a7e:	469b      	mov	fp, r3
10003a80:	2303      	movs	r3, #3
10003a82:	9a22      	ldr	r2, [sp, #136]	@ 0x88
10003a84:	4013      	ands	r3, r2
10003a86:	2b01      	cmp	r3, #1
10003a88:	d118      	bne.n	10003abc <_ftoa+0x1e8>
10003a8a:	9b21      	ldr	r3, [sp, #132]	@ 0x84
10003a8c:	2b00      	cmp	r3, #0
10003a8e:	d015      	beq.n	10003abc <_ftoa+0x1e8>
10003a90:	9b0b      	ldr	r3, [sp, #44]	@ 0x2c
10003a92:	2b00      	cmp	r3, #0
10003a94:	d100      	bne.n	10003a98 <_ftoa+0x1c4>
10003a96:	e0fd      	b.n	10003c94 <_ftoa+0x3c0>
10003a98:	9b21      	ldr	r3, [sp, #132]	@ 0x84
10003a9a:	3b01      	subs	r3, #1
10003a9c:	9321      	str	r3, [sp, #132]	@ 0x84
10003a9e:	2b20      	cmp	r3, #32
10003aa0:	d90c      	bls.n	10003abc <_ftoa+0x1e8>
10003aa2:	2330      	movs	r3, #48	@ 0x30
10003aa4:	9a21      	ldr	r2, [sp, #132]	@ 0x84
10003aa6:	e007      	b.n	10003ab8 <_ftoa+0x1e4>
10003aa8:	2017      	movs	r0, #23
10003aaa:	a906      	add	r1, sp, #24
10003aac:	3401      	adds	r4, #1
10003aae:	1809      	adds	r1, r1, r0
10003ab0:	550b      	strb	r3, [r1, r4]
10003ab2:	4294      	cmp	r4, r2
10003ab4:	d300      	bcc.n	10003ab8 <_ftoa+0x1e4>
10003ab6:	e0cc      	b.n	10003c52 <_ftoa+0x37e>
10003ab8:	2c20      	cmp	r4, #32
10003aba:	d1f5      	bne.n	10003aa8 <_ftoa+0x1d4>
10003abc:	9b22      	ldr	r3, [sp, #136]	@ 0x88
10003abe:	9401      	str	r4, [sp, #4]
10003ac0:	9303      	str	r3, [sp, #12]
10003ac2:	9b21      	ldr	r3, [sp, #132]	@ 0x84
10003ac4:	9600      	str	r6, [sp, #0]
10003ac6:	9302      	str	r3, [sp, #8]
10003ac8:	e022      	b.n	10003b10 <_ftoa+0x23c>
10003aca:	9b22      	ldr	r3, [sp, #136]	@ 0x88
10003acc:	4652      	mov	r2, sl
10003ace:	9304      	str	r3, [sp, #16]
10003ad0:	9b21      	ldr	r3, [sp, #132]	@ 0x84
10003ad2:	0039      	movs	r1, r7
10003ad4:	9303      	str	r3, [sp, #12]
10003ad6:	4658      	mov	r0, fp
10003ad8:	9b1e      	ldr	r3, [sp, #120]	@ 0x78
10003ada:	9c1f      	ldr	r4, [sp, #124]	@ 0x7c
10003adc:	9602      	str	r6, [sp, #8]
10003ade:	9300      	str	r3, [sp, #0]
10003ae0:	9401      	str	r4, [sp, #4]
10003ae2:	4643      	mov	r3, r8
10003ae4:	f000 f94a 	bl	10003d7c <_etoa>
10003ae8:	0004      	movs	r4, r0
10003aea:	0020      	movs	r0, r4
10003aec:	b015      	add	sp, #84	@ 0x54
10003aee:	bcf0      	pop	{r4, r5, r6, r7}
10003af0:	46bb      	mov	fp, r7
10003af2:	46b2      	mov	sl, r6
10003af4:	46a9      	mov	r9, r5
10003af6:	46a0      	mov	r8, r4
10003af8:	bdf0      	pop	{r4, r5, r6, r7, pc}
10003afa:	9b22      	ldr	r3, [sp, #136]	@ 0x88
10003afc:	075b      	lsls	r3, r3, #29
10003afe:	d40f      	bmi.n	10003b20 <_ftoa+0x24c>
10003b00:	2203      	movs	r2, #3
10003b02:	4b4c      	ldr	r3, [pc, #304]	@ (10003c34 <_ftoa+0x360>)
10003b04:	9922      	ldr	r1, [sp, #136]	@ 0x88
10003b06:	9201      	str	r2, [sp, #4]
10003b08:	9103      	str	r1, [sp, #12]
10003b0a:	9921      	ldr	r1, [sp, #132]	@ 0x84
10003b0c:	9300      	str	r3, [sp, #0]
10003b0e:	9102      	str	r1, [sp, #8]
10003b10:	4643      	mov	r3, r8
10003b12:	4652      	mov	r2, sl
10003b14:	0039      	movs	r1, r7
10003b16:	4658      	mov	r0, fp
10003b18:	f7ff fd90 	bl	1000363c <_out_rev>
10003b1c:	0004      	movs	r4, r0
10003b1e:	e7e4      	b.n	10003aea <_ftoa+0x216>
10003b20:	2204      	movs	r2, #4
10003b22:	4b45      	ldr	r3, [pc, #276]	@ (10003c38 <_ftoa+0x364>)
10003b24:	e7ee      	b.n	10003b04 <_ftoa+0x230>
10003b26:	9a1e      	ldr	r2, [sp, #120]	@ 0x78
10003b28:	9b1f      	ldr	r3, [sp, #124]	@ 0x7c
10003b2a:	2000      	movs	r0, #0
10003b2c:	2100      	movs	r1, #0
10003b2e:	f7ff fb6a 	bl	10003206 <__wrap___aeabi_dsub>
10003b32:	2301      	movs	r3, #1
10003b34:	901e      	str	r0, [sp, #120]	@ 0x78
10003b36:	911f      	str	r1, [sp, #124]	@ 0x7c
10003b38:	930b      	str	r3, [sp, #44]	@ 0x2c
10003b3a:	e711      	b.n	10003960 <_ftoa+0x8c>
10003b3c:	9b22      	ldr	r3, [sp, #136]	@ 0x88
10003b3e:	4654      	mov	r4, sl
10003b40:	079b      	lsls	r3, r3, #30
10003b42:	d111      	bne.n	10003b68 <_ftoa+0x294>
10003b44:	9b21      	ldr	r3, [sp, #132]	@ 0x84
10003b46:	2b04      	cmp	r3, #4
10003b48:	d90e      	bls.n	10003b68 <_ftoa+0x294>
10003b4a:	9b21      	ldr	r3, [sp, #132]	@ 0x84
10003b4c:	4655      	mov	r5, sl
10003b4e:	469c      	mov	ip, r3
10003b50:	465e      	mov	r6, fp
10003b52:	3c04      	subs	r4, #4
10003b54:	4464      	add	r4, ip
10003b56:	002a      	movs	r2, r5
10003b58:	4643      	mov	r3, r8
10003b5a:	3501      	adds	r5, #1
10003b5c:	0039      	movs	r1, r7
10003b5e:	2020      	movs	r0, #32
10003b60:	47b0      	blx	r6
10003b62:	42a5      	cmp	r5, r4
10003b64:	d1f7      	bne.n	10003b56 <_ftoa+0x282>
10003b66:	46b3      	mov	fp, r6
10003b68:	4d34      	ldr	r5, [pc, #208]	@ (10003c3c <_ftoa+0x368>)
10003b6a:	0026      	movs	r6, r4
10003b6c:	1f2b      	subs	r3, r5, #4
10003b6e:	4699      	mov	r9, r3
10003b70:	465b      	mov	r3, fp
10003b72:	46a3      	mov	fp, r4
10003b74:	001c      	movs	r4, r3
10003b76:	0032      	movs	r2, r6
10003b78:	78e8      	ldrb	r0, [r5, #3]
10003b7a:	4643      	mov	r3, r8
10003b7c:	0039      	movs	r1, r7
10003b7e:	3d01      	subs	r5, #1
10003b80:	47a0      	blx	r4
10003b82:	3601      	adds	r6, #1
10003b84:	454d      	cmp	r5, r9
10003b86:	d1f6      	bne.n	10003b76 <_ftoa+0x2a2>
10003b88:	0023      	movs	r3, r4
10003b8a:	465c      	mov	r4, fp
10003b8c:	469b      	mov	fp, r3
10003b8e:	9b22      	ldr	r3, [sp, #136]	@ 0x88
10003b90:	3404      	adds	r4, #4
10003b92:	079b      	lsls	r3, r3, #30
10003b94:	d5a9      	bpl.n	10003aea <_ftoa+0x216>
10003b96:	4653      	mov	r3, sl
10003b98:	9a21      	ldr	r2, [sp, #132]	@ 0x84
10003b9a:	1ae3      	subs	r3, r4, r3
10003b9c:	429a      	cmp	r2, r3
10003b9e:	d9a4      	bls.n	10003aea <_ftoa+0x216>
10003ba0:	465e      	mov	r6, fp
10003ba2:	0015      	movs	r5, r2
10003ba4:	0022      	movs	r2, r4
10003ba6:	4643      	mov	r3, r8
10003ba8:	0039      	movs	r1, r7
10003baa:	2020      	movs	r0, #32
10003bac:	47b0      	blx	r6
10003bae:	4653      	mov	r3, sl
10003bb0:	3401      	adds	r4, #1
10003bb2:	1ae3      	subs	r3, r4, r3
10003bb4:	429d      	cmp	r5, r3
10003bb6:	d8f5      	bhi.n	10003ba4 <_ftoa+0x2d0>
10003bb8:	e797      	b.n	10003aea <_ftoa+0x216>
10003bba:	0028      	movs	r0, r5
10003bbc:	f7ff fbb2 	bl	10003324 <__wrap___aeabi_i2d>
10003bc0:	0002      	movs	r2, r0
10003bc2:	000b      	movs	r3, r1
10003bc4:	981e      	ldr	r0, [sp, #120]	@ 0x78
10003bc6:	991f      	ldr	r1, [sp, #124]	@ 0x7c
10003bc8:	f7ff fb1d 	bl	10003206 <__wrap___aeabi_dsub>
10003bcc:	2200      	movs	r2, #0
10003bce:	4b18      	ldr	r3, [pc, #96]	@ (10003c30 <_ftoa+0x35c>)
10003bd0:	9006      	str	r0, [sp, #24]
10003bd2:	9107      	str	r1, [sp, #28]
10003bd4:	f7ff fb7a 	bl	100032cc <__wrap___aeabi_dcmplt>
10003bd8:	ae0c      	add	r6, sp, #48	@ 0x30
10003bda:	2800      	cmp	r0, #0
10003bdc:	d000      	beq.n	10003be0 <_ftoa+0x30c>
10003bde:	e731      	b.n	10003a44 <_ftoa+0x170>
10003be0:	9806      	ldr	r0, [sp, #24]
10003be2:	9907      	ldr	r1, [sp, #28]
10003be4:	2200      	movs	r2, #0
10003be6:	4b12      	ldr	r3, [pc, #72]	@ (10003c30 <_ftoa+0x35c>)
10003be8:	f7ff fb86 	bl	100032f8 <__wrap___aeabi_dcmpgt>
10003bec:	2800      	cmp	r0, #0
10003bee:	d000      	beq.n	10003bf2 <_ftoa+0x31e>
10003bf0:	e728      	b.n	10003a44 <_ftoa+0x170>
10003bf2:	2301      	movs	r3, #1
10003bf4:	3501      	adds	r5, #1
10003bf6:	439d      	bics	r5, r3
10003bf8:	e724      	b.n	10003a44 <_ftoa+0x170>
10003bfa:	2200      	movs	r2, #0
10003bfc:	9806      	ldr	r0, [sp, #24]
10003bfe:	9907      	ldr	r1, [sp, #28]
10003c00:	4b0b      	ldr	r3, [pc, #44]	@ (10003c30 <_ftoa+0x35c>)
10003c02:	f7ff fb63 	bl	100032cc <__wrap___aeabi_dcmplt>
10003c06:	2800      	cmp	r0, #0
10003c08:	d000      	beq.n	10003c0c <_ftoa+0x338>
10003c0a:	e6f9      	b.n	10003a00 <_ftoa+0x12c>
10003c0c:	464b      	mov	r3, r9
10003c0e:	2b00      	cmp	r3, #0
10003c10:	d15c      	bne.n	10003ccc <_ftoa+0x3f8>
10003c12:	2301      	movs	r3, #1
10003c14:	469c      	mov	ip, r3
10003c16:	44e1      	add	r9, ip
10003c18:	e6f2      	b.n	10003a00 <_ftoa+0x12c>
10003c1a:	46c0      	nop			@ (mov r8, r8)
10003c1c:	ffefffff 	.word	0xffefffff
10003c20:	7fefffff 	.word	0x7fefffff
10003c24:	41cdcd65 	.word	0x41cdcd65
10003c28:	c1cdcd65 	.word	0xc1cdcd65
10003c2c:	1000b5f0 	.word	0x1000b5f0
10003c30:	3fe00000 	.word	0x3fe00000
10003c34:	1000b1e8 	.word	0x1000b1e8
10003c38:	1000b1e0 	.word	0x1000b1e0
10003c3c:	1000b1f0 	.word	0x1000b1f0
10003c40:	9b06      	ldr	r3, [sp, #24]
10003c42:	465e      	mov	r6, fp
10003c44:	469b      	mov	fp, r3
10003c46:	2303      	movs	r3, #3
10003c48:	9a22      	ldr	r2, [sp, #136]	@ 0x88
10003c4a:	4013      	ands	r3, r2
10003c4c:	2b01      	cmp	r3, #1
10003c4e:	d100      	bne.n	10003c52 <_ftoa+0x37e>
10003c50:	e081      	b.n	10003d56 <_ftoa+0x482>
10003c52:	2c20      	cmp	r4, #32
10003c54:	d100      	bne.n	10003c58 <_ftoa+0x384>
10003c56:	e731      	b.n	10003abc <_ftoa+0x1e8>
10003c58:	9b0b      	ldr	r3, [sp, #44]	@ 0x2c
10003c5a:	2b00      	cmp	r3, #0
10003c5c:	d027      	beq.n	10003cae <_ftoa+0x3da>
10003c5e:	232d      	movs	r3, #45	@ 0x2d
10003c60:	5533      	strb	r3, [r6, r4]
10003c62:	3401      	adds	r4, #1
10003c64:	e72a      	b.n	10003abc <_ftoa+0x1e8>
10003c66:	464f      	mov	r7, r9
10003c68:	9d06      	ldr	r5, [sp, #24]
10003c6a:	2c20      	cmp	r4, #32
10003c6c:	d100      	bne.n	10003c70 <_ftoa+0x39c>
10003c6e:	e6e7      	b.n	10003a40 <_ftoa+0x16c>
10003c70:	2230      	movs	r2, #48	@ 0x30
10003c72:	1933      	adds	r3, r6, r4
10003c74:	e007      	b.n	10003c86 <_ftoa+0x3b2>
10003c76:	2017      	movs	r0, #23
10003c78:	a906      	add	r1, sp, #24
10003c7a:	3401      	adds	r4, #1
10003c7c:	1809      	adds	r1, r1, r0
10003c7e:	550a      	strb	r2, [r1, r4]
10003c80:	2c20      	cmp	r4, #32
10003c82:	d100      	bne.n	10003c86 <_ftoa+0x3b2>
10003c84:	e6dc      	b.n	10003a40 <_ftoa+0x16c>
10003c86:	42a3      	cmp	r3, r4
10003c88:	d1f5      	bne.n	10003c76 <_ftoa+0x3a2>
10003c8a:	222e      	movs	r2, #46	@ 0x2e
10003c8c:	ae0c      	add	r6, sp, #48	@ 0x30
10003c8e:	3401      	adds	r4, #1
10003c90:	54f2      	strb	r2, [r6, r3]
10003c92:	e6d7      	b.n	10003a44 <_ftoa+0x170>
10003c94:	230c      	movs	r3, #12
10003c96:	9a22      	ldr	r2, [sp, #136]	@ 0x88
10003c98:	4213      	tst	r3, r2
10003c9a:	d057      	beq.n	10003d4c <_ftoa+0x478>
10003c9c:	9b21      	ldr	r3, [sp, #132]	@ 0x84
10003c9e:	3b01      	subs	r3, #1
10003ca0:	9321      	str	r3, [sp, #132]	@ 0x84
10003ca2:	42a3      	cmp	r3, r4
10003ca4:	d900      	bls.n	10003ca8 <_ftoa+0x3d4>
10003ca6:	e6fc      	b.n	10003aa2 <_ftoa+0x1ce>
10003ca8:	2c20      	cmp	r4, #32
10003caa:	d100      	bne.n	10003cae <_ftoa+0x3da>
10003cac:	e706      	b.n	10003abc <_ftoa+0x1e8>
10003cae:	9b22      	ldr	r3, [sp, #136]	@ 0x88
10003cb0:	075b      	lsls	r3, r3, #29
10003cb2:	d503      	bpl.n	10003cbc <_ftoa+0x3e8>
10003cb4:	232b      	movs	r3, #43	@ 0x2b
10003cb6:	5533      	strb	r3, [r6, r4]
10003cb8:	3401      	adds	r4, #1
10003cba:	e6ff      	b.n	10003abc <_ftoa+0x1e8>
10003cbc:	9b22      	ldr	r3, [sp, #136]	@ 0x88
10003cbe:	071b      	lsls	r3, r3, #28
10003cc0:	d400      	bmi.n	10003cc4 <_ftoa+0x3f0>
10003cc2:	e6fb      	b.n	10003abc <_ftoa+0x1e8>
10003cc4:	2320      	movs	r3, #32
10003cc6:	5533      	strb	r3, [r6, r4]
10003cc8:	3401      	adds	r4, #1
10003cca:	e6f7      	b.n	10003abc <_ftoa+0x1e8>
10003ccc:	07db      	lsls	r3, r3, #31
10003cce:	d400      	bmi.n	10003cd2 <_ftoa+0x3fe>
10003cd0:	e696      	b.n	10003a00 <_ftoa+0x12c>
10003cd2:	e79e      	b.n	10003c12 <_ftoa+0x33e>
10003cd4:	9b22      	ldr	r3, [sp, #136]	@ 0x88
10003cd6:	4655      	mov	r5, sl
10003cd8:	079b      	lsls	r3, r3, #30
10003cda:	d111      	bne.n	10003d00 <_ftoa+0x42c>
10003cdc:	9b21      	ldr	r3, [sp, #132]	@ 0x84
10003cde:	2b03      	cmp	r3, #3
10003ce0:	d90e      	bls.n	10003d00 <_ftoa+0x42c>
10003ce2:	9b21      	ldr	r3, [sp, #132]	@ 0x84
10003ce4:	4654      	mov	r4, sl
10003ce6:	469c      	mov	ip, r3
10003ce8:	465e      	mov	r6, fp
10003cea:	3d03      	subs	r5, #3
10003cec:	4465      	add	r5, ip
10003cee:	0022      	movs	r2, r4
10003cf0:	4643      	mov	r3, r8
10003cf2:	3401      	adds	r4, #1
10003cf4:	0039      	movs	r1, r7
10003cf6:	2020      	movs	r0, #32
10003cf8:	47b0      	blx	r6
10003cfa:	42ac      	cmp	r4, r5
10003cfc:	d1f7      	bne.n	10003cee <_ftoa+0x41a>
10003cfe:	46b3      	mov	fp, r6
10003d00:	46b9      	mov	r9, r7
10003d02:	465f      	mov	r7, fp
10003d04:	4e1c      	ldr	r6, [pc, #112]	@ (10003d78 <_ftoa+0x4a4>)
10003d06:	1cec      	adds	r4, r5, #3
10003d08:	002a      	movs	r2, r5
10003d0a:	78b0      	ldrb	r0, [r6, #2]
10003d0c:	4643      	mov	r3, r8
10003d0e:	4649      	mov	r1, r9
10003d10:	3501      	adds	r5, #1
10003d12:	47b8      	blx	r7
10003d14:	3e01      	subs	r6, #1
10003d16:	42ac      	cmp	r4, r5
10003d18:	d1f6      	bne.n	10003d08 <_ftoa+0x434>
10003d1a:	9b22      	ldr	r3, [sp, #136]	@ 0x88
10003d1c:	46bb      	mov	fp, r7
10003d1e:	464f      	mov	r7, r9
10003d20:	079b      	lsls	r3, r3, #30
10003d22:	d400      	bmi.n	10003d26 <_ftoa+0x452>
10003d24:	e6e1      	b.n	10003aea <_ftoa+0x216>
10003d26:	4653      	mov	r3, sl
10003d28:	9a21      	ldr	r2, [sp, #132]	@ 0x84
10003d2a:	1ae3      	subs	r3, r4, r3
10003d2c:	429a      	cmp	r2, r3
10003d2e:	d800      	bhi.n	10003d32 <_ftoa+0x45e>
10003d30:	e6db      	b.n	10003aea <_ftoa+0x216>
10003d32:	465e      	mov	r6, fp
10003d34:	0015      	movs	r5, r2
10003d36:	0022      	movs	r2, r4
10003d38:	4643      	mov	r3, r8
10003d3a:	0039      	movs	r1, r7
10003d3c:	2020      	movs	r0, #32
10003d3e:	47b0      	blx	r6
10003d40:	4653      	mov	r3, sl
10003d42:	3401      	adds	r4, #1
10003d44:	1ae3      	subs	r3, r4, r3
10003d46:	42ab      	cmp	r3, r5
10003d48:	d3f5      	bcc.n	10003d36 <_ftoa+0x462>
10003d4a:	e6ce      	b.n	10003aea <_ftoa+0x216>
10003d4c:	9b21      	ldr	r3, [sp, #132]	@ 0x84
10003d4e:	42a3      	cmp	r3, r4
10003d50:	d900      	bls.n	10003d54 <_ftoa+0x480>
10003d52:	e6a6      	b.n	10003aa2 <_ftoa+0x1ce>
10003d54:	e6b2      	b.n	10003abc <_ftoa+0x1e8>
10003d56:	9b21      	ldr	r3, [sp, #132]	@ 0x84
10003d58:	2b00      	cmp	r3, #0
10003d5a:	d100      	bne.n	10003d5e <_ftoa+0x48a>
10003d5c:	e779      	b.n	10003c52 <_ftoa+0x37e>
10003d5e:	9b0b      	ldr	r3, [sp, #44]	@ 0x2c
10003d60:	2b00      	cmp	r3, #0
10003d62:	d097      	beq.n	10003c94 <_ftoa+0x3c0>
10003d64:	9b21      	ldr	r3, [sp, #132]	@ 0x84
10003d66:	3b01      	subs	r3, #1
10003d68:	9321      	str	r3, [sp, #132]	@ 0x84
10003d6a:	429c      	cmp	r4, r3
10003d6c:	d200      	bcs.n	10003d70 <_ftoa+0x49c>
10003d6e:	e698      	b.n	10003aa2 <_ftoa+0x1ce>
10003d70:	2c20      	cmp	r4, #32
10003d72:	d000      	beq.n	10003d76 <_ftoa+0x4a2>
10003d74:	e773      	b.n	10003c5e <_ftoa+0x38a>
10003d76:	e6a1      	b.n	10003abc <_ftoa+0x1e8>
10003d78:	1000b1ec 	.word	0x1000b1ec

10003d7c <_etoa>:
10003d7c:	b5f0      	push	{r4, r5, r6, r7, lr}
10003d7e:	46de      	mov	lr, fp
10003d80:	4657      	mov	r7, sl
10003d82:	464e      	mov	r6, r9
10003d84:	4645      	mov	r5, r8
10003d86:	b5e0      	push	{r5, r6, r7, lr}
10003d88:	b099      	sub	sp, #100	@ 0x64
10003d8a:	4681      	mov	r9, r0
10003d8c:	468b      	mov	fp, r1
10003d8e:	4692      	mov	sl, r2
10003d90:	4698      	mov	r8, r3
10003d92:	9a22      	ldr	r2, [sp, #136]	@ 0x88
10003d94:	9b23      	ldr	r3, [sp, #140]	@ 0x8c
10003d96:	0010      	movs	r0, r2
10003d98:	0019      	movs	r1, r3
10003d9a:	f7ff fab2 	bl	10003302 <__wrap___aeabi_dcmpun>
10003d9e:	2800      	cmp	r0, #0
10003da0:	d000      	beq.n	10003da4 <_etoa+0x28>
10003da2:	e0ca      	b.n	10003f3a <_etoa+0x1be>
10003da4:	9822      	ldr	r0, [sp, #136]	@ 0x88
10003da6:	9923      	ldr	r1, [sp, #140]	@ 0x8c
10003da8:	2201      	movs	r2, #1
10003daa:	4b82      	ldr	r3, [pc, #520]	@ (10003fb4 <_etoa+0x238>)
10003dac:	4252      	negs	r2, r2
10003dae:	f7ff faa3 	bl	100032f8 <__wrap___aeabi_dcmpgt>
10003db2:	2800      	cmp	r0, #0
10003db4:	d000      	beq.n	10003db8 <_etoa+0x3c>
10003db6:	e0c0      	b.n	10003f3a <_etoa+0x1be>
10003db8:	9822      	ldr	r0, [sp, #136]	@ 0x88
10003dba:	9923      	ldr	r1, [sp, #140]	@ 0x8c
10003dbc:	2201      	movs	r2, #1
10003dbe:	4b7e      	ldr	r3, [pc, #504]	@ (10003fb8 <_etoa+0x23c>)
10003dc0:	4252      	negs	r2, r2
10003dc2:	f7ff fa83 	bl	100032cc <__wrap___aeabi_dcmplt>
10003dc6:	2800      	cmp	r0, #0
10003dc8:	d000      	beq.n	10003dcc <_etoa+0x50>
10003dca:	e0b6      	b.n	10003f3a <_etoa+0x1be>
10003dcc:	9822      	ldr	r0, [sp, #136]	@ 0x88
10003dce:	9923      	ldr	r1, [sp, #140]	@ 0x8c
10003dd0:	2200      	movs	r2, #0
10003dd2:	2300      	movs	r3, #0
10003dd4:	f7ff fa7a 	bl	100032cc <__wrap___aeabi_dcmplt>
10003dd8:	2800      	cmp	r0, #0
10003dda:	d000      	beq.n	10003dde <_etoa+0x62>
10003ddc:	e1c9      	b.n	10004172 <_etoa+0x3f6>
10003dde:	9b22      	ldr	r3, [sp, #136]	@ 0x88
10003de0:	9c23      	ldr	r4, [sp, #140]	@ 0x8c
10003de2:	9308      	str	r3, [sp, #32]
10003de4:	9409      	str	r4, [sp, #36]	@ 0x24
10003de6:	9808      	ldr	r0, [sp, #32]
10003de8:	9909      	ldr	r1, [sp, #36]	@ 0x24
10003dea:	2380      	movs	r3, #128	@ 0x80
10003dec:	9a26      	ldr	r2, [sp, #152]	@ 0x98
10003dee:	00db      	lsls	r3, r3, #3
10003df0:	401a      	ands	r2, r3
10003df2:	920d      	str	r2, [sp, #52]	@ 0x34
10003df4:	2280      	movs	r2, #128	@ 0x80
10003df6:	9c26      	ldr	r4, [sp, #152]	@ 0x98
10003df8:	0112      	lsls	r2, r2, #4
10003dfa:	4014      	ands	r4, r2
10003dfc:	0022      	movs	r2, r4
10003dfe:	940b      	str	r4, [sp, #44]	@ 0x2c
10003e00:	9c26      	ldr	r4, [sp, #152]	@ 0x98
10003e02:	0007      	movs	r7, r0
10003e04:	000e      	movs	r6, r1
10003e06:	421c      	tst	r4, r3
10003e08:	d000      	beq.n	10003e0c <_etoa+0x90>
10003e0a:	e0ad      	b.n	10003f68 <_etoa+0x1ec>
10003e0c:	000b      	movs	r3, r1
10003e0e:	4303      	orrs	r3, r0
10003e10:	d000      	beq.n	10003e14 <_etoa+0x98>
10003e12:	e0d5      	b.n	10003fc0 <_etoa+0x244>
10003e14:	2a00      	cmp	r2, #0
10003e16:	d000      	beq.n	10003e1a <_etoa+0x9e>
10003e18:	e20a      	b.n	10004230 <_etoa+0x4b4>
10003e1a:	0022      	movs	r2, r4
10003e1c:	3306      	adds	r3, #6
10003e1e:	9324      	str	r3, [sp, #144]	@ 0x90
10003e20:	2302      	movs	r3, #2
10003e22:	4013      	ands	r3, r2
10003e24:	930c      	str	r3, [sp, #48]	@ 0x30
10003e26:	2302      	movs	r3, #2
10003e28:	4213      	tst	r3, r2
10003e2a:	d000      	beq.n	10003e2e <_etoa+0xb2>
10003e2c:	e202      	b.n	10004234 <_etoa+0x4b8>
10003e2e:	9b25      	ldr	r3, [sp, #148]	@ 0x94
10003e30:	2b04      	cmp	r3, #4
10003e32:	d200      	bcs.n	10003e36 <_etoa+0xba>
10003e34:	e20f      	b.n	10004256 <_etoa+0x4da>
10003e36:	3b04      	subs	r3, #4
10003e38:	930b      	str	r3, [sp, #44]	@ 0x2c
10003e3a:	2300      	movs	r3, #0
10003e3c:	2504      	movs	r5, #4
10003e3e:	930a      	str	r3, [sp, #40]	@ 0x28
10003e40:	2200      	movs	r2, #0
10003e42:	9822      	ldr	r0, [sp, #136]	@ 0x88
10003e44:	9923      	ldr	r1, [sp, #140]	@ 0x8c
10003e46:	2300      	movs	r3, #0
10003e48:	f7ff fa40 	bl	100032cc <__wrap___aeabi_dcmplt>
10003e4c:	2800      	cmp	r0, #0
10003e4e:	d000      	beq.n	10003e52 <_etoa+0xd6>
10003e50:	e203      	b.n	1000425a <_etoa+0x4de>
10003e52:	4b5a      	ldr	r3, [pc, #360]	@ (10003fbc <_etoa+0x240>)
10003e54:	9a26      	ldr	r2, [sp, #152]	@ 0x98
10003e56:	4013      	ands	r3, r2
10003e58:	9304      	str	r3, [sp, #16]
10003e5a:	9b0b      	ldr	r3, [sp, #44]	@ 0x2c
10003e5c:	9303      	str	r3, [sp, #12]
10003e5e:	9b24      	ldr	r3, [sp, #144]	@ 0x90
10003e60:	9302      	str	r3, [sp, #8]
10003e62:	9b08      	ldr	r3, [sp, #32]
10003e64:	9c09      	ldr	r4, [sp, #36]	@ 0x24
10003e66:	9300      	str	r3, [sp, #0]
10003e68:	9401      	str	r4, [sp, #4]
10003e6a:	4659      	mov	r1, fp
10003e6c:	4643      	mov	r3, r8
10003e6e:	4652      	mov	r2, sl
10003e70:	4648      	mov	r0, r9
10003e72:	f7ff fd2f 	bl	100038d4 <_ftoa>
10003e76:	0002      	movs	r2, r0
10003e78:	2020      	movs	r0, #32
10003e7a:	9b26      	ldr	r3, [sp, #152]	@ 0x98
10003e7c:	271f      	movs	r7, #31
10003e7e:	4003      	ands	r3, r0
10003e80:	4259      	negs	r1, r3
10003e82:	414b      	adcs	r3, r1
10003e84:	425b      	negs	r3, r3
10003e86:	4018      	ands	r0, r3
10003e88:	1c53      	adds	r3, r2, #1
10003e8a:	9308      	str	r3, [sp, #32]
10003e8c:	4659      	mov	r1, fp
10003e8e:	4643      	mov	r3, r8
10003e90:	3045      	adds	r0, #69	@ 0x45
10003e92:	47c8      	blx	r9
10003e94:	9a0a      	ldr	r2, [sp, #40]	@ 0x28
10003e96:	17d3      	asrs	r3, r2, #31
10003e98:	18d4      	adds	r4, r2, r3
10003e9a:	405c      	eors	r4, r3
10003e9c:	0fd3      	lsrs	r3, r2, #31
10003e9e:	930a      	str	r3, [sp, #40]	@ 0x28
10003ea0:	1e6b      	subs	r3, r5, #1
10003ea2:	930b      	str	r3, [sp, #44]	@ 0x2c
10003ea4:	ab08      	add	r3, sp, #32
10003ea6:	469c      	mov	ip, r3
10003ea8:	2500      	movs	r5, #0
10003eaa:	4467      	add	r7, ip
10003eac:	e001      	b.n	10003eb2 <_etoa+0x136>
10003eae:	2d20      	cmp	r5, #32
10003eb0:	d00f      	beq.n	10003ed2 <_etoa+0x156>
10003eb2:	0020      	movs	r0, r4
10003eb4:	210a      	movs	r1, #10
10003eb6:	f7fe ff6b 	bl	10002d90 <__wrap___aeabi_uidiv>
10003eba:	3501      	adds	r5, #1
10003ebc:	197e      	adds	r6, r7, r5
10003ebe:	3130      	adds	r1, #48	@ 0x30
10003ec0:	7031      	strb	r1, [r6, #0]
10003ec2:	0020      	movs	r0, r4
10003ec4:	210a      	movs	r1, #10
10003ec6:	f7fe ff63 	bl	10002d90 <__wrap___aeabi_uidiv>
10003eca:	0026      	movs	r6, r4
10003ecc:	0004      	movs	r4, r0
10003ece:	2e09      	cmp	r6, #9
10003ed0:	d8ed      	bhi.n	10003eae <_etoa+0x132>
10003ed2:	2305      	movs	r3, #5
10003ed4:	9306      	str	r3, [sp, #24]
10003ed6:	9b0b      	ldr	r3, [sp, #44]	@ 0x2c
10003ed8:	4659      	mov	r1, fp
10003eda:	9305      	str	r3, [sp, #20]
10003edc:	2300      	movs	r3, #0
10003ede:	9304      	str	r3, [sp, #16]
10003ee0:	330a      	adds	r3, #10
10003ee2:	9303      	str	r3, [sp, #12]
10003ee4:	9b0a      	ldr	r3, [sp, #40]	@ 0x28
10003ee6:	4648      	mov	r0, r9
10003ee8:	9302      	str	r3, [sp, #8]
10003eea:	ab10      	add	r3, sp, #64	@ 0x40
10003eec:	9300      	str	r3, [sp, #0]
10003eee:	9a08      	ldr	r2, [sp, #32]
10003ef0:	4643      	mov	r3, r8
10003ef2:	9501      	str	r5, [sp, #4]
10003ef4:	f7ff fbf8 	bl	100036e8 <_ntoa_format>
10003ef8:	9b0c      	ldr	r3, [sp, #48]	@ 0x30
10003efa:	2b00      	cmp	r3, #0
10003efc:	d02d      	beq.n	10003f5a <_etoa+0x1de>
10003efe:	4653      	mov	r3, sl
10003f00:	1ac4      	subs	r4, r0, r3
10003f02:	9b25      	ldr	r3, [sp, #148]	@ 0x94
10003f04:	42a3      	cmp	r3, r4
10003f06:	d928      	bls.n	10003f5a <_etoa+0x1de>
10003f08:	464d      	mov	r5, r9
10003f0a:	465f      	mov	r7, fp
10003f0c:	4681      	mov	r9, r0
10003f0e:	001e      	movs	r6, r3
10003f10:	4653      	mov	r3, sl
10003f12:	0039      	movs	r1, r7
10003f14:	191a      	adds	r2, r3, r4
10003f16:	2020      	movs	r0, #32
10003f18:	4643      	mov	r3, r8
10003f1a:	3401      	adds	r4, #1
10003f1c:	47a8      	blx	r5
10003f1e:	42a6      	cmp	r6, r4
10003f20:	d8f6      	bhi.n	10003f10 <_etoa+0x194>
10003f22:	4653      	mov	r3, sl
10003f24:	4648      	mov	r0, r9
10003f26:	9925      	ldr	r1, [sp, #148]	@ 0x94
10003f28:	1ac2      	subs	r2, r0, r3
10003f2a:	3201      	adds	r2, #1
10003f2c:	2300      	movs	r3, #0
10003f2e:	4291      	cmp	r1, r2
10003f30:	d300      	bcc.n	10003f34 <_etoa+0x1b8>
10003f32:	e186      	b.n	10004242 <_etoa+0x4c6>
10003f34:	3001      	adds	r0, #1
10003f36:	1818      	adds	r0, r3, r0
10003f38:	e00f      	b.n	10003f5a <_etoa+0x1de>
10003f3a:	9b26      	ldr	r3, [sp, #152]	@ 0x98
10003f3c:	9304      	str	r3, [sp, #16]
10003f3e:	9b25      	ldr	r3, [sp, #148]	@ 0x94
10003f40:	9303      	str	r3, [sp, #12]
10003f42:	9b24      	ldr	r3, [sp, #144]	@ 0x90
10003f44:	9302      	str	r3, [sp, #8]
10003f46:	9b22      	ldr	r3, [sp, #136]	@ 0x88
10003f48:	9c23      	ldr	r4, [sp, #140]	@ 0x8c
10003f4a:	9300      	str	r3, [sp, #0]
10003f4c:	9401      	str	r4, [sp, #4]
10003f4e:	4643      	mov	r3, r8
10003f50:	4652      	mov	r2, sl
10003f52:	4659      	mov	r1, fp
10003f54:	4648      	mov	r0, r9
10003f56:	f7ff fcbd 	bl	100038d4 <_ftoa>
10003f5a:	b019      	add	sp, #100	@ 0x64
10003f5c:	bcf0      	pop	{r4, r5, r6, r7}
10003f5e:	46bb      	mov	fp, r7
10003f60:	46b2      	mov	sl, r6
10003f62:	46a9      	mov	r9, r5
10003f64:	46a0      	mov	r8, r4
10003f66:	bdf0      	pop	{r4, r5, r6, r7, pc}
10003f68:	4301      	orrs	r1, r0
10003f6a:	d12b      	bne.n	10003fc4 <_etoa+0x248>
10003f6c:	9b0b      	ldr	r3, [sp, #44]	@ 0x2c
10003f6e:	0022      	movs	r2, r4
10003f70:	2b00      	cmp	r3, #0
10003f72:	d100      	bne.n	10003f76 <_etoa+0x1fa>
10003f74:	e754      	b.n	10003e20 <_etoa+0xa4>
10003f76:	2300      	movs	r3, #0
10003f78:	930a      	str	r3, [sp, #40]	@ 0x28
10003f7a:	9b24      	ldr	r3, [sp, #144]	@ 0x90
10003f7c:	9a0a      	ldr	r2, [sp, #40]	@ 0x28
10003f7e:	2400      	movs	r4, #0
10003f80:	4293      	cmp	r3, r2
10003f82:	dd00      	ble.n	10003f86 <_etoa+0x20a>
10003f84:	e185      	b.n	10004292 <_etoa+0x516>
10003f86:	9822      	ldr	r0, [sp, #136]	@ 0x88
10003f88:	9923      	ldr	r1, [sp, #140]	@ 0x8c
10003f8a:	2200      	movs	r2, #0
10003f8c:	2300      	movs	r3, #0
10003f8e:	f7ff f99d 	bl	100032cc <__wrap___aeabi_dcmplt>
10003f92:	2800      	cmp	r0, #0
10003f94:	d000      	beq.n	10003f98 <_etoa+0x21c>
10003f96:	e135      	b.n	10004204 <_etoa+0x488>
10003f98:	9b26      	ldr	r3, [sp, #152]	@ 0x98
10003f9a:	4a08      	ldr	r2, [pc, #32]	@ (10003fbc <_etoa+0x240>)
10003f9c:	9402      	str	r4, [sp, #8]
10003f9e:	401a      	ands	r2, r3
10003fa0:	2380      	movs	r3, #128	@ 0x80
10003fa2:	00db      	lsls	r3, r3, #3
10003fa4:	4313      	orrs	r3, r2
10003fa6:	9304      	str	r3, [sp, #16]
10003fa8:	9b25      	ldr	r3, [sp, #148]	@ 0x94
10003faa:	9303      	str	r3, [sp, #12]
10003fac:	9b08      	ldr	r3, [sp, #32]
10003fae:	9c09      	ldr	r4, [sp, #36]	@ 0x24
10003fb0:	e7cb      	b.n	10003f4a <_etoa+0x1ce>
10003fb2:	46c0      	nop			@ (mov r8, r8)
10003fb4:	7fefffff 	.word	0x7fefffff
10003fb8:	ffefffff 	.word	0xffefffff
10003fbc:	fffff7ff 	.word	0xfffff7ff
10003fc0:	2306      	movs	r3, #6
10003fc2:	9324      	str	r3, [sp, #144]	@ 0x90
10003fc4:	4bb4      	ldr	r3, [pc, #720]	@ (10004298 <_etoa+0x51c>)
10003fc6:	0070      	lsls	r0, r6, #1
10003fc8:	469c      	mov	ip, r3
10003fca:	0d40      	lsrs	r0, r0, #21
10003fcc:	4460      	add	r0, ip
10003fce:	f7ff f9a9 	bl	10003324 <__wrap___aeabi_i2d>
10003fd2:	4ab2      	ldr	r2, [pc, #712]	@ (1000429c <_etoa+0x520>)
10003fd4:	4bb2      	ldr	r3, [pc, #712]	@ (100042a0 <_etoa+0x524>)
10003fd6:	f7ff f93a 	bl	1000324e <__wrap___aeabi_dmul>
10003fda:	4ab2      	ldr	r2, [pc, #712]	@ (100042a4 <_etoa+0x528>)
10003fdc:	4bb2      	ldr	r3, [pc, #712]	@ (100042a8 <_etoa+0x52c>)
10003fde:	f7ff f917 	bl	10003210 <__wrap___aeabi_dadd>
10003fe2:	0336      	lsls	r6, r6, #12
10003fe4:	4bb1      	ldr	r3, [pc, #708]	@ (100042ac <_etoa+0x530>)
10003fe6:	0b36      	lsrs	r6, r6, #12
10003fe8:	4333      	orrs	r3, r6
10003fea:	0004      	movs	r4, r0
10003fec:	000d      	movs	r5, r1
10003fee:	0038      	movs	r0, r7
10003ff0:	0019      	movs	r1, r3
10003ff2:	2200      	movs	r2, #0
10003ff4:	4bae      	ldr	r3, [pc, #696]	@ (100042b0 <_etoa+0x534>)
10003ff6:	f7ff f906 	bl	10003206 <__wrap___aeabi_dsub>
10003ffa:	4aae      	ldr	r2, [pc, #696]	@ (100042b4 <_etoa+0x538>)
10003ffc:	4bae      	ldr	r3, [pc, #696]	@ (100042b8 <_etoa+0x53c>)
10003ffe:	f7ff f926 	bl	1000324e <__wrap___aeabi_dmul>
10004002:	0002      	movs	r2, r0
10004004:	000b      	movs	r3, r1
10004006:	0020      	movs	r0, r4
10004008:	0029      	movs	r1, r5
1000400a:	f7ff f901 	bl	10003210 <__wrap___aeabi_dadd>
1000400e:	f7ff f9a1 	bl	10003354 <__wrap___aeabi_d2iz>
10004012:	900a      	str	r0, [sp, #40]	@ 0x28
10004014:	f7ff f986 	bl	10003324 <__wrap___aeabi_i2d>
10004018:	4aa8      	ldr	r2, [pc, #672]	@ (100042bc <_etoa+0x540>)
1000401a:	4ba9      	ldr	r3, [pc, #676]	@ (100042c0 <_etoa+0x544>)
1000401c:	0004      	movs	r4, r0
1000401e:	000d      	movs	r5, r1
10004020:	f7ff f915 	bl	1000324e <__wrap___aeabi_dmul>
10004024:	2200      	movs	r2, #0
10004026:	4ba7      	ldr	r3, [pc, #668]	@ (100042c4 <_etoa+0x548>)
10004028:	f7ff f8f2 	bl	10003210 <__wrap___aeabi_dadd>
1000402c:	f7ff f992 	bl	10003354 <__wrap___aeabi_d2iz>
10004030:	4aa5      	ldr	r2, [pc, #660]	@ (100042c8 <_etoa+0x54c>)
10004032:	0006      	movs	r6, r0
10004034:	4ba5      	ldr	r3, [pc, #660]	@ (100042cc <_etoa+0x550>)
10004036:	0020      	movs	r0, r4
10004038:	0029      	movs	r1, r5
1000403a:	f7ff f908 	bl	1000324e <__wrap___aeabi_dmul>
1000403e:	0004      	movs	r4, r0
10004040:	0030      	movs	r0, r6
10004042:	000d      	movs	r5, r1
10004044:	960c      	str	r6, [sp, #48]	@ 0x30
10004046:	f7ff f96d 	bl	10003324 <__wrap___aeabi_i2d>
1000404a:	4aa1      	ldr	r2, [pc, #644]	@ (100042d0 <_etoa+0x554>)
1000404c:	4ba1      	ldr	r3, [pc, #644]	@ (100042d4 <_etoa+0x558>)
1000404e:	f7ff f8fe 	bl	1000324e <__wrap___aeabi_dmul>
10004052:	0002      	movs	r2, r0
10004054:	000b      	movs	r3, r1
10004056:	0020      	movs	r0, r4
10004058:	0029      	movs	r1, r5
1000405a:	f7ff f8d4 	bl	10003206 <__wrap___aeabi_dsub>
1000405e:	0002      	movs	r2, r0
10004060:	000b      	movs	r3, r1
10004062:	0006      	movs	r6, r0
10004064:	000f      	movs	r7, r1
10004066:	f7ff f8f2 	bl	1000324e <__wrap___aeabi_dmul>
1000406a:	0032      	movs	r2, r6
1000406c:	0004      	movs	r4, r0
1000406e:	000d      	movs	r5, r1
10004070:	003b      	movs	r3, r7
10004072:	0030      	movs	r0, r6
10004074:	0039      	movs	r1, r7
10004076:	f7ff f8cb 	bl	10003210 <__wrap___aeabi_dadd>
1000407a:	2200      	movs	r2, #0
1000407c:	900e      	str	r0, [sp, #56]	@ 0x38
1000407e:	910f      	str	r1, [sp, #60]	@ 0x3c
10004080:	4b95      	ldr	r3, [pc, #596]	@ (100042d8 <_etoa+0x55c>)
10004082:	0020      	movs	r0, r4
10004084:	0029      	movs	r1, r5
10004086:	f7ff f8c8 	bl	1000321a <__wrap___aeabi_ddiv>
1000408a:	2200      	movs	r2, #0
1000408c:	4b93      	ldr	r3, [pc, #588]	@ (100042dc <_etoa+0x560>)
1000408e:	f7ff f8bf 	bl	10003210 <__wrap___aeabi_dadd>
10004092:	0002      	movs	r2, r0
10004094:	000b      	movs	r3, r1
10004096:	0020      	movs	r0, r4
10004098:	0029      	movs	r1, r5
1000409a:	f7ff f8be 	bl	1000321a <__wrap___aeabi_ddiv>
1000409e:	2200      	movs	r2, #0
100040a0:	4b8f      	ldr	r3, [pc, #572]	@ (100042e0 <_etoa+0x564>)
100040a2:	f7ff f8b5 	bl	10003210 <__wrap___aeabi_dadd>
100040a6:	0002      	movs	r2, r0
100040a8:	000b      	movs	r3, r1
100040aa:	0020      	movs	r0, r4
100040ac:	0029      	movs	r1, r5
100040ae:	f7ff f8b4 	bl	1000321a <__wrap___aeabi_ddiv>
100040b2:	000d      	movs	r5, r1
100040b4:	2180      	movs	r1, #128	@ 0x80
100040b6:	0004      	movs	r4, r0
100040b8:	0032      	movs	r2, r6
100040ba:	003b      	movs	r3, r7
100040bc:	2000      	movs	r0, #0
100040be:	05c9      	lsls	r1, r1, #23
100040c0:	f7ff f8a1 	bl	10003206 <__wrap___aeabi_dsub>
100040c4:	0002      	movs	r2, r0
100040c6:	000b      	movs	r3, r1
100040c8:	0020      	movs	r0, r4
100040ca:	0029      	movs	r1, r5
100040cc:	f7ff f8a0 	bl	10003210 <__wrap___aeabi_dadd>
100040d0:	0002      	movs	r2, r0
100040d2:	000b      	movs	r3, r1
100040d4:	980e      	ldr	r0, [sp, #56]	@ 0x38
100040d6:	990f      	ldr	r1, [sp, #60]	@ 0x3c
100040d8:	f7ff f89f 	bl	1000321a <__wrap___aeabi_ddiv>
100040dc:	2200      	movs	r2, #0
100040de:	4b73      	ldr	r3, [pc, #460]	@ (100042ac <_etoa+0x530>)
100040e0:	f7ff f896 	bl	10003210 <__wrap___aeabi_dadd>
100040e4:	4b7f      	ldr	r3, [pc, #508]	@ (100042e4 <_etoa+0x568>)
100040e6:	9c0c      	ldr	r4, [sp, #48]	@ 0x30
100040e8:	469c      	mov	ip, r3
100040ea:	4464      	add	r4, ip
100040ec:	2200      	movs	r2, #0
100040ee:	0523      	lsls	r3, r4, #20
100040f0:	f7ff f8ad 	bl	1000324e <__wrap___aeabi_dmul>
100040f4:	0006      	movs	r6, r0
100040f6:	000f      	movs	r7, r1
100040f8:	0002      	movs	r2, r0
100040fa:	000b      	movs	r3, r1
100040fc:	9808      	ldr	r0, [sp, #32]
100040fe:	9909      	ldr	r1, [sp, #36]	@ 0x24
10004100:	f7ff f8e4 	bl	100032cc <__wrap___aeabi_dcmplt>
10004104:	2800      	cmp	r0, #0
10004106:	d00a      	beq.n	1000411e <_etoa+0x3a2>
10004108:	9b0a      	ldr	r3, [sp, #40]	@ 0x28
1000410a:	0030      	movs	r0, r6
1000410c:	3b01      	subs	r3, #1
1000410e:	0039      	movs	r1, r7
10004110:	930a      	str	r3, [sp, #40]	@ 0x28
10004112:	2200      	movs	r2, #0
10004114:	4b71      	ldr	r3, [pc, #452]	@ (100042dc <_etoa+0x560>)
10004116:	f7ff f880 	bl	1000321a <__wrap___aeabi_ddiv>
1000411a:	0006      	movs	r6, r0
1000411c:	000f      	movs	r7, r1
1000411e:	9a0a      	ldr	r2, [sp, #40]	@ 0x28
10004120:	0033      	movs	r3, r6
10004122:	3263      	adds	r2, #99	@ 0x63
10004124:	0039      	movs	r1, r7
10004126:	2ac6      	cmp	r2, #198	@ 0xc6
10004128:	d812      	bhi.n	10004150 <_etoa+0x3d4>
1000412a:	2202      	movs	r2, #2
1000412c:	9826      	ldr	r0, [sp, #152]	@ 0x98
1000412e:	2504      	movs	r5, #4
10004130:	4010      	ands	r0, r2
10004132:	9a0b      	ldr	r2, [sp, #44]	@ 0x2c
10004134:	900c      	str	r0, [sp, #48]	@ 0x30
10004136:	2a00      	cmp	r2, #0
10004138:	d125      	bne.n	10004186 <_etoa+0x40a>
1000413a:	9b25      	ldr	r3, [sp, #148]	@ 0x94
1000413c:	2b04      	cmp	r3, #4
1000413e:	d905      	bls.n	1000414c <_etoa+0x3d0>
10004140:	2800      	cmp	r0, #0
10004142:	d000      	beq.n	10004146 <_etoa+0x3ca>
10004144:	e0a1      	b.n	1000428a <_etoa+0x50e>
10004146:	9b25      	ldr	r3, [sp, #148]	@ 0x94
10004148:	3b04      	subs	r3, #4
1000414a:	930b      	str	r3, [sp, #44]	@ 0x2c
1000414c:	2504      	movs	r5, #4
1000414e:	e041      	b.n	100041d4 <_etoa+0x458>
10004150:	2202      	movs	r2, #2
10004152:	9826      	ldr	r0, [sp, #152]	@ 0x98
10004154:	4010      	ands	r0, r2
10004156:	9a0b      	ldr	r2, [sp, #44]	@ 0x2c
10004158:	900c      	str	r0, [sp, #48]	@ 0x30
1000415a:	2a00      	cmp	r2, #0
1000415c:	d112      	bne.n	10004184 <_etoa+0x408>
1000415e:	9b25      	ldr	r3, [sp, #148]	@ 0x94
10004160:	2b05      	cmp	r3, #5
10004162:	d976      	bls.n	10004252 <_etoa+0x4d6>
10004164:	2800      	cmp	r0, #0
10004166:	d172      	bne.n	1000424e <_etoa+0x4d2>
10004168:	9b25      	ldr	r3, [sp, #148]	@ 0x94
1000416a:	2505      	movs	r5, #5
1000416c:	3b05      	subs	r3, #5
1000416e:	930b      	str	r3, [sp, #44]	@ 0x2c
10004170:	e034      	b.n	100041dc <_etoa+0x460>
10004172:	2280      	movs	r2, #128	@ 0x80
10004174:	0612      	lsls	r2, r2, #24
10004176:	4694      	mov	ip, r2
10004178:	9b22      	ldr	r3, [sp, #136]	@ 0x88
1000417a:	9308      	str	r3, [sp, #32]
1000417c:	9b23      	ldr	r3, [sp, #140]	@ 0x8c
1000417e:	4463      	add	r3, ip
10004180:	9309      	str	r3, [sp, #36]	@ 0x24
10004182:	e630      	b.n	10003de6 <_etoa+0x6a>
10004184:	2505      	movs	r5, #5
10004186:	430b      	orrs	r3, r1
10004188:	d100      	bne.n	1000418c <_etoa+0x410>
1000418a:	e6f6      	b.n	10003f7a <_etoa+0x1fe>
1000418c:	9808      	ldr	r0, [sp, #32]
1000418e:	9909      	ldr	r1, [sp, #36]	@ 0x24
10004190:	4a55      	ldr	r2, [pc, #340]	@ (100042e8 <_etoa+0x56c>)
10004192:	4b56      	ldr	r3, [pc, #344]	@ (100042ec <_etoa+0x570>)
10004194:	f7ff f8a8 	bl	100032e8 <__wrap___aeabi_dcmpge>
10004198:	2800      	cmp	r0, #0
1000419a:	d008      	beq.n	100041ae <_etoa+0x432>
1000419c:	9808      	ldr	r0, [sp, #32]
1000419e:	9909      	ldr	r1, [sp, #36]	@ 0x24
100041a0:	2200      	movs	r2, #0
100041a2:	4b53      	ldr	r3, [pc, #332]	@ (100042f0 <_etoa+0x574>)
100041a4:	f7ff f892 	bl	100032cc <__wrap___aeabi_dcmplt>
100041a8:	2800      	cmp	r0, #0
100041aa:	d000      	beq.n	100041ae <_etoa+0x432>
100041ac:	e6e5      	b.n	10003f7a <_etoa+0x1fe>
100041ae:	9b24      	ldr	r3, [sp, #144]	@ 0x90
100041b0:	2b00      	cmp	r3, #0
100041b2:	d01c      	beq.n	100041ee <_etoa+0x472>
100041b4:	9b0d      	ldr	r3, [sp, #52]	@ 0x34
100041b6:	2b00      	cmp	r3, #0
100041b8:	d019      	beq.n	100041ee <_etoa+0x472>
100041ba:	9b24      	ldr	r3, [sp, #144]	@ 0x90
100041bc:	3b01      	subs	r3, #1
100041be:	9324      	str	r3, [sp, #144]	@ 0x90
100041c0:	9b25      	ldr	r3, [sp, #148]	@ 0x94
100041c2:	42ab      	cmp	r3, r5
100041c4:	d904      	bls.n	100041d0 <_etoa+0x454>
100041c6:	9b0c      	ldr	r3, [sp, #48]	@ 0x30
100041c8:	2b00      	cmp	r3, #0
100041ca:	d05a      	beq.n	10004282 <_etoa+0x506>
100041cc:	2302      	movs	r3, #2
100041ce:	930c      	str	r3, [sp, #48]	@ 0x30
100041d0:	2300      	movs	r3, #0
100041d2:	930b      	str	r3, [sp, #44]	@ 0x2c
100041d4:	9b0a      	ldr	r3, [sp, #40]	@ 0x28
100041d6:	2b00      	cmp	r3, #0
100041d8:	d100      	bne.n	100041dc <_etoa+0x460>
100041da:	e631      	b.n	10003e40 <_etoa+0xc4>
100041dc:	9808      	ldr	r0, [sp, #32]
100041de:	9909      	ldr	r1, [sp, #36]	@ 0x24
100041e0:	0032      	movs	r2, r6
100041e2:	003b      	movs	r3, r7
100041e4:	f7ff f819 	bl	1000321a <__wrap___aeabi_ddiv>
100041e8:	9008      	str	r0, [sp, #32]
100041ea:	9109      	str	r1, [sp, #36]	@ 0x24
100041ec:	e628      	b.n	10003e40 <_etoa+0xc4>
100041ee:	9b25      	ldr	r3, [sp, #148]	@ 0x94
100041f0:	42ab      	cmp	r3, r5
100041f2:	d9ed      	bls.n	100041d0 <_etoa+0x454>
100041f4:	9b0c      	ldr	r3, [sp, #48]	@ 0x30
100041f6:	2b00      	cmp	r3, #0
100041f8:	d043      	beq.n	10004282 <_etoa+0x506>
100041fa:	2300      	movs	r3, #0
100041fc:	930b      	str	r3, [sp, #44]	@ 0x2c
100041fe:	3302      	adds	r3, #2
10004200:	930c      	str	r3, [sp, #48]	@ 0x30
10004202:	e7e7      	b.n	100041d4 <_etoa+0x458>
10004204:	2080      	movs	r0, #128	@ 0x80
10004206:	9b26      	ldr	r3, [sp, #152]	@ 0x98
10004208:	4a3a      	ldr	r2, [pc, #232]	@ (100042f4 <_etoa+0x578>)
1000420a:	0600      	lsls	r0, r0, #24
1000420c:	401a      	ands	r2, r3
1000420e:	2380      	movs	r3, #128	@ 0x80
10004210:	4684      	mov	ip, r0
10004212:	9402      	str	r4, [sp, #8]
10004214:	9c08      	ldr	r4, [sp, #32]
10004216:	9d09      	ldr	r5, [sp, #36]	@ 0x24
10004218:	0029      	movs	r1, r5
1000421a:	00db      	lsls	r3, r3, #3
1000421c:	4313      	orrs	r3, r2
1000421e:	9304      	str	r3, [sp, #16]
10004220:	9b25      	ldr	r3, [sp, #148]	@ 0x94
10004222:	4461      	add	r1, ip
10004224:	0022      	movs	r2, r4
10004226:	9303      	str	r3, [sp, #12]
10004228:	000b      	movs	r3, r1
1000422a:	9200      	str	r2, [sp, #0]
1000422c:	9301      	str	r3, [sp, #4]
1000422e:	e68e      	b.n	10003f4e <_etoa+0x1d2>
10004230:	2405      	movs	r4, #5
10004232:	e6a8      	b.n	10003f86 <_etoa+0x20a>
10004234:	2300      	movs	r3, #0
10004236:	930b      	str	r3, [sp, #44]	@ 0x2c
10004238:	930a      	str	r3, [sp, #40]	@ 0x28
1000423a:	3302      	adds	r3, #2
1000423c:	2504      	movs	r5, #4
1000423e:	930c      	str	r3, [sp, #48]	@ 0x30
10004240:	e5fe      	b.n	10003e40 <_etoa+0xc4>
10004242:	4653      	mov	r3, sl
10004244:	468c      	mov	ip, r1
10004246:	3b01      	subs	r3, #1
10004248:	4463      	add	r3, ip
1000424a:	1a1b      	subs	r3, r3, r0
1000424c:	e672      	b.n	10003f34 <_etoa+0x1b8>
1000424e:	2302      	movs	r3, #2
10004250:	930c      	str	r3, [sp, #48]	@ 0x30
10004252:	2505      	movs	r5, #5
10004254:	e7c2      	b.n	100041dc <_etoa+0x460>
10004256:	2304      	movs	r3, #4
10004258:	e5ed      	b.n	10003e36 <_etoa+0xba>
1000425a:	2080      	movs	r0, #128	@ 0x80
1000425c:	9e08      	ldr	r6, [sp, #32]
1000425e:	9f09      	ldr	r7, [sp, #36]	@ 0x24
10004260:	0600      	lsls	r0, r0, #24
10004262:	0039      	movs	r1, r7
10004264:	4684      	mov	ip, r0
10004266:	9a26      	ldr	r2, [sp, #152]	@ 0x98
10004268:	4b22      	ldr	r3, [pc, #136]	@ (100042f4 <_etoa+0x578>)
1000426a:	4461      	add	r1, ip
1000426c:	4013      	ands	r3, r2
1000426e:	9304      	str	r3, [sp, #16]
10004270:	9b0b      	ldr	r3, [sp, #44]	@ 0x2c
10004272:	0032      	movs	r2, r6
10004274:	9303      	str	r3, [sp, #12]
10004276:	9b24      	ldr	r3, [sp, #144]	@ 0x90
10004278:	9302      	str	r3, [sp, #8]
1000427a:	000b      	movs	r3, r1
1000427c:	9200      	str	r2, [sp, #0]
1000427e:	9301      	str	r3, [sp, #4]
10004280:	e5f3      	b.n	10003e6a <_etoa+0xee>
10004282:	9b25      	ldr	r3, [sp, #148]	@ 0x94
10004284:	1b5b      	subs	r3, r3, r5
10004286:	930b      	str	r3, [sp, #44]	@ 0x2c
10004288:	e7a4      	b.n	100041d4 <_etoa+0x458>
1000428a:	2302      	movs	r3, #2
1000428c:	2504      	movs	r5, #4
1000428e:	930c      	str	r3, [sp, #48]	@ 0x30
10004290:	e7a0      	b.n	100041d4 <_etoa+0x458>
10004292:	1a9c      	subs	r4, r3, r2
10004294:	3c01      	subs	r4, #1
10004296:	e676      	b.n	10003f86 <_etoa+0x20a>
10004298:	fffffc01 	.word	0xfffffc01
1000429c:	509f79fb 	.word	0x509f79fb
100042a0:	3fd34413 	.word	0x3fd34413
100042a4:	8b60c8b3 	.word	0x8b60c8b3
100042a8:	3fc68a28 	.word	0x3fc68a28
100042ac:	3ff00000 	.word	0x3ff00000
100042b0:	3ff80000 	.word	0x3ff80000
100042b4:	636f4361 	.word	0x636f4361
100042b8:	3fd287a7 	.word	0x3fd287a7
100042bc:	0979a371 	.word	0x0979a371
100042c0:	400a934f 	.word	0x400a934f
100042c4:	3fe00000 	.word	0x3fe00000
100042c8:	bbb55516 	.word	0xbbb55516
100042cc:	40026bb1 	.word	0x40026bb1
100042d0:	fefa39ef 	.word	0xfefa39ef
100042d4:	3fe62e42 	.word	0x3fe62e42
100042d8:	402c0000 	.word	0x402c0000
100042dc:	40240000 	.word	0x40240000
100042e0:	40180000 	.word	0x40180000
100042e4:	000003ff 	.word	0x000003ff
100042e8:	eb1c432d 	.word	0xeb1c432d
100042ec:	3f1a36e2 	.word	0x3f1a36e2
100042f0:	412e8480 	.word	0x412e8480
100042f4:	fffff7ff 	.word	0xfffff7ff

100042f8 <_vsnprintf>:
100042f8:	b5f0      	push	{r4, r5, r6, r7, lr}
100042fa:	46de      	mov	lr, fp
100042fc:	4657      	mov	r7, sl
100042fe:	464e      	mov	r6, r9
10004300:	4645      	mov	r5, r8
10004302:	b5e0      	push	{r5, r6, r7, lr}
10004304:	b0a5      	sub	sp, #148	@ 0x94
10004306:	001e      	movs	r6, r3
10004308:	9b2e      	ldr	r3, [sp, #184]	@ 0xb8
1000430a:	4692      	mov	sl, r2
1000430c:	930c      	str	r3, [sp, #48]	@ 0x30
1000430e:	4acd      	ldr	r2, [pc, #820]	@ (10004644 <_vsnprintf+0x34c>)
10004310:	4bcd      	ldr	r3, [pc, #820]	@ (10004648 <_vsnprintf+0x350>)
10004312:	4680      	mov	r8, r0
10004314:	468b      	mov	fp, r1
10004316:	601a      	str	r2, [r3, #0]
10004318:	2900      	cmp	r1, #0
1000431a:	d100      	bne.n	1000431e <_vsnprintf+0x26>
1000431c:	e1ea      	b.n	100046f4 <_vsnprintf+0x3fc>
1000431e:	2300      	movs	r3, #0
10004320:	7830      	ldrb	r0, [r6, #0]
10004322:	4699      	mov	r9, r3
10004324:	2800      	cmp	r0, #0
10004326:	d100      	bne.n	1000432a <_vsnprintf+0x32>
10004328:	e1ec      	b.n	10004704 <_vsnprintf+0x40c>
1000432a:	4bc8      	ldr	r3, [pc, #800]	@ (1000464c <_vsnprintf+0x354>)
1000432c:	464c      	mov	r4, r9
1000432e:	930b      	str	r3, [sp, #44]	@ 0x2c
10004330:	4bc7      	ldr	r3, [pc, #796]	@ (10004650 <_vsnprintf+0x358>)
10004332:	4645      	mov	r5, r8
10004334:	4657      	mov	r7, sl
10004336:	930e      	str	r3, [sp, #56]	@ 0x38
10004338:	e00a      	b.n	10004350 <_vsnprintf+0x58>
1000433a:	1c63      	adds	r3, r4, #1
1000433c:	4698      	mov	r8, r3
1000433e:	0022      	movs	r2, r4
10004340:	003b      	movs	r3, r7
10004342:	4659      	mov	r1, fp
10004344:	47a8      	blx	r5
10004346:	4644      	mov	r4, r8
10004348:	7830      	ldrb	r0, [r6, #0]
1000434a:	2800      	cmp	r0, #0
1000434c:	d100      	bne.n	10004350 <_vsnprintf+0x58>
1000434e:	e087      	b.n	10004460 <_vsnprintf+0x168>
10004350:	3601      	adds	r6, #1
10004352:	2825      	cmp	r0, #37	@ 0x25
10004354:	d1f1      	bne.n	1000433a <_vsnprintf+0x42>
10004356:	2308      	movs	r3, #8
10004358:	469a      	mov	sl, r3
1000435a:	3b04      	subs	r3, #4
1000435c:	4699      	mov	r9, r3
1000435e:	3b02      	subs	r3, #2
10004360:	4698      	mov	r8, r3
10004362:	3b01      	subs	r3, #1
10004364:	2200      	movs	r2, #0
10004366:	469c      	mov	ip, r3
10004368:	940d      	str	r4, [sp, #52]	@ 0x34
1000436a:	7830      	ldrb	r0, [r6, #0]
1000436c:	1c71      	adds	r1, r6, #1
1000436e:	0003      	movs	r3, r0
10004370:	3b20      	subs	r3, #32
10004372:	b2db      	uxtb	r3, r3
10004374:	2b10      	cmp	r3, #16
10004376:	d803      	bhi.n	10004380 <_vsnprintf+0x88>
10004378:	9c0b      	ldr	r4, [sp, #44]	@ 0x2c
1000437a:	009b      	lsls	r3, r3, #2
1000437c:	58e3      	ldr	r3, [r4, r3]
1000437e:	469f      	mov	pc, r3
10004380:	0003      	movs	r3, r0
10004382:	3b30      	subs	r3, #48	@ 0x30
10004384:	4689      	mov	r9, r1
10004386:	9c0d      	ldr	r4, [sp, #52]	@ 0x34
10004388:	2b09      	cmp	r3, #9
1000438a:	d93a      	bls.n	10004402 <_vsnprintf+0x10a>
1000438c:	2300      	movs	r3, #0
1000438e:	4698      	mov	r8, r3
10004390:	282a      	cmp	r0, #42	@ 0x2a
10004392:	d100      	bne.n	10004396 <_vsnprintf+0x9e>
10004394:	e0c1      	b.n	1000451a <_vsnprintf+0x222>
10004396:	2300      	movs	r3, #0
10004398:	469a      	mov	sl, r3
1000439a:	282e      	cmp	r0, #46	@ 0x2e
1000439c:	d04b      	beq.n	10004436 <_vsnprintf+0x13e>
1000439e:	0003      	movs	r3, r0
100043a0:	3b68      	subs	r3, #104	@ 0x68
100043a2:	b2db      	uxtb	r3, r3
100043a4:	2b12      	cmp	r3, #18
100043a6:	d81e      	bhi.n	100043e6 <_vsnprintf+0xee>
100043a8:	990e      	ldr	r1, [sp, #56]	@ 0x38
100043aa:	009b      	lsls	r3, r3, #2
100043ac:	58cb      	ldr	r3, [r1, r3]
100043ae:	469f      	mov	pc, r3
100043b0:	4663      	mov	r3, ip
100043b2:	000e      	movs	r6, r1
100043b4:	431a      	orrs	r2, r3
100043b6:	e7d8      	b.n	1000436a <_vsnprintf+0x72>
100043b8:	4643      	mov	r3, r8
100043ba:	000e      	movs	r6, r1
100043bc:	431a      	orrs	r2, r3
100043be:	e7d4      	b.n	1000436a <_vsnprintf+0x72>
100043c0:	464b      	mov	r3, r9
100043c2:	000e      	movs	r6, r1
100043c4:	431a      	orrs	r2, r3
100043c6:	e7d0      	b.n	1000436a <_vsnprintf+0x72>
100043c8:	2310      	movs	r3, #16
100043ca:	000e      	movs	r6, r1
100043cc:	431a      	orrs	r2, r3
100043ce:	e7cc      	b.n	1000436a <_vsnprintf+0x72>
100043d0:	4653      	mov	r3, sl
100043d2:	000e      	movs	r6, r1
100043d4:	431a      	orrs	r2, r3
100043d6:	e7c8      	b.n	1000436a <_vsnprintf+0x72>
100043d8:	2380      	movs	r3, #128	@ 0x80
100043da:	005b      	lsls	r3, r3, #1
100043dc:	431a      	orrs	r2, r3
100043de:	3bff      	subs	r3, #255	@ 0xff
100043e0:	469c      	mov	ip, r3
100043e2:	7870      	ldrb	r0, [r6, #1]
100043e4:	44e1      	add	r9, ip
100043e6:	464e      	mov	r6, r9
100043e8:	2867      	cmp	r0, #103	@ 0x67
100043ea:	d84f      	bhi.n	1000448c <_vsnprintf+0x194>
100043ec:	2824      	cmp	r0, #36	@ 0x24
100043ee:	d9a4      	bls.n	1000433a <_vsnprintf+0x42>
100043f0:	0003      	movs	r3, r0
100043f2:	3b25      	subs	r3, #37	@ 0x25
100043f4:	b2db      	uxtb	r3, r3
100043f6:	2b42      	cmp	r3, #66	@ 0x42
100043f8:	d89f      	bhi.n	1000433a <_vsnprintf+0x42>
100043fa:	4996      	ldr	r1, [pc, #600]	@ (10004654 <_vsnprintf+0x35c>)
100043fc:	009b      	lsls	r3, r3, #2
100043fe:	58cb      	ldr	r3, [r1, r3]
10004400:	469f      	mov	pc, r3
10004402:	2300      	movs	r3, #0
10004404:	4694      	mov	ip, r2
10004406:	001e      	movs	r6, r3
10004408:	e000      	b.n	1000440c <_vsnprintf+0x114>
1000440a:	3101      	adds	r1, #1
1000440c:	00b3      	lsls	r3, r6, #2
1000440e:	199b      	adds	r3, r3, r6
10004410:	005b      	lsls	r3, r3, #1
10004412:	181e      	adds	r6, r3, r0
10004414:	7808      	ldrb	r0, [r1, #0]
10004416:	3e30      	subs	r6, #48	@ 0x30
10004418:	0003      	movs	r3, r0
1000441a:	3b30      	subs	r3, #48	@ 0x30
1000441c:	2b09      	cmp	r3, #9
1000441e:	d9f4      	bls.n	1000440a <_vsnprintf+0x112>
10004420:	2301      	movs	r3, #1
10004422:	4662      	mov	r2, ip
10004424:	4689      	mov	r9, r1
10004426:	469c      	mov	ip, r3
10004428:	2300      	movs	r3, #0
1000442a:	46b0      	mov	r8, r6
1000442c:	469a      	mov	sl, r3
1000442e:	000e      	movs	r6, r1
10004430:	44e1      	add	r9, ip
10004432:	282e      	cmp	r0, #46	@ 0x2e
10004434:	d1b3      	bne.n	1000439e <_vsnprintf+0xa6>
10004436:	2130      	movs	r1, #48	@ 0x30
10004438:	2080      	movs	r0, #128	@ 0x80
1000443a:	4249      	negs	r1, r1
1000443c:	468c      	mov	ip, r1
1000443e:	00c0      	lsls	r0, r0, #3
10004440:	4302      	orrs	r2, r0
10004442:	7870      	ldrb	r0, [r6, #1]
10004444:	464b      	mov	r3, r9
10004446:	4484      	add	ip, r0
10004448:	4661      	mov	r1, ip
1000444a:	2909      	cmp	r1, #9
1000444c:	d800      	bhi.n	10004450 <_vsnprintf+0x158>
1000444e:	e16c      	b.n	1000472a <_vsnprintf+0x432>
10004450:	282a      	cmp	r0, #42	@ 0x2a
10004452:	d100      	bne.n	10004456 <_vsnprintf+0x15e>
10004454:	e17a      	b.n	1000474c <_vsnprintf+0x454>
10004456:	2301      	movs	r3, #1
10004458:	469c      	mov	ip, r3
1000445a:	464e      	mov	r6, r9
1000445c:	44e1      	add	r9, ip
1000445e:	e79e      	b.n	1000439e <_vsnprintf+0xa6>
10004460:	46a1      	mov	r9, r4
10004462:	46a8      	mov	r8, r5
10004464:	46ba      	mov	sl, r7
10004466:	45ca      	cmp	sl, r9
10004468:	d803      	bhi.n	10004472 <_vsnprintf+0x17a>
1000446a:	2301      	movs	r3, #1
1000446c:	425b      	negs	r3, r3
1000446e:	4453      	add	r3, sl
10004470:	4699      	mov	r9, r3
10004472:	4653      	mov	r3, sl
10004474:	464a      	mov	r2, r9
10004476:	4659      	mov	r1, fp
10004478:	2000      	movs	r0, #0
1000447a:	47c0      	blx	r8
1000447c:	0020      	movs	r0, r4
1000447e:	b025      	add	sp, #148	@ 0x94
10004480:	bcf0      	pop	{r4, r5, r6, r7}
10004482:	46bb      	mov	fp, r7
10004484:	46b2      	mov	sl, r6
10004486:	46a9      	mov	r9, r5
10004488:	46a0      	mov	r8, r4
1000448a:	bdf0      	pop	{r4, r5, r6, r7, pc}
1000448c:	0003      	movs	r3, r0
1000448e:	3b69      	subs	r3, #105	@ 0x69
10004490:	b2db      	uxtb	r3, r3
10004492:	930d      	str	r3, [sp, #52]	@ 0x34
10004494:	2b0f      	cmp	r3, #15
10004496:	d900      	bls.n	1000449a <_vsnprintf+0x1a2>
10004498:	e74f      	b.n	1000433a <_vsnprintf+0x42>
1000449a:	2101      	movs	r1, #1
1000449c:	4099      	lsls	r1, r3
1000449e:	468c      	mov	ip, r1
100044a0:	496d      	ldr	r1, [pc, #436]	@ (10004658 <_vsnprintf+0x360>)
100044a2:	4689      	mov	r9, r1
100044a4:	4661      	mov	r1, ip
100044a6:	464b      	mov	r3, r9
100044a8:	4019      	ands	r1, r3
100044aa:	910f      	str	r1, [sp, #60]	@ 0x3c
100044ac:	4663      	mov	r3, ip
100044ae:	4649      	mov	r1, r9
100044b0:	420b      	tst	r3, r1
100044b2:	d000      	beq.n	100044b6 <_vsnprintf+0x1be>
100044b4:	e128      	b.n	10004708 <_vsnprintf+0x410>
100044b6:	9b0d      	ldr	r3, [sp, #52]	@ 0x34
100044b8:	2b0a      	cmp	r3, #10
100044ba:	d03a      	beq.n	10004532 <_vsnprintf+0x23a>
100044bc:	2b07      	cmp	r3, #7
100044be:	d000      	beq.n	100044c2 <_vsnprintf+0x1ca>
100044c0:	e73b      	b.n	1000433a <_vsnprintf+0x42>
100044c2:	9b0c      	ldr	r3, [sp, #48]	@ 0x30
100044c4:	0019      	movs	r1, r3
100044c6:	c908      	ldmia	r1!, {r3}
100044c8:	4688      	mov	r8, r1
100044ca:	2b00      	cmp	r3, #0
100044cc:	d100      	bne.n	100044d0 <_vsnprintf+0x1d8>
100044ce:	e14b      	b.n	10004768 <_vsnprintf+0x470>
100044d0:	2021      	movs	r0, #33	@ 0x21
100044d2:	4302      	orrs	r2, r0
100044d4:	4691      	mov	r9, r2
100044d6:	a914      	add	r1, sp, #80	@ 0x50
100044d8:	468c      	mov	ip, r1
100044da:	221f      	movs	r2, #31
100044dc:	210f      	movs	r1, #15
100044de:	4462      	add	r2, ip
100044e0:	468c      	mov	ip, r1
100044e2:	4651      	mov	r1, sl
100044e4:	950d      	str	r5, [sp, #52]	@ 0x34
100044e6:	910c      	str	r1, [sp, #48]	@ 0x30
100044e8:	46a2      	mov	sl, r4
100044ea:	0015      	movs	r5, r2
100044ec:	990f      	ldr	r1, [sp, #60]	@ 0x3c
100044ee:	e002      	b.n	100044f6 <_vsnprintf+0x1fe>
100044f0:	2920      	cmp	r1, #32
100044f2:	d00c      	beq.n	1000450e <_vsnprintf+0x216>
100044f4:	0013      	movs	r3, r2
100044f6:	4664      	mov	r4, ip
100044f8:	401c      	ands	r4, r3
100044fa:	0020      	movs	r0, r4
100044fc:	3037      	adds	r0, #55	@ 0x37
100044fe:	2c09      	cmp	r4, #9
10004500:	d800      	bhi.n	10004504 <_vsnprintf+0x20c>
10004502:	3807      	subs	r0, #7
10004504:	3101      	adds	r1, #1
10004506:	5468      	strb	r0, [r5, r1]
10004508:	091a      	lsrs	r2, r3, #4
1000450a:	2b0f      	cmp	r3, #15
1000450c:	d8f0      	bhi.n	100044f0 <_vsnprintf+0x1f8>
1000450e:	9b0c      	ldr	r3, [sp, #48]	@ 0x30
10004510:	4654      	mov	r4, sl
10004512:	9d0d      	ldr	r5, [sp, #52]	@ 0x34
10004514:	469a      	mov	sl, r3
10004516:	910f      	str	r1, [sp, #60]	@ 0x3c
10004518:	e133      	b.n	10004782 <_vsnprintf+0x48a>
1000451a:	9b0c      	ldr	r3, [sp, #48]	@ 0x30
1000451c:	cb02      	ldmia	r3!, {r1}
1000451e:	4688      	mov	r8, r1
10004520:	2900      	cmp	r1, #0
10004522:	db47      	blt.n	100045b4 <_vsnprintf+0x2bc>
10004524:	930c      	str	r3, [sp, #48]	@ 0x30
10004526:	2301      	movs	r3, #1
10004528:	469c      	mov	ip, r3
1000452a:	7870      	ldrb	r0, [r6, #1]
1000452c:	464e      	mov	r6, r9
1000452e:	44e1      	add	r9, ip
10004530:	e731      	b.n	10004396 <_vsnprintf+0x9e>
10004532:	9b0c      	ldr	r3, [sp, #48]	@ 0x30
10004534:	cb02      	ldmia	r3!, {r1}
10004536:	9314      	str	r3, [sp, #80]	@ 0x50
10004538:	4653      	mov	r3, sl
1000453a:	2b00      	cmp	r3, #0
1000453c:	d100      	bne.n	10004540 <_vsnprintf+0x248>
1000453e:	e138      	b.n	100047b2 <_vsnprintf+0x4ba>
10004540:	469c      	mov	ip, r3
10004542:	7808      	ldrb	r0, [r1, #0]
10004544:	000b      	movs	r3, r1
10004546:	900c      	str	r0, [sp, #48]	@ 0x30
10004548:	448c      	add	ip, r1
1000454a:	2800      	cmp	r0, #0
1000454c:	d101      	bne.n	10004552 <_vsnprintf+0x25a>
1000454e:	f000 fc98 	bl	10004e82 <_vsnprintf+0xb8a>
10004552:	4689      	mov	r9, r1
10004554:	4661      	mov	r1, ip
10004556:	4694      	mov	ip, r2
10004558:	e003      	b.n	10004562 <_vsnprintf+0x26a>
1000455a:	785a      	ldrb	r2, [r3, #1]
1000455c:	3301      	adds	r3, #1
1000455e:	2a00      	cmp	r2, #0
10004560:	d001      	beq.n	10004566 <_vsnprintf+0x26e>
10004562:	428b      	cmp	r3, r1
10004564:	d1f9      	bne.n	1000455a <_vsnprintf+0x262>
10004566:	4649      	mov	r1, r9
10004568:	4662      	mov	r2, ip
1000456a:	1a5b      	subs	r3, r3, r1
1000456c:	900c      	str	r0, [sp, #48]	@ 0x30
1000456e:	930f      	str	r3, [sp, #60]	@ 0x3c
10004570:	0553      	lsls	r3, r2, #21
10004572:	d500      	bpl.n	10004576 <_vsnprintf+0x27e>
10004574:	e120      	b.n	100047b8 <_vsnprintf+0x4c0>
10004576:	2302      	movs	r3, #2
10004578:	0018      	movs	r0, r3
1000457a:	4010      	ands	r0, r2
1000457c:	900d      	str	r0, [sp, #52]	@ 0x34
1000457e:	4213      	tst	r3, r2
10004580:	d100      	bne.n	10004584 <_vsnprintf+0x28c>
10004582:	e3cb      	b.n	10004d1c <_vsnprintf+0xa24>
10004584:	930d      	str	r3, [sp, #52]	@ 0x34
10004586:	1b0b      	subs	r3, r1, r4
10004588:	46b1      	mov	r9, r6
1000458a:	469a      	mov	sl, r3
1000458c:	465e      	mov	r6, fp
1000458e:	980c      	ldr	r0, [sp, #48]	@ 0x30
10004590:	0022      	movs	r2, r4
10004592:	003b      	movs	r3, r7
10004594:	0031      	movs	r1, r6
10004596:	47a8      	blx	r5
10004598:	4653      	mov	r3, sl
1000459a:	3401      	adds	r4, #1
1000459c:	5d18      	ldrb	r0, [r3, r4]
1000459e:	2800      	cmp	r0, #0
100045a0:	d1f6      	bne.n	10004590 <_vsnprintf+0x298>
100045a2:	46b3      	mov	fp, r6
100045a4:	464e      	mov	r6, r9
100045a6:	9b0d      	ldr	r3, [sp, #52]	@ 0x34
100045a8:	2b00      	cmp	r3, #0
100045aa:	d000      	beq.n	100045ae <_vsnprintf+0x2b6>
100045ac:	e1c7      	b.n	1000493e <_vsnprintf+0x646>
100045ae:	9b14      	ldr	r3, [sp, #80]	@ 0x50
100045b0:	930c      	str	r3, [sp, #48]	@ 0x30
100045b2:	e6c9      	b.n	10004348 <_vsnprintf+0x50>
100045b4:	930c      	str	r3, [sp, #48]	@ 0x30
100045b6:	2301      	movs	r3, #1
100045b8:	469c      	mov	ip, r3
100045ba:	3828      	subs	r0, #40	@ 0x28
100045bc:	4249      	negs	r1, r1
100045be:	4302      	orrs	r2, r0
100045c0:	4688      	mov	r8, r1
100045c2:	7870      	ldrb	r0, [r6, #1]
100045c4:	464e      	mov	r6, r9
100045c6:	44e1      	add	r9, ip
100045c8:	e6e5      	b.n	10004396 <_vsnprintf+0x9e>
100045ca:	7870      	ldrb	r0, [r6, #1]
100045cc:	286c      	cmp	r0, #108	@ 0x6c
100045ce:	d100      	bne.n	100045d2 <_vsnprintf+0x2da>
100045d0:	e17f      	b.n	100048d2 <_vsnprintf+0x5da>
100045d2:	2380      	movs	r3, #128	@ 0x80
100045d4:	005b      	lsls	r3, r3, #1
100045d6:	431a      	orrs	r2, r3
100045d8:	3bff      	subs	r3, #255	@ 0xff
100045da:	469c      	mov	ip, r3
100045dc:	44e1      	add	r9, ip
100045de:	e702      	b.n	100043e6 <_vsnprintf+0xee>
100045e0:	2380      	movs	r3, #128	@ 0x80
100045e2:	009b      	lsls	r3, r3, #2
100045e4:	431a      	orrs	r2, r3
100045e6:	2301      	movs	r3, #1
100045e8:	469c      	mov	ip, r3
100045ea:	7870      	ldrb	r0, [r6, #1]
100045ec:	44e1      	add	r9, ip
100045ee:	e6fa      	b.n	100043e6 <_vsnprintf+0xee>
100045f0:	7870      	ldrb	r0, [r6, #1]
100045f2:	2868      	cmp	r0, #104	@ 0x68
100045f4:	d100      	bne.n	100045f8 <_vsnprintf+0x300>
100045f6:	e173      	b.n	100048e0 <_vsnprintf+0x5e8>
100045f8:	2380      	movs	r3, #128	@ 0x80
100045fa:	431a      	orrs	r2, r3
100045fc:	3b7f      	subs	r3, #127	@ 0x7f
100045fe:	469c      	mov	ip, r3
10004600:	44e1      	add	r9, ip
10004602:	e6f0      	b.n	100043e6 <_vsnprintf+0xee>
10004604:	2867      	cmp	r0, #103	@ 0x67
10004606:	d100      	bne.n	1000460a <_vsnprintf+0x312>
10004608:	e103      	b.n	10004812 <_vsnprintf+0x51a>
1000460a:	2847      	cmp	r0, #71	@ 0x47
1000460c:	d100      	bne.n	10004610 <_vsnprintf+0x318>
1000460e:	e15a      	b.n	100048c6 <_vsnprintf+0x5ce>
10004610:	2845      	cmp	r0, #69	@ 0x45
10004612:	d100      	bne.n	10004616 <_vsnprintf+0x31e>
10004614:	e15a      	b.n	100048cc <_vsnprintf+0x5d4>
10004616:	9204      	str	r2, [sp, #16]
10004618:	2107      	movs	r1, #7
1000461a:	4642      	mov	r2, r8
1000461c:	9b0c      	ldr	r3, [sp, #48]	@ 0x30
1000461e:	9203      	str	r2, [sp, #12]
10004620:	3307      	adds	r3, #7
10004622:	4652      	mov	r2, sl
10004624:	438b      	bics	r3, r1
10004626:	0019      	movs	r1, r3
10004628:	9202      	str	r2, [sp, #8]
1000462a:	c90c      	ldmia	r1!, {r2, r3}
1000462c:	0028      	movs	r0, r5
1000462e:	9200      	str	r2, [sp, #0]
10004630:	9301      	str	r3, [sp, #4]
10004632:	910c      	str	r1, [sp, #48]	@ 0x30
10004634:	0022      	movs	r2, r4
10004636:	003b      	movs	r3, r7
10004638:	4659      	mov	r1, fp
1000463a:	f7ff fb9f 	bl	10003d7c <_etoa>
1000463e:	0004      	movs	r4, r0
10004640:	e682      	b.n	10004348 <_vsnprintf+0x50>
10004642:	46c0      	nop			@ (mov r8, r8)
10004644:	100042f9 	.word	0x100042f9
10004648:	20004110 	.word	0x20004110
1000464c:	1000b450 	.word	0x1000b450
10004650:	1000b494 	.word	0x1000b494
10004654:	1000b4e0 	.word	0x1000b4e0
10004658:	00009041 	.word	0x00009041
1000465c:	2846      	cmp	r0, #70	@ 0x46
1000465e:	d100      	bne.n	10004662 <_vsnprintf+0x36a>
10004660:	e0db      	b.n	1000481a <_vsnprintf+0x522>
10004662:	9204      	str	r2, [sp, #16]
10004664:	2107      	movs	r1, #7
10004666:	4642      	mov	r2, r8
10004668:	9b0c      	ldr	r3, [sp, #48]	@ 0x30
1000466a:	9203      	str	r2, [sp, #12]
1000466c:	3307      	adds	r3, #7
1000466e:	4652      	mov	r2, sl
10004670:	438b      	bics	r3, r1
10004672:	0019      	movs	r1, r3
10004674:	9202      	str	r2, [sp, #8]
10004676:	c90c      	ldmia	r1!, {r2, r3}
10004678:	0028      	movs	r0, r5
1000467a:	9200      	str	r2, [sp, #0]
1000467c:	9301      	str	r3, [sp, #4]
1000467e:	910c      	str	r1, [sp, #48]	@ 0x30
10004680:	0022      	movs	r2, r4
10004682:	003b      	movs	r3, r7
10004684:	4659      	mov	r1, fp
10004686:	f7ff f925 	bl	100038d4 <_ftoa>
1000468a:	0004      	movs	r4, r0
1000468c:	e65c      	b.n	10004348 <_vsnprintf+0x50>
1000468e:	1c63      	adds	r3, r4, #1
10004690:	4698      	mov	r8, r3
10004692:	0022      	movs	r2, r4
10004694:	003b      	movs	r3, r7
10004696:	4659      	mov	r1, fp
10004698:	2025      	movs	r0, #37	@ 0x25
1000469a:	47a8      	blx	r5
1000469c:	4644      	mov	r4, r8
1000469e:	e653      	b.n	10004348 <_vsnprintf+0x50>
100046a0:	9b0c      	ldr	r3, [sp, #48]	@ 0x30
100046a2:	3304      	adds	r3, #4
100046a4:	930d      	str	r3, [sp, #52]	@ 0x34
100046a6:	1c63      	adds	r3, r4, #1
100046a8:	4699      	mov	r9, r3
100046aa:	0792      	lsls	r2, r2, #30
100046ac:	d400      	bmi.n	100046b0 <_vsnprintf+0x3b8>
100046ae:	e122      	b.n	100048f6 <_vsnprintf+0x5fe>
100046b0:	9b0c      	ldr	r3, [sp, #48]	@ 0x30
100046b2:	0022      	movs	r2, r4
100046b4:	7818      	ldrb	r0, [r3, #0]
100046b6:	4659      	mov	r1, fp
100046b8:	003b      	movs	r3, r7
100046ba:	47a8      	blx	r5
100046bc:	4643      	mov	r3, r8
100046be:	4444      	add	r4, r8
100046c0:	2b01      	cmp	r3, #1
100046c2:	d800      	bhi.n	100046c6 <_vsnprintf+0x3ce>
100046c4:	e285      	b.n	10004bd2 <_vsnprintf+0x8da>
100046c6:	0033      	movs	r3, r6
100046c8:	46b8      	mov	r8, r7
100046ca:	002e      	movs	r6, r5
100046cc:	465f      	mov	r7, fp
100046ce:	0025      	movs	r5, r4
100046d0:	464c      	mov	r4, r9
100046d2:	4699      	mov	r9, r3
100046d4:	0022      	movs	r2, r4
100046d6:	4643      	mov	r3, r8
100046d8:	3401      	adds	r4, #1
100046da:	0039      	movs	r1, r7
100046dc:	2020      	movs	r0, #32
100046de:	47b0      	blx	r6
100046e0:	42ac      	cmp	r4, r5
100046e2:	d1f7      	bne.n	100046d4 <_vsnprintf+0x3dc>
100046e4:	002c      	movs	r4, r5
100046e6:	46bb      	mov	fp, r7
100046e8:	0035      	movs	r5, r6
100046ea:	4647      	mov	r7, r8
100046ec:	464e      	mov	r6, r9
100046ee:	9b0d      	ldr	r3, [sp, #52]	@ 0x34
100046f0:	930c      	str	r3, [sp, #48]	@ 0x30
100046f2:	e629      	b.n	10004348 <_vsnprintf+0x50>
100046f4:	4bdb      	ldr	r3, [pc, #876]	@ (10004a64 <_vsnprintf+0x76c>)
100046f6:	7830      	ldrb	r0, [r6, #0]
100046f8:	4698      	mov	r8, r3
100046fa:	2300      	movs	r3, #0
100046fc:	4699      	mov	r9, r3
100046fe:	2800      	cmp	r0, #0
10004700:	d000      	beq.n	10004704 <_vsnprintf+0x40c>
10004702:	e612      	b.n	1000432a <_vsnprintf+0x32>
10004704:	2400      	movs	r4, #0
10004706:	e6ae      	b.n	10004466 <_vsnprintf+0x16e>
10004708:	286f      	cmp	r0, #111	@ 0x6f
1000470a:	d100      	bne.n	1000470e <_vsnprintf+0x416>
1000470c:	e088      	b.n	10004820 <_vsnprintf+0x528>
1000470e:	d800      	bhi.n	10004712 <_vsnprintf+0x41a>
10004710:	e30b      	b.n	10004d2a <_vsnprintf+0xa32>
10004712:	2310      	movs	r3, #16
10004714:	2878      	cmp	r0, #120	@ 0x78
10004716:	d100      	bne.n	1000471a <_vsnprintf+0x422>
10004718:	e0cf      	b.n	100048ba <_vsnprintf+0x5c2>
1000471a:	439a      	bics	r2, r3
1000471c:	230a      	movs	r3, #10
1000471e:	469c      	mov	ip, r3
10004720:	2300      	movs	r3, #0
10004722:	930f      	str	r3, [sp, #60]	@ 0x3c
10004724:	330a      	adds	r3, #10
10004726:	930d      	str	r3, [sp, #52]	@ 0x34
10004728:	e080      	b.n	1000482c <_vsnprintf+0x534>
1000472a:	4656      	mov	r6, sl
1000472c:	00b1      	lsls	r1, r6, #2
1000472e:	1989      	adds	r1, r1, r6
10004730:	0049      	lsls	r1, r1, #1
10004732:	3301      	adds	r3, #1
10004734:	180e      	adds	r6, r1, r0
10004736:	7818      	ldrb	r0, [r3, #0]
10004738:	3e30      	subs	r6, #48	@ 0x30
1000473a:	0001      	movs	r1, r0
1000473c:	3930      	subs	r1, #48	@ 0x30
1000473e:	2909      	cmp	r1, #9
10004740:	d9f4      	bls.n	1000472c <_vsnprintf+0x434>
10004742:	46b2      	mov	sl, r6
10004744:	001e      	movs	r6, r3
10004746:	3301      	adds	r3, #1
10004748:	4699      	mov	r9, r3
1000474a:	e628      	b.n	1000439e <_vsnprintf+0xa6>
1000474c:	9b0c      	ldr	r3, [sp, #48]	@ 0x30
1000474e:	3602      	adds	r6, #2
10004750:	cb02      	ldmia	r3!, {r1}
10004752:	468a      	mov	sl, r1
10004754:	43c9      	mvns	r1, r1
10004756:	4650      	mov	r0, sl
10004758:	17c9      	asrs	r1, r1, #31
1000475a:	4008      	ands	r0, r1
1000475c:	4682      	mov	sl, r0
1000475e:	930c      	str	r3, [sp, #48]	@ 0x30
10004760:	7830      	ldrb	r0, [r6, #0]
10004762:	1c73      	adds	r3, r6, #1
10004764:	4699      	mov	r9, r3
10004766:	e61a      	b.n	1000439e <_vsnprintf+0xa6>
10004768:	2310      	movs	r3, #16
1000476a:	0010      	movs	r0, r2
1000476c:	4398      	bics	r0, r3
1000476e:	3311      	adds	r3, #17
10004770:	4318      	orrs	r0, r3
10004772:	4681      	mov	r9, r0
10004774:	2080      	movs	r0, #128	@ 0x80
10004776:	0013      	movs	r3, r2
10004778:	00c0      	lsls	r0, r0, #3
1000477a:	4003      	ands	r3, r0
1000477c:	4202      	tst	r2, r0
1000477e:	d100      	bne.n	10004782 <_vsnprintf+0x48a>
10004780:	e6a9      	b.n	100044d6 <_vsnprintf+0x1de>
10004782:	464b      	mov	r3, r9
10004784:	9306      	str	r3, [sp, #24]
10004786:	2308      	movs	r3, #8
10004788:	9305      	str	r3, [sp, #20]
1000478a:	4653      	mov	r3, sl
1000478c:	9304      	str	r3, [sp, #16]
1000478e:	2310      	movs	r3, #16
10004790:	9303      	str	r3, [sp, #12]
10004792:	2300      	movs	r3, #0
10004794:	9302      	str	r3, [sp, #8]
10004796:	9b0f      	ldr	r3, [sp, #60]	@ 0x3c
10004798:	0022      	movs	r2, r4
1000479a:	9301      	str	r3, [sp, #4]
1000479c:	ab1c      	add	r3, sp, #112	@ 0x70
1000479e:	9300      	str	r3, [sp, #0]
100047a0:	4659      	mov	r1, fp
100047a2:	003b      	movs	r3, r7
100047a4:	0028      	movs	r0, r5
100047a6:	f7fe ff9f 	bl	100036e8 <_ntoa_format>
100047aa:	4643      	mov	r3, r8
100047ac:	0004      	movs	r4, r0
100047ae:	930c      	str	r3, [sp, #48]	@ 0x30
100047b0:	e5ca      	b.n	10004348 <_vsnprintf+0x50>
100047b2:	2301      	movs	r3, #1
100047b4:	425b      	negs	r3, r3
100047b6:	e6c3      	b.n	10004540 <_vsnprintf+0x248>
100047b8:	9b0f      	ldr	r3, [sp, #60]	@ 0x3c
100047ba:	4553      	cmp	r3, sl
100047bc:	d901      	bls.n	100047c2 <_vsnprintf+0x4ca>
100047be:	4653      	mov	r3, sl
100047c0:	930f      	str	r3, [sp, #60]	@ 0x3c
100047c2:	2302      	movs	r3, #2
100047c4:	0018      	movs	r0, r3
100047c6:	4010      	ands	r0, r2
100047c8:	900d      	str	r0, [sp, #52]	@ 0x34
100047ca:	4213      	tst	r3, r2
100047cc:	d100      	bne.n	100047d0 <_vsnprintf+0x4d8>
100047ce:	e1b7      	b.n	10004b40 <_vsnprintf+0x848>
100047d0:	930d      	str	r3, [sp, #52]	@ 0x34
100047d2:	46d1      	mov	r9, sl
100047d4:	1b0b      	subs	r3, r1, r4
100047d6:	469a      	mov	sl, r3
100047d8:	0033      	movs	r3, r6
100047da:	44a1      	add	r9, r4
100047dc:	002e      	movs	r6, r5
100047de:	0022      	movs	r2, r4
100047e0:	464d      	mov	r5, r9
100047e2:	980c      	ldr	r0, [sp, #48]	@ 0x30
100047e4:	46b9      	mov	r9, r7
100047e6:	465f      	mov	r7, fp
100047e8:	469b      	mov	fp, r3
100047ea:	e008      	b.n	100047fe <_vsnprintf+0x506>
100047ec:	464b      	mov	r3, r9
100047ee:	0039      	movs	r1, r7
100047f0:	1c54      	adds	r4, r2, #1
100047f2:	47b0      	blx	r6
100047f4:	4653      	mov	r3, sl
100047f6:	5d18      	ldrb	r0, [r3, r4]
100047f8:	2800      	cmp	r0, #0
100047fa:	d077      	beq.n	100048ec <_vsnprintf+0x5f4>
100047fc:	0022      	movs	r2, r4
100047fe:	4295      	cmp	r5, r2
10004800:	d1f4      	bne.n	100047ec <_vsnprintf+0x4f4>
10004802:	465b      	mov	r3, fp
10004804:	46bb      	mov	fp, r7
10004806:	464f      	mov	r7, r9
10004808:	46a9      	mov	r9, r5
1000480a:	0035      	movs	r5, r6
1000480c:	464c      	mov	r4, r9
1000480e:	001e      	movs	r6, r3
10004810:	e6c9      	b.n	100045a6 <_vsnprintf+0x2ae>
10004812:	2380      	movs	r3, #128	@ 0x80
10004814:	011b      	lsls	r3, r3, #4
10004816:	431a      	orrs	r2, r3
10004818:	e6fd      	b.n	10004616 <_vsnprintf+0x31e>
1000481a:	2320      	movs	r3, #32
1000481c:	431a      	orrs	r2, r3
1000481e:	e720      	b.n	10004662 <_vsnprintf+0x36a>
10004820:	2308      	movs	r3, #8
10004822:	469c      	mov	ip, r3
10004824:	2300      	movs	r3, #0
10004826:	930f      	str	r3, [sp, #60]	@ 0x3c
10004828:	3308      	adds	r3, #8
1000482a:	930d      	str	r3, [sp, #52]	@ 0x34
1000482c:	2380      	movs	r3, #128	@ 0x80
1000482e:	0011      	movs	r1, r2
10004830:	00db      	lsls	r3, r3, #3
10004832:	4019      	ands	r1, r3
10004834:	421a      	tst	r2, r3
10004836:	d100      	bne.n	1000483a <_vsnprintf+0x542>
10004838:	e116      	b.n	10004a68 <_vsnprintf+0x770>
1000483a:	230d      	movs	r3, #13
1000483c:	439a      	bics	r2, r3
1000483e:	0010      	movs	r0, r2
10004840:	2380      	movs	r3, #128	@ 0x80
10004842:	0002      	movs	r2, r0
10004844:	009b      	lsls	r3, r3, #2
10004846:	401a      	ands	r2, r3
10004848:	9214      	str	r2, [sp, #80]	@ 0x50
1000484a:	4218      	tst	r0, r3
1000484c:	d000      	beq.n	10004850 <_vsnprintf+0x558>
1000484e:	e1c2      	b.n	10004bd6 <_vsnprintf+0x8de>
10004850:	2380      	movs	r3, #128	@ 0x80
10004852:	0002      	movs	r2, r0
10004854:	005b      	lsls	r3, r3, #1
10004856:	401a      	ands	r2, r3
10004858:	4691      	mov	r9, r2
1000485a:	9a0c      	ldr	r2, [sp, #48]	@ 0x30
1000485c:	3204      	adds	r2, #4
1000485e:	920f      	str	r2, [sp, #60]	@ 0x3c
10004860:	4218      	tst	r0, r3
10004862:	d000      	beq.n	10004866 <_vsnprintf+0x56e>
10004864:	e2b7      	b.n	10004dd6 <_vsnprintf+0xade>
10004866:	0643      	lsls	r3, r0, #25
10004868:	d500      	bpl.n	1000486c <_vsnprintf+0x574>
1000486a:	e19f      	b.n	10004bac <_vsnprintf+0x8b4>
1000486c:	0603      	lsls	r3, r0, #24
1000486e:	d400      	bmi.n	10004872 <_vsnprintf+0x57a>
10004870:	e319      	b.n	10004ea6 <_vsnprintf+0xbae>
10004872:	9b0c      	ldr	r3, [sp, #48]	@ 0x30
10004874:	881b      	ldrh	r3, [r3, #0]
10004876:	9309      	str	r3, [sp, #36]	@ 0x24
10004878:	2b00      	cmp	r3, #0
1000487a:	d000      	beq.n	1000487e <_vsnprintf+0x586>
1000487c:	e1fc      	b.n	10004c78 <_vsnprintf+0x980>
1000487e:	3310      	adds	r3, #16
10004880:	4398      	bics	r0, r3
10004882:	2900      	cmp	r1, #0
10004884:	d100      	bne.n	10004888 <_vsnprintf+0x590>
10004886:	e1f7      	b.n	10004c78 <_vsnprintf+0x980>
10004888:	2300      	movs	r3, #0
1000488a:	4699      	mov	r9, r3
1000488c:	4643      	mov	r3, r8
1000488e:	9305      	str	r3, [sp, #20]
10004890:	4653      	mov	r3, sl
10004892:	9304      	str	r3, [sp, #16]
10004894:	9b0d      	ldr	r3, [sp, #52]	@ 0x34
10004896:	9006      	str	r0, [sp, #24]
10004898:	9303      	str	r3, [sp, #12]
1000489a:	2300      	movs	r3, #0
1000489c:	e0d2      	b.n	10004a44 <_vsnprintf+0x74c>
1000489e:	2858      	cmp	r0, #88	@ 0x58
100048a0:	d008      	beq.n	100048b4 <_vsnprintf+0x5bc>
100048a2:	2862      	cmp	r0, #98	@ 0x62
100048a4:	d167      	bne.n	10004976 <_vsnprintf+0x67e>
100048a6:	2302      	movs	r3, #2
100048a8:	469c      	mov	ip, r3
100048aa:	2300      	movs	r3, #0
100048ac:	930f      	str	r3, [sp, #60]	@ 0x3c
100048ae:	3302      	adds	r3, #2
100048b0:	930d      	str	r3, [sp, #52]	@ 0x34
100048b2:	e7bb      	b.n	1000482c <_vsnprintf+0x534>
100048b4:	2320      	movs	r3, #32
100048b6:	431a      	orrs	r2, r3
100048b8:	3b10      	subs	r3, #16
100048ba:	469c      	mov	ip, r3
100048bc:	2300      	movs	r3, #0
100048be:	930f      	str	r3, [sp, #60]	@ 0x3c
100048c0:	3310      	adds	r3, #16
100048c2:	930d      	str	r3, [sp, #52]	@ 0x34
100048c4:	e7b2      	b.n	1000482c <_vsnprintf+0x534>
100048c6:	2380      	movs	r3, #128	@ 0x80
100048c8:	011b      	lsls	r3, r3, #4
100048ca:	431a      	orrs	r2, r3
100048cc:	2320      	movs	r3, #32
100048ce:	431a      	orrs	r2, r3
100048d0:	e6a1      	b.n	10004616 <_vsnprintf+0x31e>
100048d2:	23c0      	movs	r3, #192	@ 0xc0
100048d4:	009b      	lsls	r3, r3, #2
100048d6:	431a      	orrs	r2, r3
100048d8:	1cf3      	adds	r3, r6, #3
100048da:	4699      	mov	r9, r3
100048dc:	78b0      	ldrb	r0, [r6, #2]
100048de:	e582      	b.n	100043e6 <_vsnprintf+0xee>
100048e0:	23c0      	movs	r3, #192	@ 0xc0
100048e2:	431a      	orrs	r2, r3
100048e4:	1cf3      	adds	r3, r6, #3
100048e6:	4699      	mov	r9, r3
100048e8:	78b0      	ldrb	r0, [r6, #2]
100048ea:	e57c      	b.n	100043e6 <_vsnprintf+0xee>
100048ec:	0035      	movs	r5, r6
100048ee:	465e      	mov	r6, fp
100048f0:	46bb      	mov	fp, r7
100048f2:	464f      	mov	r7, r9
100048f4:	e657      	b.n	100045a6 <_vsnprintf+0x2ae>
100048f6:	4643      	mov	r3, r8
100048f8:	2b01      	cmp	r3, #1
100048fa:	d800      	bhi.n	100048fe <_vsnprintf+0x606>
100048fc:	e163      	b.n	10004bc6 <_vsnprintf+0x8ce>
100048fe:	1e63      	subs	r3, r4, #1
10004900:	4443      	add	r3, r8
10004902:	469a      	mov	sl, r3
10004904:	0033      	movs	r3, r6
10004906:	46b9      	mov	r9, r7
10004908:	002e      	movs	r6, r5
1000490a:	465f      	mov	r7, fp
1000490c:	4655      	mov	r5, sl
1000490e:	469b      	mov	fp, r3
10004910:	46a2      	mov	sl, r4
10004912:	0022      	movs	r2, r4
10004914:	464b      	mov	r3, r9
10004916:	3401      	adds	r4, #1
10004918:	0039      	movs	r1, r7
1000491a:	2020      	movs	r0, #32
1000491c:	47b0      	blx	r6
1000491e:	42ac      	cmp	r4, r5
10004920:	d1f7      	bne.n	10004912 <_vsnprintf+0x61a>
10004922:	0035      	movs	r5, r6
10004924:	465e      	mov	r6, fp
10004926:	46bb      	mov	fp, r7
10004928:	464f      	mov	r7, r9
1000492a:	46a1      	mov	r9, r4
1000492c:	4654      	mov	r4, sl
1000492e:	9b0c      	ldr	r3, [sp, #48]	@ 0x30
10004930:	464a      	mov	r2, r9
10004932:	7818      	ldrb	r0, [r3, #0]
10004934:	4659      	mov	r1, fp
10004936:	003b      	movs	r3, r7
10004938:	4444      	add	r4, r8
1000493a:	47a8      	blx	r5
1000493c:	e6d7      	b.n	100046ee <_vsnprintf+0x3f6>
1000493e:	46a1      	mov	r9, r4
10004940:	9b0f      	ldr	r3, [sp, #60]	@ 0x3c
10004942:	4598      	cmp	r8, r3
10004944:	d800      	bhi.n	10004948 <_vsnprintf+0x650>
10004946:	e632      	b.n	100045ae <_vsnprintf+0x2b6>
10004948:	4444      	add	r4, r8
1000494a:	1ae4      	subs	r4, r4, r3
1000494c:	0033      	movs	r3, r6
1000494e:	46b8      	mov	r8, r7
10004950:	002e      	movs	r6, r5
10004952:	465f      	mov	r7, fp
10004954:	0025      	movs	r5, r4
10004956:	464c      	mov	r4, r9
10004958:	4699      	mov	r9, r3
1000495a:	0022      	movs	r2, r4
1000495c:	4643      	mov	r3, r8
1000495e:	3401      	adds	r4, #1
10004960:	0039      	movs	r1, r7
10004962:	2020      	movs	r0, #32
10004964:	47b0      	blx	r6
10004966:	42ac      	cmp	r4, r5
10004968:	d1f7      	bne.n	1000495a <_vsnprintf+0x662>
1000496a:	002c      	movs	r4, r5
1000496c:	46bb      	mov	fp, r7
1000496e:	0035      	movs	r5, r6
10004970:	4647      	mov	r7, r8
10004972:	464e      	mov	r6, r9
10004974:	e61b      	b.n	100045ae <_vsnprintf+0x2b6>
10004976:	2380      	movs	r3, #128	@ 0x80
10004978:	0010      	movs	r0, r2
1000497a:	00db      	lsls	r3, r3, #3
1000497c:	4018      	ands	r0, r3
1000497e:	421a      	tst	r2, r3
10004980:	d100      	bne.n	10004984 <_vsnprintf+0x68c>
10004982:	e10f      	b.n	10004ba4 <_vsnprintf+0x8ac>
10004984:	2111      	movs	r1, #17
10004986:	0018      	movs	r0, r3
10004988:	438a      	bics	r2, r1
1000498a:	920d      	str	r2, [sp, #52]	@ 0x34
1000498c:	9a0d      	ldr	r2, [sp, #52]	@ 0x34
1000498e:	2380      	movs	r3, #128	@ 0x80
10004990:	0011      	movs	r1, r2
10004992:	009b      	lsls	r3, r3, #2
10004994:	4019      	ands	r1, r3
10004996:	468c      	mov	ip, r1
10004998:	421a      	tst	r2, r3
1000499a:	d169      	bne.n	10004a70 <_vsnprintf+0x778>
1000499c:	2380      	movs	r3, #128	@ 0x80
1000499e:	0011      	movs	r1, r2
100049a0:	005b      	lsls	r3, r3, #1
100049a2:	4019      	ands	r1, r3
100049a4:	4689      	mov	r9, r1
100049a6:	990c      	ldr	r1, [sp, #48]	@ 0x30
100049a8:	3104      	adds	r1, #4
100049aa:	910f      	str	r1, [sp, #60]	@ 0x3c
100049ac:	421a      	tst	r2, r3
100049ae:	d000      	beq.n	100049b2 <_vsnprintf+0x6ba>
100049b0:	e1ca      	b.n	10004d48 <_vsnprintf+0xa50>
100049b2:	0013      	movs	r3, r2
100049b4:	065b      	lsls	r3, r3, #25
100049b6:	d500      	bpl.n	100049ba <_vsnprintf+0x6c2>
100049b8:	e0f0      	b.n	10004b9c <_vsnprintf+0x8a4>
100049ba:	0013      	movs	r3, r2
100049bc:	061b      	lsls	r3, r3, #24
100049be:	d400      	bmi.n	100049c2 <_vsnprintf+0x6ca>
100049c0:	e259      	b.n	10004e76 <_vsnprintf+0xb7e>
100049c2:	9b0c      	ldr	r3, [sp, #48]	@ 0x30
100049c4:	2200      	movs	r2, #0
100049c6:	5e9b      	ldrsh	r3, [r3, r2]
100049c8:	17d9      	asrs	r1, r3, #31
100049ca:	185a      	adds	r2, r3, r1
100049cc:	404a      	eors	r2, r1
100049ce:	b292      	uxth	r2, r2
100049d0:	0fd9      	lsrs	r1, r3, #31
100049d2:	910c      	str	r1, [sp, #48]	@ 0x30
100049d4:	2b00      	cmp	r3, #0
100049d6:	d100      	bne.n	100049da <_vsnprintf+0x6e2>
100049d8:	e1f9      	b.n	10004dce <_vsnprintf+0xad6>
100049da:	0010      	movs	r0, r2
100049dc:	aa14      	add	r2, sp, #80	@ 0x50
100049de:	4694      	mov	ip, r2
100049e0:	4642      	mov	r2, r8
100049e2:	231f      	movs	r3, #31
100049e4:	9214      	str	r2, [sp, #80]	@ 0x50
100049e6:	4652      	mov	r2, sl
100049e8:	4463      	add	r3, ip
100049ea:	46a8      	mov	r8, r5
100049ec:	9416      	str	r4, [sp, #88]	@ 0x58
100049ee:	464d      	mov	r5, r9
100049f0:	0004      	movs	r4, r0
100049f2:	46b9      	mov	r9, r7
100049f4:	46b2      	mov	sl, r6
100049f6:	001f      	movs	r7, r3
100049f8:	9215      	str	r2, [sp, #84]	@ 0x54
100049fa:	e001      	b.n	10004a00 <_vsnprintf+0x708>
100049fc:	2d20      	cmp	r5, #32
100049fe:	d00f      	beq.n	10004a20 <_vsnprintf+0x728>
10004a00:	0020      	movs	r0, r4
10004a02:	210a      	movs	r1, #10
10004a04:	f7fe f9c4 	bl	10002d90 <__wrap___aeabi_uidiv>
10004a08:	3501      	adds	r5, #1
10004a0a:	197e      	adds	r6, r7, r5
10004a0c:	3130      	adds	r1, #48	@ 0x30
10004a0e:	7031      	strb	r1, [r6, #0]
10004a10:	0020      	movs	r0, r4
10004a12:	210a      	movs	r1, #10
10004a14:	f7fe f9bc 	bl	10002d90 <__wrap___aeabi_uidiv>
10004a18:	0026      	movs	r6, r4
10004a1a:	0004      	movs	r4, r0
10004a1c:	2e09      	cmp	r6, #9
10004a1e:	d8ed      	bhi.n	100049fc <_vsnprintf+0x704>
10004a20:	9b14      	ldr	r3, [sp, #80]	@ 0x50
10004a22:	464f      	mov	r7, r9
10004a24:	46a9      	mov	r9, r5
10004a26:	4645      	mov	r5, r8
10004a28:	4698      	mov	r8, r3
10004a2a:	9b15      	ldr	r3, [sp, #84]	@ 0x54
10004a2c:	4656      	mov	r6, sl
10004a2e:	469a      	mov	sl, r3
10004a30:	9c16      	ldr	r4, [sp, #88]	@ 0x58
10004a32:	9b0d      	ldr	r3, [sp, #52]	@ 0x34
10004a34:	9306      	str	r3, [sp, #24]
10004a36:	4643      	mov	r3, r8
10004a38:	9305      	str	r3, [sp, #20]
10004a3a:	4653      	mov	r3, sl
10004a3c:	9304      	str	r3, [sp, #16]
10004a3e:	230a      	movs	r3, #10
10004a40:	9303      	str	r3, [sp, #12]
10004a42:	9b0c      	ldr	r3, [sp, #48]	@ 0x30
10004a44:	9302      	str	r3, [sp, #8]
10004a46:	464b      	mov	r3, r9
10004a48:	9301      	str	r3, [sp, #4]
10004a4a:	ab1c      	add	r3, sp, #112	@ 0x70
10004a4c:	0022      	movs	r2, r4
10004a4e:	9300      	str	r3, [sp, #0]
10004a50:	4659      	mov	r1, fp
10004a52:	003b      	movs	r3, r7
10004a54:	0028      	movs	r0, r5
10004a56:	f7fe fe47 	bl	100036e8 <_ntoa_format>
10004a5a:	9b0f      	ldr	r3, [sp, #60]	@ 0x3c
10004a5c:	0004      	movs	r4, r0
10004a5e:	930c      	str	r3, [sp, #48]	@ 0x30
10004a60:	e472      	b.n	10004348 <_vsnprintf+0x50>
10004a62:	46c0      	nop			@ (mov r8, r8)
10004a64:	10003639 	.word	0x10003639
10004a68:	230c      	movs	r3, #12
10004a6a:	439a      	bics	r2, r3
10004a6c:	0010      	movs	r0, r2
10004a6e:	e6e7      	b.n	10004840 <_vsnprintf+0x548>
10004a70:	2207      	movs	r2, #7
10004a72:	9b0c      	ldr	r3, [sp, #48]	@ 0x30
10004a74:	3307      	adds	r3, #7
10004a76:	4393      	bics	r3, r2
10004a78:	3201      	adds	r2, #1
10004a7a:	4694      	mov	ip, r2
10004a7c:	449c      	add	ip, r3
10004a7e:	4662      	mov	r2, ip
10004a80:	920c      	str	r2, [sp, #48]	@ 0x30
10004a82:	cb0c      	ldmia	r3, {r2, r3}
10004a84:	0fd9      	lsrs	r1, r3, #31
10004a86:	910f      	str	r1, [sp, #60]	@ 0x3c
10004a88:	0011      	movs	r1, r2
10004a8a:	4319      	orrs	r1, r3
10004a8c:	d100      	bne.n	10004a90 <_vsnprintf+0x798>
10004a8e:	e091      	b.n	10004bb4 <_vsnprintf+0x8bc>
10004a90:	17d9      	asrs	r1, r3, #31
10004a92:	9113      	str	r1, [sp, #76]	@ 0x4c
10004a94:	9112      	str	r1, [sp, #72]	@ 0x48
10004a96:	4051      	eors	r1, r2
10004a98:	9110      	str	r1, [sp, #64]	@ 0x40
10004a9a:	9913      	ldr	r1, [sp, #76]	@ 0x4c
10004a9c:	4059      	eors	r1, r3
10004a9e:	9111      	str	r1, [sp, #68]	@ 0x44
10004aa0:	9810      	ldr	r0, [sp, #64]	@ 0x40
10004aa2:	9911      	ldr	r1, [sp, #68]	@ 0x44
10004aa4:	9a12      	ldr	r2, [sp, #72]	@ 0x48
10004aa6:	9b13      	ldr	r3, [sp, #76]	@ 0x4c
10004aa8:	1a80      	subs	r0, r0, r2
10004aaa:	4199      	sbcs	r1, r3
10004aac:	9010      	str	r0, [sp, #64]	@ 0x40
10004aae:	9111      	str	r1, [sp, #68]	@ 0x44
10004ab0:	aa14      	add	r2, sp, #80	@ 0x50
10004ab2:	2300      	movs	r3, #0
10004ab4:	4694      	mov	ip, r2
10004ab6:	4642      	mov	r2, r8
10004ab8:	4699      	mov	r9, r3
10004aba:	9214      	str	r2, [sp, #80]	@ 0x50
10004abc:	4652      	mov	r2, sl
10004abe:	331f      	adds	r3, #31
10004ac0:	4463      	add	r3, ip
10004ac2:	46a8      	mov	r8, r5
10004ac4:	46b2      	mov	sl, r6
10004ac6:	9416      	str	r4, [sp, #88]	@ 0x58
10004ac8:	464e      	mov	r6, r9
10004aca:	9c10      	ldr	r4, [sp, #64]	@ 0x40
10004acc:	9d11      	ldr	r5, [sp, #68]	@ 0x44
10004ace:	46b9      	mov	r9, r7
10004ad0:	9215      	str	r2, [sp, #84]	@ 0x54
10004ad2:	001f      	movs	r7, r3
10004ad4:	e001      	b.n	10004ada <_vsnprintf+0x7e2>
10004ad6:	2e20      	cmp	r6, #32
10004ad8:	d010      	beq.n	10004afc <_vsnprintf+0x804>
10004ada:	0020      	movs	r0, r4
10004adc:	0029      	movs	r1, r5
10004ade:	220a      	movs	r2, #10
10004ae0:	2300      	movs	r3, #0
10004ae2:	f7fe f993 	bl	10002e0c <__wrap___aeabi_uldivmod>
10004ae6:	3601      	adds	r6, #1
10004ae8:	3230      	adds	r2, #48	@ 0x30
10004aea:	002b      	movs	r3, r5
10004aec:	55ba      	strb	r2, [r7, r6]
10004aee:	000d      	movs	r5, r1
10004af0:	0022      	movs	r2, r4
10004af2:	0004      	movs	r4, r0
10004af4:	2b00      	cmp	r3, #0
10004af6:	d1ee      	bne.n	10004ad6 <_vsnprintf+0x7de>
10004af8:	2a09      	cmp	r2, #9
10004afa:	d8ec      	bhi.n	10004ad6 <_vsnprintf+0x7de>
10004afc:	9b14      	ldr	r3, [sp, #80]	@ 0x50
10004afe:	9410      	str	r4, [sp, #64]	@ 0x40
10004b00:	9511      	str	r5, [sp, #68]	@ 0x44
10004b02:	4645      	mov	r5, r8
10004b04:	4698      	mov	r8, r3
10004b06:	9b15      	ldr	r3, [sp, #84]	@ 0x54
10004b08:	464f      	mov	r7, r9
10004b0a:	46b1      	mov	r9, r6
10004b0c:	4656      	mov	r6, sl
10004b0e:	469a      	mov	sl, r3
10004b10:	9c16      	ldr	r4, [sp, #88]	@ 0x58
10004b12:	9b0d      	ldr	r3, [sp, #52]	@ 0x34
10004b14:	9306      	str	r3, [sp, #24]
10004b16:	4643      	mov	r3, r8
10004b18:	9305      	str	r3, [sp, #20]
10004b1a:	4653      	mov	r3, sl
10004b1c:	9304      	str	r3, [sp, #16]
10004b1e:	230a      	movs	r3, #10
10004b20:	9303      	str	r3, [sp, #12]
10004b22:	9b0f      	ldr	r3, [sp, #60]	@ 0x3c
10004b24:	9302      	str	r3, [sp, #8]
10004b26:	464b      	mov	r3, r9
10004b28:	9301      	str	r3, [sp, #4]
10004b2a:	ab1c      	add	r3, sp, #112	@ 0x70
10004b2c:	0022      	movs	r2, r4
10004b2e:	9300      	str	r3, [sp, #0]
10004b30:	4659      	mov	r1, fp
10004b32:	003b      	movs	r3, r7
10004b34:	0028      	movs	r0, r5
10004b36:	f7fe fdd7 	bl	100036e8 <_ntoa_format>
10004b3a:	0004      	movs	r4, r0
10004b3c:	f7ff fc04 	bl	10004348 <_vsnprintf+0x50>
10004b40:	9b0f      	ldr	r3, [sp, #60]	@ 0x3c
10004b42:	4598      	cmp	r8, r3
10004b44:	d800      	bhi.n	10004b48 <_vsnprintf+0x850>
10004b46:	e1c1      	b.n	10004ecc <_vsnprintf+0xbd4>
10004b48:	2380      	movs	r3, #128	@ 0x80
10004b4a:	00db      	lsls	r3, r3, #3
10004b4c:	930d      	str	r3, [sp, #52]	@ 0x34
10004b4e:	4643      	mov	r3, r8
10004b50:	9a0f      	ldr	r2, [sp, #60]	@ 0x3c
10004b52:	191b      	adds	r3, r3, r4
10004b54:	1a9b      	subs	r3, r3, r2
10004b56:	4699      	mov	r9, r3
10004b58:	0033      	movs	r3, r6
10004b5a:	002e      	movs	r6, r5
10004b5c:	464d      	mov	r5, r9
10004b5e:	46b9      	mov	r9, r7
10004b60:	465f      	mov	r7, fp
10004b62:	469b      	mov	fp, r3
10004b64:	910c      	str	r1, [sp, #48]	@ 0x30
10004b66:	0022      	movs	r2, r4
10004b68:	464b      	mov	r3, r9
10004b6a:	3401      	adds	r4, #1
10004b6c:	0039      	movs	r1, r7
10004b6e:	2020      	movs	r0, #32
10004b70:	47b0      	blx	r6
10004b72:	42ac      	cmp	r4, r5
10004b74:	d1f7      	bne.n	10004b66 <_vsnprintf+0x86e>
10004b76:	4643      	mov	r3, r8
10004b78:	990c      	ldr	r1, [sp, #48]	@ 0x30
10004b7a:	3301      	adds	r3, #1
10004b7c:	930f      	str	r3, [sp, #60]	@ 0x3c
10004b7e:	780b      	ldrb	r3, [r1, #0]
10004b80:	0035      	movs	r5, r6
10004b82:	930c      	str	r3, [sp, #48]	@ 0x30
10004b84:	465e      	mov	r6, fp
10004b86:	46bb      	mov	fp, r7
10004b88:	464f      	mov	r7, r9
10004b8a:	2b00      	cmp	r3, #0
10004b8c:	d100      	bne.n	10004b90 <_vsnprintf+0x898>
10004b8e:	e50e      	b.n	100045ae <_vsnprintf+0x2b6>
10004b90:	9b0d      	ldr	r3, [sp, #52]	@ 0x34
10004b92:	2b00      	cmp	r3, #0
10004b94:	d100      	bne.n	10004b98 <_vsnprintf+0x8a0>
10004b96:	e4f6      	b.n	10004586 <_vsnprintf+0x28e>
10004b98:	2300      	movs	r3, #0
10004b9a:	e619      	b.n	100047d0 <_vsnprintf+0x4d8>
10004b9c:	9b0c      	ldr	r3, [sp, #48]	@ 0x30
10004b9e:	781b      	ldrb	r3, [r3, #0]
10004ba0:	001a      	movs	r2, r3
10004ba2:	e715      	b.n	100049d0 <_vsnprintf+0x6d8>
10004ba4:	2310      	movs	r3, #16
10004ba6:	439a      	bics	r2, r3
10004ba8:	920d      	str	r2, [sp, #52]	@ 0x34
10004baa:	e6ef      	b.n	1000498c <_vsnprintf+0x694>
10004bac:	9b0c      	ldr	r3, [sp, #48]	@ 0x30
10004bae:	781b      	ldrb	r3, [r3, #0]
10004bb0:	9309      	str	r3, [sp, #36]	@ 0x24
10004bb2:	e661      	b.n	10004878 <_vsnprintf+0x580>
10004bb4:	2300      	movs	r3, #0
10004bb6:	4699      	mov	r9, r3
10004bb8:	2800      	cmp	r0, #0
10004bba:	d1aa      	bne.n	10004b12 <_vsnprintf+0x81a>
10004bbc:	2200      	movs	r2, #0
10004bbe:	2300      	movs	r3, #0
10004bc0:	9210      	str	r2, [sp, #64]	@ 0x40
10004bc2:	9311      	str	r3, [sp, #68]	@ 0x44
10004bc4:	e774      	b.n	10004ab0 <_vsnprintf+0x7b8>
10004bc6:	9b0c      	ldr	r3, [sp, #48]	@ 0x30
10004bc8:	0022      	movs	r2, r4
10004bca:	7818      	ldrb	r0, [r3, #0]
10004bcc:	4659      	mov	r1, fp
10004bce:	003b      	movs	r3, r7
10004bd0:	47a8      	blx	r5
10004bd2:	464c      	mov	r4, r9
10004bd4:	e58b      	b.n	100046ee <_vsnprintf+0x3f6>
10004bd6:	9a0c      	ldr	r2, [sp, #48]	@ 0x30
10004bd8:	3bfa      	subs	r3, #250	@ 0xfa
10004bda:	3bff      	subs	r3, #255	@ 0xff
10004bdc:	3207      	adds	r2, #7
10004bde:	439a      	bics	r2, r3
10004be0:	3301      	adds	r3, #1
10004be2:	4699      	mov	r9, r3
10004be4:	4491      	add	r9, r2
10004be6:	464b      	mov	r3, r9
10004be8:	930c      	str	r3, [sp, #48]	@ 0x30
10004bea:	6813      	ldr	r3, [r2, #0]
10004bec:	6852      	ldr	r2, [r2, #4]
10004bee:	9215      	str	r2, [sp, #84]	@ 0x54
10004bf0:	431a      	orrs	r2, r3
10004bf2:	d106      	bne.n	10004c02 <_vsnprintf+0x90a>
10004bf4:	3210      	adds	r2, #16
10004bf6:	4390      	bics	r0, r2
10004bf8:	2200      	movs	r2, #0
10004bfa:	9209      	str	r2, [sp, #36]	@ 0x24
10004bfc:	2900      	cmp	r1, #0
10004bfe:	d000      	beq.n	10004c02 <_vsnprintf+0x90a>
10004c00:	e081      	b.n	10004d06 <_vsnprintf+0xa0e>
10004c02:	2261      	movs	r2, #97	@ 0x61
10004c04:	0681      	lsls	r1, r0, #26
10004c06:	d500      	bpl.n	10004c0a <_vsnprintf+0x912>
10004c08:	2241      	movs	r2, #65	@ 0x41
10004c0a:	b2d2      	uxtb	r2, r2
10004c0c:	920a      	str	r2, [sp, #40]	@ 0x28
10004c0e:	aa14      	add	r2, sp, #80	@ 0x50
10004c10:	4691      	mov	r9, r2
10004c12:	9a0a      	ldr	r2, [sp, #40]	@ 0x28
10004c14:	2100      	movs	r1, #0
10004c16:	3a0a      	subs	r2, #10
10004c18:	9214      	str	r2, [sp, #80]	@ 0x50
10004c1a:	4642      	mov	r2, r8
10004c1c:	9217      	str	r2, [sp, #92]	@ 0x5c
10004c1e:	4652      	mov	r2, sl
10004c20:	9218      	str	r2, [sp, #96]	@ 0x60
10004c22:	465a      	mov	r2, fp
10004c24:	9109      	str	r1, [sp, #36]	@ 0x24
10004c26:	46b3      	mov	fp, r6
10004c28:	311f      	adds	r1, #31
10004c2a:	001e      	movs	r6, r3
10004c2c:	9b0f      	ldr	r3, [sp, #60]	@ 0x3c
10004c2e:	4449      	add	r1, r9
10004c30:	46ba      	mov	sl, r7
10004c32:	9419      	str	r4, [sp, #100]	@ 0x64
10004c34:	951a      	str	r5, [sp, #104]	@ 0x68
10004c36:	2400      	movs	r4, #0
10004c38:	4667      	mov	r7, ip
10004c3a:	4698      	mov	r8, r3
10004c3c:	4689      	mov	r9, r1
10004c3e:	9d15      	ldr	r5, [sp, #84]	@ 0x54
10004c40:	9016      	str	r0, [sp, #88]	@ 0x58
10004c42:	921b      	str	r2, [sp, #108]	@ 0x6c
10004c44:	e00a      	b.n	10004c5c <_vsnprintf+0x964>
10004c46:	3230      	adds	r2, #48	@ 0x30
10004c48:	b2d2      	uxtb	r2, r2
10004c4a:	464b      	mov	r3, r9
10004c4c:	3401      	adds	r4, #1
10004c4e:	551a      	strb	r2, [r3, r4]
10004c50:	45a8      	cmp	r8, r5
10004c52:	d04a      	beq.n	10004cea <_vsnprintf+0x9f2>
10004c54:	2c20      	cmp	r4, #32
10004c56:	d04a      	beq.n	10004cee <_vsnprintf+0x9f6>
10004c58:	0006      	movs	r6, r0
10004c5a:	000d      	movs	r5, r1
10004c5c:	003a      	movs	r2, r7
10004c5e:	2300      	movs	r3, #0
10004c60:	0030      	movs	r0, r6
10004c62:	0029      	movs	r1, r5
10004c64:	f7fe f8d2 	bl	10002e0c <__wrap___aeabi_uldivmod>
10004c68:	b2d2      	uxtb	r2, r2
10004c6a:	2a09      	cmp	r2, #9
10004c6c:	d9eb      	bls.n	10004c46 <_vsnprintf+0x94e>
10004c6e:	9b14      	ldr	r3, [sp, #80]	@ 0x50
10004c70:	469c      	mov	ip, r3
10004c72:	4462      	add	r2, ip
10004c74:	b2d2      	uxtb	r2, r2
10004c76:	e7e8      	b.n	10004c4a <_vsnprintf+0x952>
10004c78:	2361      	movs	r3, #97	@ 0x61
10004c7a:	0682      	lsls	r2, r0, #26
10004c7c:	d500      	bpl.n	10004c80 <_vsnprintf+0x988>
10004c7e:	2341      	movs	r3, #65	@ 0x41
10004c80:	b2db      	uxtb	r3, r3
10004c82:	3b0a      	subs	r3, #10
10004c84:	930c      	str	r3, [sp, #48]	@ 0x30
10004c86:	4643      	mov	r3, r8
10004c88:	a914      	add	r1, sp, #80	@ 0x50
10004c8a:	221f      	movs	r2, #31
10004c8c:	468c      	mov	ip, r1
10004c8e:	9315      	str	r3, [sp, #84]	@ 0x54
10004c90:	4653      	mov	r3, sl
10004c92:	4462      	add	r2, ip
10004c94:	46a0      	mov	r8, r4
10004c96:	46b2      	mov	sl, r6
10004c98:	464c      	mov	r4, r9
10004c9a:	9717      	str	r7, [sp, #92]	@ 0x5c
10004c9c:	46a9      	mov	r9, r5
10004c9e:	0017      	movs	r7, r2
10004ca0:	9d09      	ldr	r5, [sp, #36]	@ 0x24
10004ca2:	9e0d      	ldr	r6, [sp, #52]	@ 0x34
10004ca4:	9014      	str	r0, [sp, #80]	@ 0x50
10004ca6:	9316      	str	r3, [sp, #88]	@ 0x58
10004ca8:	e008      	b.n	10004cbc <_vsnprintf+0x9c4>
10004caa:	3330      	adds	r3, #48	@ 0x30
10004cac:	b2db      	uxtb	r3, r3
10004cae:	3401      	adds	r4, #1
10004cb0:	553b      	strb	r3, [r7, r4]
10004cb2:	42b5      	cmp	r5, r6
10004cb4:	d30e      	bcc.n	10004cd4 <_vsnprintf+0x9dc>
10004cb6:	2c20      	cmp	r4, #32
10004cb8:	d00c      	beq.n	10004cd4 <_vsnprintf+0x9dc>
10004cba:	0005      	movs	r5, r0
10004cbc:	0031      	movs	r1, r6
10004cbe:	0028      	movs	r0, r5
10004cc0:	f7fe f866 	bl	10002d90 <__wrap___aeabi_uidiv>
10004cc4:	b2cb      	uxtb	r3, r1
10004cc6:	2909      	cmp	r1, #9
10004cc8:	d9ef      	bls.n	10004caa <_vsnprintf+0x9b2>
10004cca:	9a0c      	ldr	r2, [sp, #48]	@ 0x30
10004ccc:	4694      	mov	ip, r2
10004cce:	4463      	add	r3, ip
10004cd0:	b2db      	uxtb	r3, r3
10004cd2:	e7ec      	b.n	10004cae <_vsnprintf+0x9b6>
10004cd4:	9b15      	ldr	r3, [sp, #84]	@ 0x54
10004cd6:	464d      	mov	r5, r9
10004cd8:	46a1      	mov	r9, r4
10004cda:	4644      	mov	r4, r8
10004cdc:	4698      	mov	r8, r3
10004cde:	9b16      	ldr	r3, [sp, #88]	@ 0x58
10004ce0:	4656      	mov	r6, sl
10004ce2:	9814      	ldr	r0, [sp, #80]	@ 0x50
10004ce4:	469a      	mov	sl, r3
10004ce6:	9f17      	ldr	r7, [sp, #92]	@ 0x5c
10004ce8:	e5d0      	b.n	1000488c <_vsnprintf+0x594>
10004cea:	42b7      	cmp	r7, r6
10004cec:	d9b2      	bls.n	10004c54 <_vsnprintf+0x95c>
10004cee:	9b17      	ldr	r3, [sp, #92]	@ 0x5c
10004cf0:	4657      	mov	r7, sl
10004cf2:	4698      	mov	r8, r3
10004cf4:	9b18      	ldr	r3, [sp, #96]	@ 0x60
10004cf6:	465e      	mov	r6, fp
10004cf8:	469a      	mov	sl, r3
10004cfa:	9b1b      	ldr	r3, [sp, #108]	@ 0x6c
10004cfc:	9409      	str	r4, [sp, #36]	@ 0x24
10004cfe:	469b      	mov	fp, r3
10004d00:	9816      	ldr	r0, [sp, #88]	@ 0x58
10004d02:	9c19      	ldr	r4, [sp, #100]	@ 0x64
10004d04:	9d1a      	ldr	r5, [sp, #104]	@ 0x68
10004d06:	4643      	mov	r3, r8
10004d08:	9305      	str	r3, [sp, #20]
10004d0a:	4653      	mov	r3, sl
10004d0c:	9304      	str	r3, [sp, #16]
10004d0e:	9b0d      	ldr	r3, [sp, #52]	@ 0x34
10004d10:	9006      	str	r0, [sp, #24]
10004d12:	9303      	str	r3, [sp, #12]
10004d14:	2300      	movs	r3, #0
10004d16:	9302      	str	r3, [sp, #8]
10004d18:	9b09      	ldr	r3, [sp, #36]	@ 0x24
10004d1a:	e705      	b.n	10004b28 <_vsnprintf+0x830>
10004d1c:	9b0f      	ldr	r3, [sp, #60]	@ 0x3c
10004d1e:	4598      	cmp	r8, r3
10004d20:	d900      	bls.n	10004d24 <_vsnprintf+0xa2c>
10004d22:	e714      	b.n	10004b4e <_vsnprintf+0x856>
10004d24:	3301      	adds	r3, #1
10004d26:	930f      	str	r3, [sp, #60]	@ 0x3c
10004d28:	e42d      	b.n	10004586 <_vsnprintf+0x28e>
10004d2a:	2310      	movs	r3, #16
10004d2c:	0011      	movs	r1, r2
10004d2e:	4399      	bics	r1, r3
10004d30:	910d      	str	r1, [sp, #52]	@ 0x34
10004d32:	2869      	cmp	r0, #105	@ 0x69
10004d34:	d000      	beq.n	10004d38 <_vsnprintf+0xa40>
10004d36:	e0ba      	b.n	10004eae <_vsnprintf+0xbb6>
10004d38:	2380      	movs	r3, #128	@ 0x80
10004d3a:	0010      	movs	r0, r2
10004d3c:	00db      	lsls	r3, r3, #3
10004d3e:	4018      	ands	r0, r3
10004d40:	421a      	tst	r2, r3
10004d42:	d100      	bne.n	10004d46 <_vsnprintf+0xa4e>
10004d44:	e622      	b.n	1000498c <_vsnprintf+0x694>
10004d46:	e61d      	b.n	10004984 <_vsnprintf+0x68c>
10004d48:	9b0c      	ldr	r3, [sp, #48]	@ 0x30
10004d4a:	681b      	ldr	r3, [r3, #0]
10004d4c:	0fda      	lsrs	r2, r3, #31
10004d4e:	0011      	movs	r1, r2
10004d50:	2b00      	cmp	r3, #0
10004d52:	d100      	bne.n	10004d56 <_vsnprintf+0xa5e>
10004d54:	e08c      	b.n	10004e70 <_vsnprintf+0xb78>
10004d56:	17da      	asrs	r2, r3, #31
10004d58:	1898      	adds	r0, r3, r2
10004d5a:	4050      	eors	r0, r2
10004d5c:	aa14      	add	r2, sp, #80	@ 0x50
10004d5e:	4691      	mov	r9, r2
10004d60:	4642      	mov	r2, r8
10004d62:	231f      	movs	r3, #31
10004d64:	9214      	str	r2, [sp, #80]	@ 0x50
10004d66:	4652      	mov	r2, sl
10004d68:	444b      	add	r3, r9
10004d6a:	46a0      	mov	r8, r4
10004d6c:	46a9      	mov	r9, r5
10004d6e:	9716      	str	r7, [sp, #88]	@ 0x58
10004d70:	0004      	movs	r4, r0
10004d72:	4665      	mov	r5, ip
10004d74:	46b2      	mov	sl, r6
10004d76:	001f      	movs	r7, r3
10004d78:	910c      	str	r1, [sp, #48]	@ 0x30
10004d7a:	9215      	str	r2, [sp, #84]	@ 0x54
10004d7c:	e001      	b.n	10004d82 <_vsnprintf+0xa8a>
10004d7e:	2d20      	cmp	r5, #32
10004d80:	d00f      	beq.n	10004da2 <_vsnprintf+0xaaa>
10004d82:	0020      	movs	r0, r4
10004d84:	210a      	movs	r1, #10
10004d86:	f7fe f803 	bl	10002d90 <__wrap___aeabi_uidiv>
10004d8a:	3501      	adds	r5, #1
10004d8c:	197e      	adds	r6, r7, r5
10004d8e:	3130      	adds	r1, #48	@ 0x30
10004d90:	7031      	strb	r1, [r6, #0]
10004d92:	0020      	movs	r0, r4
10004d94:	210a      	movs	r1, #10
10004d96:	f7fd fffb 	bl	10002d90 <__wrap___aeabi_uidiv>
10004d9a:	0026      	movs	r6, r4
10004d9c:	0004      	movs	r4, r0
10004d9e:	2e09      	cmp	r6, #9
10004da0:	d8ed      	bhi.n	10004d7e <_vsnprintf+0xa86>
10004da2:	9b14      	ldr	r3, [sp, #80]	@ 0x50
10004da4:	4644      	mov	r4, r8
10004da6:	4698      	mov	r8, r3
10004da8:	9b0c      	ldr	r3, [sp, #48]	@ 0x30
10004daa:	46ac      	mov	ip, r5
10004dac:	0019      	movs	r1, r3
10004dae:	9b15      	ldr	r3, [sp, #84]	@ 0x54
10004db0:	4656      	mov	r6, sl
10004db2:	464d      	mov	r5, r9
10004db4:	469a      	mov	sl, r3
10004db6:	9f16      	ldr	r7, [sp, #88]	@ 0x58
10004db8:	9b0d      	ldr	r3, [sp, #52]	@ 0x34
10004dba:	9102      	str	r1, [sp, #8]
10004dbc:	9306      	str	r3, [sp, #24]
10004dbe:	4643      	mov	r3, r8
10004dc0:	9305      	str	r3, [sp, #20]
10004dc2:	4653      	mov	r3, sl
10004dc4:	9304      	str	r3, [sp, #16]
10004dc6:	230a      	movs	r3, #10
10004dc8:	9303      	str	r3, [sp, #12]
10004dca:	4663      	mov	r3, ip
10004dcc:	e63c      	b.n	10004a48 <_vsnprintf+0x750>
10004dce:	2800      	cmp	r0, #0
10004dd0:	d000      	beq.n	10004dd4 <_vsnprintf+0xadc>
10004dd2:	e62e      	b.n	10004a32 <_vsnprintf+0x73a>
10004dd4:	e602      	b.n	100049dc <_vsnprintf+0x6e4>
10004dd6:	9b0c      	ldr	r3, [sp, #48]	@ 0x30
10004dd8:	681b      	ldr	r3, [r3, #0]
10004dda:	4699      	mov	r9, r3
10004ddc:	2b00      	cmp	r3, #0
10004dde:	d103      	bne.n	10004de8 <_vsnprintf+0xaf0>
10004de0:	3310      	adds	r3, #16
10004de2:	4398      	bics	r0, r3
10004de4:	2900      	cmp	r1, #0
10004de6:	d138      	bne.n	10004e5a <_vsnprintf+0xb62>
10004de8:	2361      	movs	r3, #97	@ 0x61
10004dea:	0682      	lsls	r2, r0, #26
10004dec:	d500      	bpl.n	10004df0 <_vsnprintf+0xaf8>
10004dee:	2341      	movs	r3, #65	@ 0x41
10004df0:	b2db      	uxtb	r3, r3
10004df2:	3b0a      	subs	r3, #10
10004df4:	930c      	str	r3, [sp, #48]	@ 0x30
10004df6:	4643      	mov	r3, r8
10004df8:	9316      	str	r3, [sp, #88]	@ 0x58
10004dfa:	4653      	mov	r3, sl
10004dfc:	a914      	add	r1, sp, #80	@ 0x50
10004dfe:	221f      	movs	r2, #31
10004e00:	468c      	mov	ip, r1
10004e02:	9317      	str	r3, [sp, #92]	@ 0x5c
10004e04:	002b      	movs	r3, r5
10004e06:	4462      	add	r2, ip
10004e08:	46a0      	mov	r8, r4
10004e0a:	464d      	mov	r5, r9
10004e0c:	46b2      	mov	sl, r6
10004e0e:	9718      	str	r7, [sp, #96]	@ 0x60
10004e10:	4699      	mov	r9, r3
10004e12:	0017      	movs	r7, r2
10004e14:	9c14      	ldr	r4, [sp, #80]	@ 0x50
10004e16:	9e0d      	ldr	r6, [sp, #52]	@ 0x34
10004e18:	9015      	str	r0, [sp, #84]	@ 0x54
10004e1a:	e008      	b.n	10004e2e <_vsnprintf+0xb36>
10004e1c:	3330      	adds	r3, #48	@ 0x30
10004e1e:	b2db      	uxtb	r3, r3
10004e20:	3401      	adds	r4, #1
10004e22:	553b      	strb	r3, [r7, r4]
10004e24:	42b5      	cmp	r5, r6
10004e26:	d30e      	bcc.n	10004e46 <_vsnprintf+0xb4e>
10004e28:	2c20      	cmp	r4, #32
10004e2a:	d00c      	beq.n	10004e46 <_vsnprintf+0xb4e>
10004e2c:	0005      	movs	r5, r0
10004e2e:	0031      	movs	r1, r6
10004e30:	0028      	movs	r0, r5
10004e32:	f7fd ffad 	bl	10002d90 <__wrap___aeabi_uidiv>
10004e36:	b2cb      	uxtb	r3, r1
10004e38:	2909      	cmp	r1, #9
10004e3a:	d9ef      	bls.n	10004e1c <_vsnprintf+0xb24>
10004e3c:	9a0c      	ldr	r2, [sp, #48]	@ 0x30
10004e3e:	4694      	mov	ip, r2
10004e40:	4463      	add	r3, ip
10004e42:	b2db      	uxtb	r3, r3
10004e44:	e7ec      	b.n	10004e20 <_vsnprintf+0xb28>
10004e46:	9b16      	ldr	r3, [sp, #88]	@ 0x58
10004e48:	9414      	str	r4, [sp, #80]	@ 0x50
10004e4a:	4644      	mov	r4, r8
10004e4c:	4698      	mov	r8, r3
10004e4e:	9b17      	ldr	r3, [sp, #92]	@ 0x5c
10004e50:	4656      	mov	r6, sl
10004e52:	464d      	mov	r5, r9
10004e54:	469a      	mov	sl, r3
10004e56:	9815      	ldr	r0, [sp, #84]	@ 0x54
10004e58:	9f18      	ldr	r7, [sp, #96]	@ 0x60
10004e5a:	4643      	mov	r3, r8
10004e5c:	9305      	str	r3, [sp, #20]
10004e5e:	4653      	mov	r3, sl
10004e60:	9304      	str	r3, [sp, #16]
10004e62:	9b0d      	ldr	r3, [sp, #52]	@ 0x34
10004e64:	9006      	str	r0, [sp, #24]
10004e66:	9303      	str	r3, [sp, #12]
10004e68:	2300      	movs	r3, #0
10004e6a:	9302      	str	r3, [sp, #8]
10004e6c:	9b14      	ldr	r3, [sp, #80]	@ 0x50
10004e6e:	e5eb      	b.n	10004a48 <_vsnprintf+0x750>
10004e70:	2800      	cmp	r0, #0
10004e72:	d1a1      	bne.n	10004db8 <_vsnprintf+0xac0>
10004e74:	e772      	b.n	10004d5c <_vsnprintf+0xa64>
10004e76:	9b0c      	ldr	r3, [sp, #48]	@ 0x30
10004e78:	681b      	ldr	r3, [r3, #0]
10004e7a:	17d9      	asrs	r1, r3, #31
10004e7c:	185a      	adds	r2, r3, r1
10004e7e:	404a      	eors	r2, r1
10004e80:	e5a6      	b.n	100049d0 <_vsnprintf+0x6d8>
10004e82:	2380      	movs	r3, #128	@ 0x80
10004e84:	0010      	movs	r0, r2
10004e86:	00db      	lsls	r3, r3, #3
10004e88:	4018      	ands	r0, r3
10004e8a:	469c      	mov	ip, r3
10004e8c:	900f      	str	r0, [sp, #60]	@ 0x3c
10004e8e:	421a      	tst	r2, r3
10004e90:	d00f      	beq.n	10004eb2 <_vsnprintf+0xbba>
10004e92:	2002      	movs	r0, #2
10004e94:	0003      	movs	r3, r0
10004e96:	4013      	ands	r3, r2
10004e98:	930f      	str	r3, [sp, #60]	@ 0x3c
10004e9a:	4210      	tst	r0, r2
10004e9c:	d019      	beq.n	10004ed2 <_vsnprintf+0xbda>
10004e9e:	2300      	movs	r3, #0
10004ea0:	46a1      	mov	r9, r4
10004ea2:	930f      	str	r3, [sp, #60]	@ 0x3c
10004ea4:	e54c      	b.n	10004940 <_vsnprintf+0x648>
10004ea6:	9b0c      	ldr	r3, [sp, #48]	@ 0x30
10004ea8:	681b      	ldr	r3, [r3, #0]
10004eaa:	9309      	str	r3, [sp, #36]	@ 0x24
10004eac:	e4e4      	b.n	10004878 <_vsnprintf+0x580>
10004eae:	000a      	movs	r2, r1
10004eb0:	e434      	b.n	1000471c <_vsnprintf+0x424>
10004eb2:	2302      	movs	r3, #2
10004eb4:	0018      	movs	r0, r3
10004eb6:	4010      	ands	r0, r2
10004eb8:	900d      	str	r0, [sp, #52]	@ 0x34
10004eba:	4213      	tst	r3, r2
10004ebc:	d000      	beq.n	10004ec0 <_vsnprintf+0xbc8>
10004ebe:	e53e      	b.n	1000493e <_vsnprintf+0x646>
10004ec0:	4643      	mov	r3, r8
10004ec2:	2b00      	cmp	r3, #0
10004ec4:	d000      	beq.n	10004ec8 <_vsnprintf+0xbd0>
10004ec6:	e642      	b.n	10004b4e <_vsnprintf+0x856>
10004ec8:	f7ff fb71 	bl	100045ae <_vsnprintf+0x2b6>
10004ecc:	3301      	adds	r3, #1
10004ece:	930f      	str	r3, [sp, #60]	@ 0x3c
10004ed0:	e47f      	b.n	100047d2 <_vsnprintf+0x4da>
10004ed2:	4663      	mov	r3, ip
10004ed4:	930d      	str	r3, [sp, #52]	@ 0x34
10004ed6:	e7f3      	b.n	10004ec0 <_vsnprintf+0xbc8>

10004ed8 <vfctprintf>:
10004ed8:	b510      	push	{r4, lr}
10004eda:	000c      	movs	r4, r1
10004edc:	b084      	sub	sp, #16
10004ede:	9403      	str	r4, [sp, #12]
10004ee0:	2401      	movs	r4, #1
10004ee2:	a902      	add	r1, sp, #8
10004ee4:	9002      	str	r0, [sp, #8]
10004ee6:	9300      	str	r3, [sp, #0]
10004ee8:	4803      	ldr	r0, [pc, #12]	@ (10004ef8 <vfctprintf+0x20>)
10004eea:	0013      	movs	r3, r2
10004eec:	4262      	negs	r2, r4
10004eee:	f7ff fa03 	bl	100042f8 <_vsnprintf>
10004ef2:	b004      	add	sp, #16
10004ef4:	bd10      	pop	{r4, pc}
10004ef6:	46c0      	nop			@ (mov r8, r8)
10004ef8:	100038c5 	.word	0x100038c5

10004efc <weak_raw_vprintf>:
10004efc:	b510      	push	{r4, lr}
10004efe:	4a09      	ldr	r2, [pc, #36]	@ (10004f24 <weak_raw_vprintf+0x28>)
10004f00:	0003      	movs	r3, r0
10004f02:	6814      	ldr	r4, [r2, #0]
10004f04:	b084      	sub	sp, #16
10004f06:	2c00      	cmp	r4, #0
10004f08:	d008      	beq.n	10004f1c <weak_raw_vprintf+0x20>
10004f0a:	2201      	movs	r2, #1
10004f0c:	9100      	str	r1, [sp, #0]
10004f0e:	4806      	ldr	r0, [pc, #24]	@ (10004f28 <weak_raw_vprintf+0x2c>)
10004f10:	4252      	negs	r2, r2
10004f12:	a903      	add	r1, sp, #12
10004f14:	47a0      	blx	r4
10004f16:	2001      	movs	r0, #1
10004f18:	b004      	add	sp, #16
10004f1a:	bd10      	pop	{r4, pc}
10004f1c:	f000 f9b4 	bl	10005288 <__wrap_puts>
10004f20:	2000      	movs	r0, #0
10004f22:	e7f9      	b.n	10004f18 <weak_raw_vprintf+0x1c>
10004f24:	20004110 	.word	0x20004110
10004f28:	100038b5 	.word	0x100038b5

10004f2c <_exit>:
10004f2c:	be00      	bkpt	0x0000
10004f2e:	e7fd      	b.n	10004f2c <_exit>

10004f30 <_sbrk>:
10004f30:	4a09      	ldr	r2, [pc, #36]	@ (10004f58 <_sbrk+0x28>)
10004f32:	0003      	movs	r3, r0
10004f34:	6810      	ldr	r0, [r2, #0]
10004f36:	2800      	cmp	r0, #0
10004f38:	d005      	beq.n	10004f46 <_sbrk+0x16>
10004f3a:	4908      	ldr	r1, [pc, #32]	@ (10004f5c <_sbrk+0x2c>)
10004f3c:	18c3      	adds	r3, r0, r3
10004f3e:	428b      	cmp	r3, r1
10004f40:	d807      	bhi.n	10004f52 <_sbrk+0x22>
10004f42:	6013      	str	r3, [r2, #0]
10004f44:	4770      	bx	lr
10004f46:	4806      	ldr	r0, [pc, #24]	@ (10004f60 <_sbrk+0x30>)
10004f48:	4904      	ldr	r1, [pc, #16]	@ (10004f5c <_sbrk+0x2c>)
10004f4a:	18c3      	adds	r3, r0, r3
10004f4c:	6010      	str	r0, [r2, #0]
10004f4e:	428b      	cmp	r3, r1
10004f50:	d9f7      	bls.n	10004f42 <_sbrk+0x12>
10004f52:	2001      	movs	r0, #1
10004f54:	4240      	negs	r0, r0
10004f56:	e7f5      	b.n	10004f44 <_sbrk+0x14>
10004f58:	200040fc 	.word	0x200040fc
10004f5c:	20040000 	.word	0x20040000
10004f60:	20004274 	.word	0x20004274

10004f64 <exit>:
10004f64:	b510      	push	{r4, lr}
10004f66:	f7ff ffe1 	bl	10004f2c <_exit>
10004f6a:	46c0      	nop			@ (mov r8, r8)

10004f6c <runtime_init>:
10004f6c:	b570      	push	{r4, r5, r6, lr}
10004f6e:	f7fd fe0f 	bl	10002b90 <runtime_run_initializers>
10004f72:	4d07      	ldr	r5, [pc, #28]	@ (10004f90 <runtime_init+0x24>)
10004f74:	4e07      	ldr	r6, [pc, #28]	@ (10004f94 <runtime_init+0x28>)
10004f76:	42b5      	cmp	r5, r6
10004f78:	d209      	bcs.n	10004f8e <runtime_init+0x22>
10004f7a:	2400      	movs	r4, #0
10004f7c:	3e01      	subs	r6, #1
10004f7e:	1b76      	subs	r6, r6, r5
10004f80:	08b6      	lsrs	r6, r6, #2
10004f82:	cd08      	ldmia	r5!, {r3}
10004f84:	4798      	blx	r3
10004f86:	0023      	movs	r3, r4
10004f88:	3401      	adds	r4, #1
10004f8a:	42b3      	cmp	r3, r6
10004f8c:	d1f9      	bne.n	10004f82 <runtime_init+0x16>
10004f8e:	bd70      	pop	{r4, r5, r6, pc}
10004f90:	1000b094 	.word	0x1000b094
10004f94:	1000b09c 	.word	0x1000b09c

10004f98 <stdio_out_chars_no_crlf>:
10004f98:	0003      	movs	r3, r0
10004f9a:	b510      	push	{r4, lr}
10004f9c:	0008      	movs	r0, r1
10004f9e:	0011      	movs	r1, r2
10004fa0:	681b      	ldr	r3, [r3, #0]
10004fa2:	4798      	blx	r3
10004fa4:	bd10      	pop	{r4, pc}
10004fa6:	46c0      	nop			@ (mov r8, r8)

10004fa8 <stdio_out_chars_crlf>:
10004fa8:	b5f0      	push	{r4, r5, r6, r7, lr}
10004faa:	46c6      	mov	lr, r8
10004fac:	b500      	push	{lr}
10004fae:	7d43      	ldrb	r3, [r0, #21]
10004fb0:	0007      	movs	r7, r0
10004fb2:	000c      	movs	r4, r1
10004fb4:	0016      	movs	r6, r2
10004fb6:	2b00      	cmp	r3, #0
10004fb8:	d046      	beq.n	10005048 <stdio_out_chars_crlf+0xa0>
10004fba:	2a00      	cmp	r2, #0
10004fbc:	dd17      	ble.n	10004fee <stdio_out_chars_crlf+0x46>
10004fbe:	780b      	ldrb	r3, [r1, #0]
10004fc0:	2b0a      	cmp	r3, #10
10004fc2:	d024      	beq.n	1000500e <stdio_out_chars_crlf+0x66>
10004fc4:	2300      	movs	r3, #0
10004fc6:	4698      	mov	r8, r3
10004fc8:	2e01      	cmp	r6, #1
10004fca:	d013      	beq.n	10004ff4 <stdio_out_chars_crlf+0x4c>
10004fcc:	2501      	movs	r5, #1
10004fce:	0029      	movs	r1, r5
10004fd0:	5c63      	ldrb	r3, [r4, r1]
10004fd2:	3501      	adds	r5, #1
10004fd4:	2b0a      	cmp	r3, #10
10004fd6:	d026      	beq.n	10005026 <stdio_out_chars_crlf+0x7e>
10004fd8:	42b5      	cmp	r5, r6
10004fda:	d1f8      	bne.n	10004fce <stdio_out_chars_crlf+0x26>
10004fdc:	4546      	cmp	r6, r8
10004fde:	dc09      	bgt.n	10004ff4 <stdio_out_chars_crlf+0x4c>
10004fe0:	19a4      	adds	r4, r4, r6
10004fe2:	3c01      	subs	r4, #1
10004fe4:	7823      	ldrb	r3, [r4, #0]
10004fe6:	3b0d      	subs	r3, #13
10004fe8:	425a      	negs	r2, r3
10004fea:	4153      	adcs	r3, r2
10004fec:	753b      	strb	r3, [r7, #20]
10004fee:	bc80      	pop	{r7}
10004ff0:	46b8      	mov	r8, r7
10004ff2:	bdf0      	pop	{r4, r5, r6, r7, pc}
10004ff4:	4643      	mov	r3, r8
10004ff6:	18e0      	adds	r0, r4, r3
10004ff8:	19a4      	adds	r4, r4, r6
10004ffa:	1af1      	subs	r1, r6, r3
10004ffc:	3c01      	subs	r4, #1
10004ffe:	683b      	ldr	r3, [r7, #0]
10005000:	4798      	blx	r3
10005002:	7823      	ldrb	r3, [r4, #0]
10005004:	3b0d      	subs	r3, #13
10005006:	425a      	negs	r2, r3
10005008:	4153      	adcs	r3, r2
1000500a:	753b      	strb	r3, [r7, #20]
1000500c:	e7ef      	b.n	10004fee <stdio_out_chars_crlf+0x46>
1000500e:	7d03      	ldrb	r3, [r0, #20]
10005010:	2b00      	cmp	r3, #0
10005012:	d1d7      	bne.n	10004fc4 <stdio_out_chars_crlf+0x1c>
10005014:	2102      	movs	r1, #2
10005016:	480f      	ldr	r0, [pc, #60]	@ (10005054 <stdio_out_chars_crlf+0xac>)
10005018:	683b      	ldr	r3, [r7, #0]
1000501a:	4798      	blx	r3
1000501c:	2e01      	cmp	r6, #1
1000501e:	d0df      	beq.n	10004fe0 <stdio_out_chars_crlf+0x38>
10005020:	2301      	movs	r3, #1
10005022:	4698      	mov	r8, r3
10005024:	e7d2      	b.n	10004fcc <stdio_out_chars_crlf+0x24>
10005026:	1e63      	subs	r3, r4, #1
10005028:	5c5b      	ldrb	r3, [r3, r1]
1000502a:	2b0d      	cmp	r3, #13
1000502c:	d0d4      	beq.n	10004fd8 <stdio_out_chars_crlf+0x30>
1000502e:	4588      	cmp	r8, r1
10005030:	da04      	bge.n	1000503c <stdio_out_chars_crlf+0x94>
10005032:	4643      	mov	r3, r8
10005034:	1ac9      	subs	r1, r1, r3
10005036:	18e0      	adds	r0, r4, r3
10005038:	683b      	ldr	r3, [r7, #0]
1000503a:	4798      	blx	r3
1000503c:	2102      	movs	r1, #2
1000503e:	4805      	ldr	r0, [pc, #20]	@ (10005054 <stdio_out_chars_crlf+0xac>)
10005040:	683b      	ldr	r3, [r7, #0]
10005042:	46a8      	mov	r8, r5
10005044:	4798      	blx	r3
10005046:	e7c7      	b.n	10004fd8 <stdio_out_chars_crlf+0x30>
10005048:	6803      	ldr	r3, [r0, #0]
1000504a:	0011      	movs	r1, r2
1000504c:	0020      	movs	r0, r4
1000504e:	4798      	blx	r3
10005050:	e7cd      	b.n	10004fee <stdio_out_chars_crlf+0x46>
10005052:	46c0      	nop			@ (mov r8, r8)
10005054:	1000b640 	.word	0x1000b640

10005058 <stdio_buffered_printer>:
10005058:	b5f0      	push	{r4, r5, r6, r7, lr}
1000505a:	46c6      	mov	lr, r8
1000505c:	680b      	ldr	r3, [r1, #0]
1000505e:	0006      	movs	r6, r0
10005060:	000c      	movs	r4, r1
10005062:	b500      	push	{lr}
10005064:	2b80      	cmp	r3, #128	@ 0x80
10005066:	d006      	beq.n	10005076 <stdio_buffered_printer+0x1e>
10005068:	1c5a      	adds	r2, r3, #1
1000506a:	6022      	str	r2, [r4, #0]
1000506c:	18e4      	adds	r4, r4, r3
1000506e:	7126      	strb	r6, [r4, #4]
10005070:	bc80      	pop	{r7}
10005072:	46b8      	mov	r8, r7
10005074:	bdf0      	pop	{r4, r5, r6, r7, pc}
10005076:	4b0f      	ldr	r3, [pc, #60]	@ (100050b4 <stdio_buffered_printer+0x5c>)
10005078:	681d      	ldr	r5, [r3, #0]
1000507a:	2d00      	cmp	r5, #0
1000507c:	d016      	beq.n	100050ac <stdio_buffered_printer+0x54>
1000507e:	1d0b      	adds	r3, r1, #4
10005080:	4698      	mov	r8, r3
10005082:	4f0d      	ldr	r7, [pc, #52]	@ (100050b8 <stdio_buffered_printer+0x60>)
10005084:	e002      	b.n	1000508c <stdio_buffered_printer+0x34>
10005086:	692d      	ldr	r5, [r5, #16]
10005088:	2d00      	cmp	r5, #0
1000508a:	d00f      	beq.n	100050ac <stdio_buffered_printer+0x54>
1000508c:	682b      	ldr	r3, [r5, #0]
1000508e:	2b00      	cmp	r3, #0
10005090:	d0f9      	beq.n	10005086 <stdio_buffered_printer+0x2e>
10005092:	683b      	ldr	r3, [r7, #0]
10005094:	2b00      	cmp	r3, #0
10005096:	d001      	beq.n	1000509c <stdio_buffered_printer+0x44>
10005098:	42ab      	cmp	r3, r5
1000509a:	d1f4      	bne.n	10005086 <stdio_buffered_printer+0x2e>
1000509c:	0028      	movs	r0, r5
1000509e:	4641      	mov	r1, r8
100050a0:	6822      	ldr	r2, [r4, #0]
100050a2:	f7ff ff81 	bl	10004fa8 <stdio_out_chars_crlf>
100050a6:	692d      	ldr	r5, [r5, #16]
100050a8:	2d00      	cmp	r5, #0
100050aa:	d1ef      	bne.n	1000508c <stdio_buffered_printer+0x34>
100050ac:	2201      	movs	r2, #1
100050ae:	2300      	movs	r3, #0
100050b0:	e7db      	b.n	1000506a <stdio_buffered_printer+0x12>
100050b2:	46c0      	nop			@ (mov r8, r8)
100050b4:	20003ef0 	.word	0x20003ef0
100050b8:	200040f8 	.word	0x200040f8

100050bc <stdio_put_string>:
100050bc:	b5f0      	push	{r4, r5, r6, r7, lr}
100050be:	4645      	mov	r5, r8
100050c0:	46de      	mov	lr, fp
100050c2:	464e      	mov	r6, r9
100050c4:	4657      	mov	r7, sl
100050c6:	b5e0      	push	{r5, r6, r7, lr}
100050c8:	b083      	sub	sp, #12
100050ca:	4691      	mov	r9, r2
100050cc:	001c      	movs	r4, r3
100050ce:	4680      	mov	r8, r0
100050d0:	000d      	movs	r5, r1
100050d2:	f7fd fa81 	bl	100025d8 <time_us_64>
100050d6:	2300      	movs	r3, #0
100050d8:	4a30      	ldr	r2, [pc, #192]	@ (1000519c <stdio_put_string+0xe0>)
100050da:	1812      	adds	r2, r2, r0
100050dc:	414b      	adcs	r3, r1
100050de:	2b00      	cmp	r3, #0
100050e0:	da02      	bge.n	100050e8 <stdio_put_string+0x2c>
100050e2:	2201      	movs	r2, #1
100050e4:	4b2e      	ldr	r3, [pc, #184]	@ (100051a0 <stdio_put_string+0xe4>)
100050e6:	4252      	negs	r2, r2
100050e8:	492e      	ldr	r1, [pc, #184]	@ (100051a4 <stdio_put_string+0xe8>)
100050ea:	0008      	movs	r0, r1
100050ec:	468a      	mov	sl, r1
100050ee:	f005 ffa3 	bl	1000b038 <__mutex_try_enter_block_until_veneer>
100050f2:	0007      	movs	r7, r0
100050f4:	1c6b      	adds	r3, r5, #1
100050f6:	d103      	bne.n	10005100 <stdio_put_string+0x44>
100050f8:	4640      	mov	r0, r8
100050fa:	f005 fdf3 	bl	1000ace4 <strlen>
100050fe:	0005      	movs	r5, r0
10005100:	2c00      	cmp	r4, #0
10005102:	d027      	beq.n	10005154 <stdio_put_string+0x98>
10005104:	4e28      	ldr	r6, [pc, #160]	@ (100051a8 <stdio_put_string+0xec>)
10005106:	4b29      	ldr	r3, [pc, #164]	@ (100051ac <stdio_put_string+0xf0>)
10005108:	681c      	ldr	r4, [r3, #0]
1000510a:	2c00      	cmp	r4, #0
1000510c:	d018      	beq.n	10005140 <stdio_put_string+0x84>
1000510e:	464b      	mov	r3, r9
10005110:	2b00      	cmp	r3, #0
10005112:	d121      	bne.n	10005158 <stdio_put_string+0x9c>
10005114:	4b26      	ldr	r3, [pc, #152]	@ (100051b0 <stdio_put_string+0xf4>)
10005116:	4699      	mov	r9, r3
10005118:	e002      	b.n	10005120 <stdio_put_string+0x64>
1000511a:	6924      	ldr	r4, [r4, #16]
1000511c:	2c00      	cmp	r4, #0
1000511e:	d00f      	beq.n	10005140 <stdio_put_string+0x84>
10005120:	6823      	ldr	r3, [r4, #0]
10005122:	2b00      	cmp	r3, #0
10005124:	d0f9      	beq.n	1000511a <stdio_put_string+0x5e>
10005126:	464b      	mov	r3, r9
10005128:	681b      	ldr	r3, [r3, #0]
1000512a:	2b00      	cmp	r3, #0
1000512c:	d001      	beq.n	10005132 <stdio_put_string+0x76>
1000512e:	429c      	cmp	r4, r3
10005130:	d1f3      	bne.n	1000511a <stdio_put_string+0x5e>
10005132:	0020      	movs	r0, r4
10005134:	002a      	movs	r2, r5
10005136:	4641      	mov	r1, r8
10005138:	47b0      	blx	r6
1000513a:	6924      	ldr	r4, [r4, #16]
1000513c:	2c00      	cmp	r4, #0
1000513e:	d1ef      	bne.n	10005120 <stdio_put_string+0x64>
10005140:	2f00      	cmp	r7, #0
10005142:	d126      	bne.n	10005192 <stdio_put_string+0xd6>
10005144:	0028      	movs	r0, r5
10005146:	b003      	add	sp, #12
10005148:	bcf0      	pop	{r4, r5, r6, r7}
1000514a:	46bb      	mov	fp, r7
1000514c:	46b2      	mov	sl, r6
1000514e:	46a9      	mov	r9, r5
10005150:	46a0      	mov	r8, r4
10005152:	bdf0      	pop	{r4, r5, r6, r7, pc}
10005154:	4e17      	ldr	r6, [pc, #92]	@ (100051b4 <stdio_put_string+0xf8>)
10005156:	e7d6      	b.n	10005106 <stdio_put_string+0x4a>
10005158:	4b15      	ldr	r3, [pc, #84]	@ (100051b0 <stdio_put_string+0xf4>)
1000515a:	4699      	mov	r9, r3
1000515c:	230a      	movs	r3, #10
1000515e:	469b      	mov	fp, r3
10005160:	e002      	b.n	10005168 <stdio_put_string+0xac>
10005162:	6924      	ldr	r4, [r4, #16]
10005164:	2c00      	cmp	r4, #0
10005166:	d0eb      	beq.n	10005140 <stdio_put_string+0x84>
10005168:	6823      	ldr	r3, [r4, #0]
1000516a:	2b00      	cmp	r3, #0
1000516c:	d0f9      	beq.n	10005162 <stdio_put_string+0xa6>
1000516e:	464b      	mov	r3, r9
10005170:	681b      	ldr	r3, [r3, #0]
10005172:	2b00      	cmp	r3, #0
10005174:	d001      	beq.n	1000517a <stdio_put_string+0xbe>
10005176:	42a3      	cmp	r3, r4
10005178:	d1f3      	bne.n	10005162 <stdio_put_string+0xa6>
1000517a:	002a      	movs	r2, r5
1000517c:	4641      	mov	r1, r8
1000517e:	0020      	movs	r0, r4
10005180:	47b0      	blx	r6
10005182:	466b      	mov	r3, sp
10005184:	465a      	mov	r2, fp
10005186:	0020      	movs	r0, r4
10005188:	71da      	strb	r2, [r3, #7]
1000518a:	1dd9      	adds	r1, r3, #7
1000518c:	2201      	movs	r2, #1
1000518e:	47b0      	blx	r6
10005190:	e7e7      	b.n	10005162 <stdio_put_string+0xa6>
10005192:	4650      	mov	r0, sl
10005194:	f005 ff30 	bl	1000aff8 <__mutex_exit_veneer>
10005198:	e7d4      	b.n	10005144 <stdio_put_string+0x88>
1000519a:	46c0      	nop			@ (mov r8, r8)
1000519c:	000f4240 	.word	0x000f4240
100051a0:	7fffffff 	.word	0x7fffffff
100051a4:	20000f00 	.word	0x20000f00
100051a8:	10004fa9 	.word	0x10004fa9
100051ac:	20003ef0 	.word	0x20003ef0
100051b0:	200040f8 	.word	0x200040f8
100051b4:	10004f99 	.word	0x10004f99

100051b8 <stdio_set_driver_enabled>:
100051b8:	4a0a      	ldr	r2, [pc, #40]	@ (100051e4 <stdio_set_driver_enabled+0x2c>)
100051ba:	6813      	ldr	r3, [r2, #0]
100051bc:	2b00      	cmp	r3, #0
100051be:	d105      	bne.n	100051cc <stdio_set_driver_enabled+0x14>
100051c0:	e00c      	b.n	100051dc <stdio_set_driver_enabled+0x24>
100051c2:	001a      	movs	r2, r3
100051c4:	691b      	ldr	r3, [r3, #16]
100051c6:	3210      	adds	r2, #16
100051c8:	2b00      	cmp	r3, #0
100051ca:	d007      	beq.n	100051dc <stdio_set_driver_enabled+0x24>
100051cc:	4283      	cmp	r3, r0
100051ce:	d1f8      	bne.n	100051c2 <stdio_set_driver_enabled+0xa>
100051d0:	2900      	cmp	r1, #0
100051d2:	d102      	bne.n	100051da <stdio_set_driver_enabled+0x22>
100051d4:	6918      	ldr	r0, [r3, #16]
100051d6:	6010      	str	r0, [r2, #0]
100051d8:	6119      	str	r1, [r3, #16]
100051da:	4770      	bx	lr
100051dc:	2900      	cmp	r1, #0
100051de:	d0fc      	beq.n	100051da <stdio_set_driver_enabled+0x22>
100051e0:	6010      	str	r0, [r2, #0]
100051e2:	e7fa      	b.n	100051da <stdio_set_driver_enabled+0x22>
100051e4:	20003ef0 	.word	0x20003ef0

100051e8 <stdio_init_all>:
100051e8:	b510      	push	{r4, lr}
100051ea:	f000 f9ab 	bl	10005544 <stdio_uart_init>
100051ee:	2001      	movs	r0, #1
100051f0:	bd10      	pop	{r4, pc}
100051f2:	46c0      	nop			@ (mov r8, r8)

100051f4 <__wrap_putchar>:
100051f4:	b5f0      	push	{r4, r5, r6, r7, lr}
100051f6:	46ce      	mov	lr, r9
100051f8:	4647      	mov	r7, r8
100051fa:	b580      	push	{r7, lr}
100051fc:	b083      	sub	sp, #12
100051fe:	466b      	mov	r3, sp
10005200:	0006      	movs	r6, r0
10005202:	1ddd      	adds	r5, r3, #7
10005204:	7028      	strb	r0, [r5, #0]
10005206:	f7fd f9e7 	bl	100025d8 <time_us_64>
1000520a:	2300      	movs	r3, #0
1000520c:	4a19      	ldr	r2, [pc, #100]	@ (10005274 <__wrap_putchar+0x80>)
1000520e:	1812      	adds	r2, r2, r0
10005210:	414b      	adcs	r3, r1
10005212:	2b00      	cmp	r3, #0
10005214:	da02      	bge.n	1000521c <__wrap_putchar+0x28>
10005216:	2201      	movs	r2, #1
10005218:	4b17      	ldr	r3, [pc, #92]	@ (10005278 <__wrap_putchar+0x84>)
1000521a:	4252      	negs	r2, r2
1000521c:	4917      	ldr	r1, [pc, #92]	@ (1000527c <__wrap_putchar+0x88>)
1000521e:	0008      	movs	r0, r1
10005220:	4688      	mov	r8, r1
10005222:	f005 ff09 	bl	1000b038 <__mutex_try_enter_block_until_veneer>
10005226:	4b16      	ldr	r3, [pc, #88]	@ (10005280 <__wrap_putchar+0x8c>)
10005228:	4681      	mov	r9, r0
1000522a:	681c      	ldr	r4, [r3, #0]
1000522c:	2c00      	cmp	r4, #0
1000522e:	d014      	beq.n	1000525a <__wrap_putchar+0x66>
10005230:	4f14      	ldr	r7, [pc, #80]	@ (10005284 <__wrap_putchar+0x90>)
10005232:	e002      	b.n	1000523a <__wrap_putchar+0x46>
10005234:	6924      	ldr	r4, [r4, #16]
10005236:	2c00      	cmp	r4, #0
10005238:	d00f      	beq.n	1000525a <__wrap_putchar+0x66>
1000523a:	6823      	ldr	r3, [r4, #0]
1000523c:	2b00      	cmp	r3, #0
1000523e:	d0f9      	beq.n	10005234 <__wrap_putchar+0x40>
10005240:	683b      	ldr	r3, [r7, #0]
10005242:	2b00      	cmp	r3, #0
10005244:	d001      	beq.n	1000524a <__wrap_putchar+0x56>
10005246:	429c      	cmp	r4, r3
10005248:	d1f4      	bne.n	10005234 <__wrap_putchar+0x40>
1000524a:	0020      	movs	r0, r4
1000524c:	2201      	movs	r2, #1
1000524e:	0029      	movs	r1, r5
10005250:	f7ff feaa 	bl	10004fa8 <stdio_out_chars_crlf>
10005254:	6924      	ldr	r4, [r4, #16]
10005256:	2c00      	cmp	r4, #0
10005258:	d1ef      	bne.n	1000523a <__wrap_putchar+0x46>
1000525a:	464b      	mov	r3, r9
1000525c:	2b00      	cmp	r3, #0
1000525e:	d105      	bne.n	1000526c <__wrap_putchar+0x78>
10005260:	0030      	movs	r0, r6
10005262:	b003      	add	sp, #12
10005264:	bcc0      	pop	{r6, r7}
10005266:	46b9      	mov	r9, r7
10005268:	46b0      	mov	r8, r6
1000526a:	bdf0      	pop	{r4, r5, r6, r7, pc}
1000526c:	4640      	mov	r0, r8
1000526e:	f005 fec3 	bl	1000aff8 <__mutex_exit_veneer>
10005272:	e7f5      	b.n	10005260 <__wrap_putchar+0x6c>
10005274:	000f4240 	.word	0x000f4240
10005278:	7fffffff 	.word	0x7fffffff
1000527c:	20000f00 	.word	0x20000f00
10005280:	20003ef0 	.word	0x20003ef0
10005284:	200040f8 	.word	0x200040f8

10005288 <__wrap_puts>:
10005288:	b570      	push	{r4, r5, r6, lr}
1000528a:	0004      	movs	r4, r0
1000528c:	f005 fd2a 	bl	1000ace4 <strlen>
10005290:	2301      	movs	r3, #1
10005292:	0001      	movs	r1, r0
10005294:	0005      	movs	r5, r0
10005296:	2201      	movs	r2, #1
10005298:	0020      	movs	r0, r4
1000529a:	f7ff ff0f 	bl	100050bc <stdio_put_string>
1000529e:	4b08      	ldr	r3, [pc, #32]	@ (100052c0 <__wrap_puts+0x38>)
100052a0:	681c      	ldr	r4, [r3, #0]
100052a2:	2c00      	cmp	r4, #0
100052a4:	d006      	beq.n	100052b4 <__wrap_puts+0x2c>
100052a6:	6863      	ldr	r3, [r4, #4]
100052a8:	2b00      	cmp	r3, #0
100052aa:	d005      	beq.n	100052b8 <__wrap_puts+0x30>
100052ac:	4798      	blx	r3
100052ae:	6924      	ldr	r4, [r4, #16]
100052b0:	2c00      	cmp	r4, #0
100052b2:	d1f8      	bne.n	100052a6 <__wrap_puts+0x1e>
100052b4:	0028      	movs	r0, r5
100052b6:	bd70      	pop	{r4, r5, r6, pc}
100052b8:	6924      	ldr	r4, [r4, #16]
100052ba:	2c00      	cmp	r4, #0
100052bc:	d1f3      	bne.n	100052a6 <__wrap_puts+0x1e>
100052be:	e7f9      	b.n	100052b4 <__wrap_puts+0x2c>
100052c0:	20003ef0 	.word	0x20003ef0

100052c4 <__wrap_vprintf>:
100052c4:	b5f0      	push	{r4, r5, r6, r7, lr}
100052c6:	46ce      	mov	lr, r9
100052c8:	4647      	mov	r7, r8
100052ca:	b580      	push	{r7, lr}
100052cc:	b0a3      	sub	sp, #140	@ 0x8c
100052ce:	0004      	movs	r4, r0
100052d0:	000d      	movs	r5, r1
100052d2:	f7fd f981 	bl	100025d8 <time_us_64>
100052d6:	2300      	movs	r3, #0
100052d8:	4a27      	ldr	r2, [pc, #156]	@ (10005378 <__wrap_vprintf+0xb4>)
100052da:	1812      	adds	r2, r2, r0
100052dc:	414b      	adcs	r3, r1
100052de:	2b00      	cmp	r3, #0
100052e0:	da02      	bge.n	100052e8 <__wrap_vprintf+0x24>
100052e2:	2201      	movs	r2, #1
100052e4:	4b25      	ldr	r3, [pc, #148]	@ (1000537c <__wrap_vprintf+0xb8>)
100052e6:	4252      	negs	r2, r2
100052e8:	4e25      	ldr	r6, [pc, #148]	@ (10005380 <__wrap_vprintf+0xbc>)
100052ea:	0030      	movs	r0, r6
100052ec:	f005 fea4 	bl	1000b038 <__mutex_try_enter_block_until_veneer>
100052f0:	2300      	movs	r3, #0
100052f2:	0022      	movs	r2, r4
100052f4:	9301      	str	r3, [sp, #4]
100052f6:	0007      	movs	r7, r0
100052f8:	002b      	movs	r3, r5
100052fa:	4822      	ldr	r0, [pc, #136]	@ (10005384 <__wrap_vprintf+0xc0>)
100052fc:	a901      	add	r1, sp, #4
100052fe:	f7ff fdeb 	bl	10004ed8 <vfctprintf>
10005302:	4b21      	ldr	r3, [pc, #132]	@ (10005388 <__wrap_vprintf+0xc4>)
10005304:	4680      	mov	r8, r0
10005306:	4699      	mov	r9, r3
10005308:	681c      	ldr	r4, [r3, #0]
1000530a:	9b01      	ldr	r3, [sp, #4]
1000530c:	2b00      	cmp	r3, #0
1000530e:	d01a      	beq.n	10005346 <__wrap_vprintf+0x82>
10005310:	2c00      	cmp	r4, #0
10005312:	d02f      	beq.n	10005374 <__wrap_vprintf+0xb0>
10005314:	4d1d      	ldr	r5, [pc, #116]	@ (1000538c <__wrap_vprintf+0xc8>)
10005316:	e002      	b.n	1000531e <__wrap_vprintf+0x5a>
10005318:	6924      	ldr	r4, [r4, #16]
1000531a:	2c00      	cmp	r4, #0
1000531c:	d00f      	beq.n	1000533e <__wrap_vprintf+0x7a>
1000531e:	6823      	ldr	r3, [r4, #0]
10005320:	2b00      	cmp	r3, #0
10005322:	d0f9      	beq.n	10005318 <__wrap_vprintf+0x54>
10005324:	682b      	ldr	r3, [r5, #0]
10005326:	2b00      	cmp	r3, #0
10005328:	d001      	beq.n	1000532e <__wrap_vprintf+0x6a>
1000532a:	42a3      	cmp	r3, r4
1000532c:	d1f4      	bne.n	10005318 <__wrap_vprintf+0x54>
1000532e:	0020      	movs	r0, r4
10005330:	9a01      	ldr	r2, [sp, #4]
10005332:	a902      	add	r1, sp, #8
10005334:	f7ff fe38 	bl	10004fa8 <stdio_out_chars_crlf>
10005338:	6924      	ldr	r4, [r4, #16]
1000533a:	2c00      	cmp	r4, #0
1000533c:	d1ef      	bne.n	1000531e <__wrap_vprintf+0x5a>
1000533e:	464b      	mov	r3, r9
10005340:	681c      	ldr	r4, [r3, #0]
10005342:	2300      	movs	r3, #0
10005344:	9301      	str	r3, [sp, #4]
10005346:	2c00      	cmp	r4, #0
10005348:	d006      	beq.n	10005358 <__wrap_vprintf+0x94>
1000534a:	6863      	ldr	r3, [r4, #4]
1000534c:	2b00      	cmp	r3, #0
1000534e:	d00b      	beq.n	10005368 <__wrap_vprintf+0xa4>
10005350:	4798      	blx	r3
10005352:	6924      	ldr	r4, [r4, #16]
10005354:	2c00      	cmp	r4, #0
10005356:	d1f8      	bne.n	1000534a <__wrap_vprintf+0x86>
10005358:	2f00      	cmp	r7, #0
1000535a:	d107      	bne.n	1000536c <__wrap_vprintf+0xa8>
1000535c:	4640      	mov	r0, r8
1000535e:	b023      	add	sp, #140	@ 0x8c
10005360:	bcc0      	pop	{r6, r7}
10005362:	46b9      	mov	r9, r7
10005364:	46b0      	mov	r8, r6
10005366:	bdf0      	pop	{r4, r5, r6, r7, pc}
10005368:	6924      	ldr	r4, [r4, #16]
1000536a:	e7ec      	b.n	10005346 <__wrap_vprintf+0x82>
1000536c:	0030      	movs	r0, r6
1000536e:	f005 fe43 	bl	1000aff8 <__mutex_exit_veneer>
10005372:	e7f3      	b.n	1000535c <__wrap_vprintf+0x98>
10005374:	9401      	str	r4, [sp, #4]
10005376:	e7ef      	b.n	10005358 <__wrap_vprintf+0x94>
10005378:	000f4240 	.word	0x000f4240
1000537c:	7fffffff 	.word	0x7fffffff
10005380:	20000f00 	.word	0x20000f00
10005384:	10005059 	.word	0x10005059
10005388:	20003ef0 	.word	0x20003ef0
1000538c:	200040f8 	.word	0x200040f8

10005390 <__wrap_printf>:
10005390:	b40f      	push	{r0, r1, r2, r3}
10005392:	b500      	push	{lr}
10005394:	b083      	sub	sp, #12
10005396:	a904      	add	r1, sp, #16
10005398:	c901      	ldmia	r1!, {r0}
1000539a:	9101      	str	r1, [sp, #4]
1000539c:	f7ff ff92 	bl	100052c4 <__wrap_vprintf>
100053a0:	b003      	add	sp, #12
100053a2:	bc08      	pop	{r3}
100053a4:	b004      	add	sp, #16
100053a6:	4718      	bx	r3

100053a8 <stdio_uart_out_chars>:
100053a8:	b5f0      	push	{r4, r5, r6, r7, lr}
100053aa:	2900      	cmp	r1, #0
100053ac:	dd15      	ble.n	100053da <stdio_uart_out_chars+0x32>
100053ae:	4b0e      	ldr	r3, [pc, #56]	@ (100053e8 <stdio_uart_out_chars+0x40>)
100053b0:	270d      	movs	r7, #13
100053b2:	681a      	ldr	r2, [r3, #0]
100053b4:	4b0d      	ldr	r3, [pc, #52]	@ (100053ec <stdio_uart_out_chars+0x44>)
100053b6:	4c0e      	ldr	r4, [pc, #56]	@ (100053f0 <stdio_uart_out_chars+0x48>)
100053b8:	18d3      	adds	r3, r2, r3
100053ba:	425d      	negs	r5, r3
100053bc:	416b      	adcs	r3, r5
100053be:	1845      	adds	r5, r0, r1
100053c0:	2120      	movs	r1, #32
100053c2:	005b      	lsls	r3, r3, #1
100053c4:	5f1e      	ldrsh	r6, [r3, r4]
100053c6:	7804      	ldrb	r4, [r0, #0]
100053c8:	42a6      	cmp	r6, r4
100053ca:	d007      	beq.n	100053dc <stdio_uart_out_chars+0x34>
100053cc:	6993      	ldr	r3, [r2, #24]
100053ce:	4219      	tst	r1, r3
100053d0:	d1fc      	bne.n	100053cc <stdio_uart_out_chars+0x24>
100053d2:	3001      	adds	r0, #1
100053d4:	6014      	str	r4, [r2, #0]
100053d6:	42a8      	cmp	r0, r5
100053d8:	d1f5      	bne.n	100053c6 <stdio_uart_out_chars+0x1e>
100053da:	bdf0      	pop	{r4, r5, r6, r7, pc}
100053dc:	6993      	ldr	r3, [r2, #24]
100053de:	4219      	tst	r1, r3
100053e0:	d1fc      	bne.n	100053dc <stdio_uart_out_chars+0x34>
100053e2:	6017      	str	r7, [r2, #0]
100053e4:	e7f2      	b.n	100053cc <stdio_uart_out_chars+0x24>
100053e6:	46c0      	nop			@ (mov r8, r8)
100053e8:	20004258 	.word	0x20004258
100053ec:	bffc8000 	.word	0xbffc8000
100053f0:	20004250 	.word	0x20004250

100053f4 <stdio_uart_in_chars>:
100053f4:	4b20      	ldr	r3, [pc, #128]	@ (10005478 <stdio_uart_in_chars+0x84>)
100053f6:	b570      	push	{r4, r5, r6, lr}
100053f8:	0004      	movs	r4, r0
100053fa:	1e0d      	subs	r5, r1, #0
100053fc:	681e      	ldr	r6, [r3, #0]
100053fe:	dd2a      	ble.n	10005456 <stdio_uart_in_chars+0x62>
10005400:	2000      	movs	r0, #0
10005402:	2110      	movs	r1, #16
10005404:	4b1d      	ldr	r3, [pc, #116]	@ (1000547c <stdio_uart_in_chars+0x88>)
10005406:	3c01      	subs	r4, #1
10005408:	681a      	ldr	r2, [r3, #0]
1000540a:	6993      	ldr	r3, [r2, #24]
1000540c:	4219      	tst	r1, r3
1000540e:	d114      	bne.n	1000543a <stdio_uart_in_chars+0x46>
10005410:	3001      	adds	r0, #1
10005412:	6993      	ldr	r3, [r2, #24]
10005414:	4219      	tst	r1, r3
10005416:	d1fc      	bne.n	10005412 <stdio_uart_in_chars+0x1e>
10005418:	6813      	ldr	r3, [r2, #0]
1000541a:	5423      	strb	r3, [r4, r0]
1000541c:	4285      	cmp	r5, r0
1000541e:	d1f4      	bne.n	1000540a <stdio_uart_in_chars+0x16>
10005420:	2e00      	cmp	r6, #0
10005422:	d008      	beq.n	10005436 <stdio_uart_in_chars+0x42>
10005424:	2350      	movs	r3, #80	@ 0x50
10005426:	6393      	str	r3, [r2, #56]	@ 0x38
10005428:	6b51      	ldr	r1, [r2, #52]	@ 0x34
1000542a:	3b18      	subs	r3, #24
1000542c:	400b      	ands	r3, r1
1000542e:	4914      	ldr	r1, [pc, #80]	@ (10005480 <stdio_uart_in_chars+0x8c>)
10005430:	468c      	mov	ip, r1
10005432:	4462      	add	r2, ip
10005434:	6013      	str	r3, [r2, #0]
10005436:	0028      	movs	r0, r5
10005438:	bd70      	pop	{r4, r5, r6, pc}
1000543a:	2e00      	cmp	r6, #0
1000543c:	d008      	beq.n	10005450 <stdio_uart_in_chars+0x5c>
1000543e:	2350      	movs	r3, #80	@ 0x50
10005440:	6393      	str	r3, [r2, #56]	@ 0x38
10005442:	6b51      	ldr	r1, [r2, #52]	@ 0x34
10005444:	3b18      	subs	r3, #24
10005446:	400b      	ands	r3, r1
10005448:	490d      	ldr	r1, [pc, #52]	@ (10005480 <stdio_uart_in_chars+0x8c>)
1000544a:	468c      	mov	ip, r1
1000544c:	4462      	add	r2, ip
1000544e:	6013      	str	r3, [r2, #0]
10005450:	2800      	cmp	r0, #0
10005452:	d1f1      	bne.n	10005438 <stdio_uart_in_chars+0x44>
10005454:	e00c      	b.n	10005470 <stdio_uart_in_chars+0x7c>
10005456:	2e00      	cmp	r6, #0
10005458:	d00a      	beq.n	10005470 <stdio_uart_in_chars+0x7c>
1000545a:	2250      	movs	r2, #80	@ 0x50
1000545c:	4b07      	ldr	r3, [pc, #28]	@ (1000547c <stdio_uart_in_chars+0x88>)
1000545e:	681b      	ldr	r3, [r3, #0]
10005460:	639a      	str	r2, [r3, #56]	@ 0x38
10005462:	6b59      	ldr	r1, [r3, #52]	@ 0x34
10005464:	3a18      	subs	r2, #24
10005466:	400a      	ands	r2, r1
10005468:	4905      	ldr	r1, [pc, #20]	@ (10005480 <stdio_uart_in_chars+0x8c>)
1000546a:	468c      	mov	ip, r1
1000546c:	4463      	add	r3, ip
1000546e:	601a      	str	r2, [r3, #0]
10005470:	2003      	movs	r0, #3
10005472:	4240      	negs	r0, r0
10005474:	e7e0      	b.n	10005438 <stdio_uart_in_chars+0x44>
10005476:	46c0      	nop			@ (mov r8, r8)
10005478:	20003eb4 	.word	0x20003eb4
1000547c:	20004258 	.word	0x20004258
10005480:	00001034 	.word	0x00001034

10005484 <on_uart_rx>:
10005484:	4b06      	ldr	r3, [pc, #24]	@ (100054a0 <on_uart_rx+0x1c>)
10005486:	b510      	push	{r4, lr}
10005488:	681b      	ldr	r3, [r3, #0]
1000548a:	2b00      	cmp	r3, #0
1000548c:	d006      	beq.n	1000549c <on_uart_rx+0x18>
1000548e:	2100      	movs	r1, #0
10005490:	4a04      	ldr	r2, [pc, #16]	@ (100054a4 <on_uart_rx+0x20>)
10005492:	6812      	ldr	r2, [r2, #0]
10005494:	6391      	str	r1, [r2, #56]	@ 0x38
10005496:	4a04      	ldr	r2, [pc, #16]	@ (100054a8 <on_uart_rx+0x24>)
10005498:	6810      	ldr	r0, [r2, #0]
1000549a:	4798      	blx	r3
1000549c:	bd10      	pop	{r4, pc}
1000549e:	46c0      	nop			@ (mov r8, r8)
100054a0:	20003eb4 	.word	0x20003eb4
100054a4:	20004258 	.word	0x20004258
100054a8:	20003eb8 	.word	0x20003eb8

100054ac <stdio_uart_out_flush>:
100054ac:	2208      	movs	r2, #8
100054ae:	4b03      	ldr	r3, [pc, #12]	@ (100054bc <stdio_uart_out_flush+0x10>)
100054b0:	6819      	ldr	r1, [r3, #0]
100054b2:	698b      	ldr	r3, [r1, #24]
100054b4:	421a      	tst	r2, r3
100054b6:	d1fc      	bne.n	100054b2 <stdio_uart_out_flush+0x6>
100054b8:	4770      	bx	lr
100054ba:	46c0      	nop			@ (mov r8, r8)
100054bc:	20004258 	.word	0x20004258

100054c0 <stdio_uart_set_chars_available_callback>:
100054c0:	b5f8      	push	{r3, r4, r5, r6, r7, lr}
100054c2:	4f1a      	ldr	r7, [pc, #104]	@ (1000552c <stdio_uart_set_chars_available_callback+0x6c>)
100054c4:	4b1a      	ldr	r3, [pc, #104]	@ (10005530 <stdio_uart_set_chars_available_callback+0x70>)
100054c6:	683a      	ldr	r2, [r7, #0]
100054c8:	0005      	movs	r5, r0
100054ca:	18d3      	adds	r3, r2, r3
100054cc:	4258      	negs	r0, r3
100054ce:	4143      	adcs	r3, r0
100054d0:	4e18      	ldr	r6, [pc, #96]	@ (10005534 <stdio_uart_set_chars_available_callback+0x74>)
100054d2:	3314      	adds	r3, #20
100054d4:	001c      	movs	r4, r3
100054d6:	6833      	ldr	r3, [r6, #0]
100054d8:	2d00      	cmp	r5, #0
100054da:	d002      	beq.n	100054e2 <stdio_uart_set_chars_available_callback+0x22>
100054dc:	2b00      	cmp	r3, #0
100054de:	d00f      	beq.n	10005500 <stdio_uart_set_chars_available_callback+0x40>
100054e0:	bdf8      	pop	{r3, r4, r5, r6, r7, pc}
100054e2:	2b00      	cmp	r3, #0
100054e4:	d0fc      	beq.n	100054e0 <stdio_uart_set_chars_available_callback+0x20>
100054e6:	2100      	movs	r1, #0
100054e8:	0020      	movs	r0, r4
100054ea:	6395      	str	r5, [r2, #56]	@ 0x38
100054ec:	f7fc fa00 	bl	100018f0 <irq_set_enabled>
100054f0:	0020      	movs	r0, r4
100054f2:	4911      	ldr	r1, [pc, #68]	@ (10005538 <stdio_uart_set_chars_available_callback+0x78>)
100054f4:	f7fc fb32 	bl	10001b5c <irq_remove_handler>
100054f8:	4b10      	ldr	r3, [pc, #64]	@ (1000553c <stdio_uart_set_chars_available_callback+0x7c>)
100054fa:	6035      	str	r5, [r6, #0]
100054fc:	601d      	str	r5, [r3, #0]
100054fe:	e7ef      	b.n	100054e0 <stdio_uart_set_chars_available_callback+0x20>
10005500:	4b0e      	ldr	r3, [pc, #56]	@ (1000553c <stdio_uart_set_chars_available_callback+0x7c>)
10005502:	0020      	movs	r0, r4
10005504:	6019      	str	r1, [r3, #0]
10005506:	490c      	ldr	r1, [pc, #48]	@ (10005538 <stdio_uart_set_chars_available_callback+0x78>)
10005508:	6035      	str	r5, [r6, #0]
1000550a:	f7fc fa03 	bl	10001914 <irq_set_exclusive_handler>
1000550e:	2101      	movs	r1, #1
10005510:	0020      	movs	r0, r4
10005512:	f7fc f9ed 	bl	100018f0 <irq_set_enabled>
10005516:	2250      	movs	r2, #80	@ 0x50
10005518:	683b      	ldr	r3, [r7, #0]
1000551a:	639a      	str	r2, [r3, #56]	@ 0x38
1000551c:	6b59      	ldr	r1, [r3, #52]	@ 0x34
1000551e:	3a18      	subs	r2, #24
10005520:	400a      	ands	r2, r1
10005522:	4907      	ldr	r1, [pc, #28]	@ (10005540 <stdio_uart_set_chars_available_callback+0x80>)
10005524:	468c      	mov	ip, r1
10005526:	4463      	add	r3, ip
10005528:	601a      	str	r2, [r3, #0]
1000552a:	e7d9      	b.n	100054e0 <stdio_uart_set_chars_available_callback+0x20>
1000552c:	20004258 	.word	0x20004258
10005530:	bffc8000 	.word	0xbffc8000
10005534:	20003eb4 	.word	0x20003eb4
10005538:	10005485 	.word	0x10005485
1000553c:	20003eb8 	.word	0x20003eb8
10005540:	00001034 	.word	0x00001034

10005544 <stdio_uart_init>:
10005544:	4b0d      	ldr	r3, [pc, #52]	@ (1000557c <stdio_uart_init+0x38>)
10005546:	b510      	push	{r4, lr}
10005548:	781b      	ldrb	r3, [r3, #0]
1000554a:	4b0d      	ldr	r3, [pc, #52]	@ (10005580 <stdio_uart_init+0x3c>)
1000554c:	4c0d      	ldr	r4, [pc, #52]	@ (10005584 <stdio_uart_init+0x40>)
1000554e:	781b      	ldrb	r3, [r3, #0]
10005550:	4b0d      	ldr	r3, [pc, #52]	@ (10005588 <stdio_uart_init+0x44>)
10005552:	2102      	movs	r1, #2
10005554:	781b      	ldrb	r3, [r3, #0]
10005556:	4b0d      	ldr	r3, [pc, #52]	@ (1000558c <stdio_uart_init+0x48>)
10005558:	2000      	movs	r0, #0
1000555a:	6023      	str	r3, [r4, #0]
1000555c:	f7fc f8dc 	bl	10001718 <gpio_set_function>
10005560:	2102      	movs	r1, #2
10005562:	2001      	movs	r0, #1
10005564:	f7fc f8d8 	bl	10001718 <gpio_set_function>
10005568:	21e1      	movs	r1, #225	@ 0xe1
1000556a:	6820      	ldr	r0, [r4, #0]
1000556c:	0309      	lsls	r1, r1, #12
1000556e:	f7fd f881 	bl	10002674 <uart_init>
10005572:	2101      	movs	r1, #1
10005574:	4806      	ldr	r0, [pc, #24]	@ (10005590 <stdio_uart_init+0x4c>)
10005576:	f7ff fe1f 	bl	100051b8 <stdio_set_driver_enabled>
1000557a:	bd10      	pop	{r4, pc}
1000557c:	1000b704 	.word	0x1000b704
10005580:	1000b700 	.word	0x1000b700
10005584:	20004258 	.word	0x20004258
10005588:	1000b6fc 	.word	0x1000b6fc
1000558c:	40034000 	.word	0x40034000
10005590:	20000960 	.word	0x20000960

10005594 <stdio_uart_init_full>:
10005594:	b570      	push	{r4, r5, r6, lr}
10005596:	4e0c      	ldr	r6, [pc, #48]	@ (100055c8 <stdio_uart_init_full+0x34>)
10005598:	000d      	movs	r5, r1
1000559a:	001c      	movs	r4, r3
1000559c:	6030      	str	r0, [r6, #0]
1000559e:	2a00      	cmp	r2, #0
100055a0:	db03      	blt.n	100055aa <stdio_uart_init_full+0x16>
100055a2:	2102      	movs	r1, #2
100055a4:	0010      	movs	r0, r2
100055a6:	f7fc f8b7 	bl	10001718 <gpio_set_function>
100055aa:	2c00      	cmp	r4, #0
100055ac:	db03      	blt.n	100055b6 <stdio_uart_init_full+0x22>
100055ae:	2102      	movs	r1, #2
100055b0:	0020      	movs	r0, r4
100055b2:	f7fc f8b1 	bl	10001718 <gpio_set_function>
100055b6:	0029      	movs	r1, r5
100055b8:	6830      	ldr	r0, [r6, #0]
100055ba:	f7fd f85b 	bl	10002674 <uart_init>
100055be:	2101      	movs	r1, #1
100055c0:	4802      	ldr	r0, [pc, #8]	@ (100055cc <stdio_uart_init_full+0x38>)
100055c2:	f7ff fdf9 	bl	100051b8 <stdio_set_driver_enabled>
100055c6:	bd70      	pop	{r4, r5, r6, pc}
100055c8:	20004258 	.word	0x20004258
100055cc:	20000960 	.word	0x20000960

100055d0 <pio_claim_unused_sm>:
100055d0:	b510      	push	{r4, lr}
100055d2:	4b0a      	ldr	r3, [pc, #40]	@ (100055fc <pio_claim_unused_sm+0x2c>)
100055d4:	4a0a      	ldr	r2, [pc, #40]	@ (10005600 <pio_claim_unused_sm+0x30>)
100055d6:	18c4      	adds	r4, r0, r3
100055d8:	0d24      	lsrs	r4, r4, #20
100055da:	00a4      	lsls	r4, r4, #2
100055dc:	b082      	sub	sp, #8
100055de:	9200      	str	r2, [sp, #0]
100055e0:	4808      	ldr	r0, [pc, #32]	@ (10005604 <pio_claim_unused_sm+0x34>)
100055e2:	0022      	movs	r2, r4
100055e4:	1ce3      	adds	r3, r4, #3
100055e6:	f7fc f901 	bl	100017ec <hw_claim_unused_from_range>
100055ea:	4284      	cmp	r4, r0
100055ec:	dc02      	bgt.n	100055f4 <pio_claim_unused_sm+0x24>
100055ee:	1b00      	subs	r0, r0, r4
100055f0:	b002      	add	sp, #8
100055f2:	bd10      	pop	{r4, pc}
100055f4:	2001      	movs	r0, #1
100055f6:	4240      	negs	r0, r0
100055f8:	e7fa      	b.n	100055f0 <pio_claim_unused_sm+0x20>
100055fa:	46c0      	nop			@ (mov r8, r8)
100055fc:	afe00000 	.word	0xafe00000
10005600:	1000b224 	.word	0x1000b224
10005604:	20003ec4 	.word	0x20003ec4

10005608 <pio_add_program>:
10005608:	b5f0      	push	{r4, r5, r6, r7, lr}
1000560a:	4657      	mov	r7, sl
1000560c:	4645      	mov	r5, r8
1000560e:	46de      	mov	lr, fp
10005610:	464e      	mov	r6, r9
10005612:	4688      	mov	r8, r1
10005614:	b5e0      	push	{r5, r6, r7, lr}
10005616:	b083      	sub	sp, #12
10005618:	0006      	movs	r6, r0
1000561a:	2505      	movs	r5, #5
1000561c:	f7fc f8ae 	bl	1000177c <hw_claim_lock>
10005620:	4643      	mov	r3, r8
10005622:	4684      	mov	ip, r0
10005624:	575d      	ldrsb	r5, [r3, r5]
10005626:	7918      	ldrb	r0, [r3, #4]
10005628:	4b33      	ldr	r3, [pc, #204]	@ (100056f8 <pio_add_program+0xf0>)
1000562a:	4a34      	ldr	r2, [pc, #208]	@ (100056fc <pio_add_program+0xf4>)
1000562c:	18f3      	adds	r3, r6, r3
1000562e:	0d1b      	lsrs	r3, r3, #20
10005630:	009b      	lsls	r3, r3, #2
10005632:	4692      	mov	sl, r2
10005634:	58d7      	ldr	r7, [r2, r3]
10005636:	2201      	movs	r2, #1
10005638:	2420      	movs	r4, #32
1000563a:	4082      	lsls	r2, r0
1000563c:	1a24      	subs	r4, r4, r0
1000563e:	3a01      	subs	r2, #1
10005640:	2d00      	cmp	r5, #0
10005642:	db41      	blt.n	100056c8 <pio_add_program+0xc0>
10005644:	42a5      	cmp	r5, r4
10005646:	dc32      	bgt.n	100056ae <pio_add_program+0xa6>
10005648:	0011      	movs	r1, r2
1000564a:	40a9      	lsls	r1, r5
1000564c:	420f      	tst	r7, r1
1000564e:	d12e      	bne.n	100056ae <pio_add_program+0xa6>
10005650:	4641      	mov	r1, r8
10005652:	6809      	ldr	r1, [r1, #0]
10005654:	4689      	mov	r9, r1
10005656:	4641      	mov	r1, r8
10005658:	7989      	ldrb	r1, [r1, #6]
1000565a:	2900      	cmp	r1, #0
1000565c:	d145      	bne.n	100056ea <pio_add_program+0xe2>
1000565e:	002c      	movs	r4, r5
10005660:	40aa      	lsls	r2, r5
10005662:	4693      	mov	fp, r2
10005664:	4659      	mov	r1, fp
10005666:	403a      	ands	r2, r7
10005668:	4239      	tst	r1, r7
1000566a:	d141      	bne.n	100056f0 <pio_add_program+0xe8>
1000566c:	2180      	movs	r1, #128	@ 0x80
1000566e:	0189      	lsls	r1, r1, #6
10005670:	4688      	mov	r8, r1
10005672:	2800      	cmp	r0, #0
10005674:	d016      	beq.n	100056a4 <pio_add_program+0x9c>
10005676:	4661      	mov	r1, ip
10005678:	46a4      	mov	ip, r4
1000567a:	0034      	movs	r4, r6
1000567c:	464e      	mov	r6, r9
1000567e:	4699      	mov	r9, r3
10005680:	0003      	movs	r3, r0
10005682:	9101      	str	r1, [sp, #4]
10005684:	0051      	lsls	r1, r2, #1
10005686:	5a70      	ldrh	r0, [r6, r1]
10005688:	4540      	cmp	r0, r8
1000568a:	d200      	bcs.n	1000568e <pio_add_program+0x86>
1000568c:	1940      	adds	r0, r0, r5
1000568e:	18a9      	adds	r1, r5, r2
10005690:	3112      	adds	r1, #18
10005692:	0089      	lsls	r1, r1, #2
10005694:	3201      	adds	r2, #1
10005696:	5108      	str	r0, [r1, r4]
10005698:	429a      	cmp	r2, r3
1000569a:	d3f3      	bcc.n	10005684 <pio_add_program+0x7c>
1000569c:	9b01      	ldr	r3, [sp, #4]
1000569e:	4664      	mov	r4, ip
100056a0:	469c      	mov	ip, r3
100056a2:	464b      	mov	r3, r9
100056a4:	465a      	mov	r2, fp
100056a6:	4317      	orrs	r7, r2
100056a8:	4652      	mov	r2, sl
100056aa:	50d7      	str	r7, [r2, r3]
100056ac:	e001      	b.n	100056b2 <pio_add_program+0xaa>
100056ae:	2401      	movs	r4, #1
100056b0:	4264      	negs	r4, r4
100056b2:	4660      	mov	r0, ip
100056b4:	f7fc f86e 	bl	10001794 <hw_claim_unlock>
100056b8:	0020      	movs	r0, r4
100056ba:	b003      	add	sp, #12
100056bc:	bcf0      	pop	{r4, r5, r6, r7}
100056be:	46bb      	mov	fp, r7
100056c0:	46b2      	mov	sl, r6
100056c2:	46a9      	mov	r9, r5
100056c4:	46a0      	mov	r8, r4
100056c6:	bdf0      	pop	{r4, r5, r6, r7, pc}
100056c8:	2c00      	cmp	r4, #0
100056ca:	da02      	bge.n	100056d2 <pio_add_program+0xca>
100056cc:	e010      	b.n	100056f0 <pio_add_program+0xe8>
100056ce:	3c01      	subs	r4, #1
100056d0:	d30e      	bcc.n	100056f0 <pio_add_program+0xe8>
100056d2:	0011      	movs	r1, r2
100056d4:	40a1      	lsls	r1, r4
100056d6:	0025      	movs	r5, r4
100056d8:	420f      	tst	r7, r1
100056da:	d1f8      	bne.n	100056ce <pio_add_program+0xc6>
100056dc:	4641      	mov	r1, r8
100056de:	6809      	ldr	r1, [r1, #0]
100056e0:	4689      	mov	r9, r1
100056e2:	4641      	mov	r1, r8
100056e4:	7989      	ldrb	r1, [r1, #6]
100056e6:	2900      	cmp	r1, #0
100056e8:	d0ba      	beq.n	10005660 <pio_add_program+0x58>
100056ea:	2414      	movs	r4, #20
100056ec:	4264      	negs	r4, r4
100056ee:	e7e0      	b.n	100056b2 <pio_add_program+0xaa>
100056f0:	2409      	movs	r4, #9
100056f2:	4264      	negs	r4, r4
100056f4:	e7dd      	b.n	100056b2 <pio_add_program+0xaa>
100056f6:	46c0      	nop			@ (mov r8, r8)
100056f8:	afe00000 	.word	0xafe00000
100056fc:	20003ba0 	.word	0x20003ba0

10005700 <pio_sm_set_consecutive_pindirs>:
10005700:	b5f0      	push	{r4, r5, r6, r7, lr}
10005702:	464e      	mov	r6, r9
10005704:	4645      	mov	r5, r8
10005706:	46de      	mov	lr, fp
10005708:	4657      	mov	r7, sl
1000570a:	b5e0      	push	{r5, r6, r7, lr}
1000570c:	b083      	sub	sp, #12
1000570e:	4689      	mov	r9, r1
10005710:	a90c      	add	r1, sp, #48	@ 0x30
10005712:	4684      	mov	ip, r0
10005714:	780d      	ldrb	r5, [r1, #0]
10005716:	2a1f      	cmp	r2, #31
10005718:	d845      	bhi.n	100057a6 <pio_sm_set_consecutive_pindirs+0xa6>
1000571a:	4649      	mov	r1, r9
1000571c:	0049      	lsls	r1, r1, #1
1000571e:	4688      	mov	r8, r1
10005720:	4449      	add	r1, r9
10005722:	00c9      	lsls	r1, r1, #3
10005724:	1846      	adds	r6, r0, r1
10005726:	0037      	movs	r7, r6
10005728:	0034      	movs	r4, r6
1000572a:	37dc      	adds	r7, #220	@ 0xdc
1000572c:	6838      	ldr	r0, [r7, #0]
1000572e:	34cc      	adds	r4, #204	@ 0xcc
10005730:	4683      	mov	fp, r0
10005732:	6820      	ldr	r0, [r4, #0]
10005734:	0031      	movs	r1, r6
10005736:	9001      	str	r0, [sp, #4]
10005738:	481c      	ldr	r0, [pc, #112]	@ (100057ac <pio_sm_set_consecutive_pindirs+0xac>)
1000573a:	2480      	movs	r4, #128	@ 0x80
1000573c:	4682      	mov	sl, r0
1000573e:	02a4      	lsls	r4, r4, #10
10005740:	4451      	add	r1, sl
10005742:	600c      	str	r4, [r1, #0]
10005744:	4269      	negs	r1, r5
10005746:	414d      	adcs	r5, r1
10005748:	211e      	movs	r1, #30
1000574a:	426d      	negs	r5, r5
1000574c:	438d      	bics	r5, r1
1000574e:	4918      	ldr	r1, [pc, #96]	@ (100057b0 <pio_sm_set_consecutive_pindirs+0xb0>)
10005750:	468a      	mov	sl, r1
10005752:	4455      	add	r5, sl
10005754:	2b05      	cmp	r3, #5
10005756:	d90c      	bls.n	10005772 <pio_sm_set_consecutive_pindirs+0x72>
10005758:	20a0      	movs	r0, #160	@ 0xa0
1000575a:	211f      	movs	r1, #31
1000575c:	0540      	lsls	r0, r0, #21
1000575e:	36d8      	adds	r6, #216	@ 0xd8
10005760:	0154      	lsls	r4, r2, #5
10005762:	4304      	orrs	r4, r0
10005764:	3205      	adds	r2, #5
10005766:	3b05      	subs	r3, #5
10005768:	603c      	str	r4, [r7, #0]
1000576a:	400a      	ands	r2, r1
1000576c:	6035      	str	r5, [r6, #0]
1000576e:	2b05      	cmp	r3, #5
10005770:	d8f6      	bhi.n	10005760 <pio_sm_set_consecutive_pindirs+0x60>
10005772:	0152      	lsls	r2, r2, #5
10005774:	069b      	lsls	r3, r3, #26
10005776:	4313      	orrs	r3, r2
10005778:	4642      	mov	r2, r8
1000577a:	444a      	add	r2, r9
1000577c:	00d2      	lsls	r2, r2, #3
1000577e:	4462      	add	r2, ip
10005780:	0010      	movs	r0, r2
10005782:	32dc      	adds	r2, #220	@ 0xdc
10005784:	6013      	str	r3, [r2, #0]
10005786:	0003      	movs	r3, r0
10005788:	33d8      	adds	r3, #216	@ 0xd8
1000578a:	601d      	str	r5, [r3, #0]
1000578c:	465b      	mov	r3, fp
1000578e:	6013      	str	r3, [r2, #0]
10005790:	9b01      	ldr	r3, [sp, #4]
10005792:	30cc      	adds	r0, #204	@ 0xcc
10005794:	6003      	str	r3, [r0, #0]
10005796:	2000      	movs	r0, #0
10005798:	b003      	add	sp, #12
1000579a:	bcf0      	pop	{r4, r5, r6, r7}
1000579c:	46bb      	mov	fp, r7
1000579e:	46b2      	mov	sl, r6
100057a0:	46a9      	mov	r9, r5
100057a2:	46a0      	mov	r8, r4
100057a4:	bdf0      	pop	{r4, r5, r6, r7, pc}
100057a6:	2005      	movs	r0, #5
100057a8:	4240      	negs	r0, r0
100057aa:	e7f5      	b.n	10005798 <pio_sm_set_consecutive_pindirs+0x98>
100057ac:	000030cc 	.word	0x000030cc
100057b0:	0000e09f 	.word	0x0000e09f

100057b4 <pio_sm_init>:
100057b4:	b5f0      	push	{r4, r5, r6, r7, lr}
100057b6:	2501      	movs	r5, #1
100057b8:	408d      	lsls	r5, r1
100057ba:	6804      	ldr	r4, [r0, #0]
100057bc:	43ac      	bics	r4, r5
100057be:	6004      	str	r4, [r0, #0]
100057c0:	2b00      	cmp	r3, #0
100057c2:	d02e      	beq.n	10005822 <pio_sm_init+0x6e>
100057c4:	004d      	lsls	r5, r1, #1
100057c6:	186c      	adds	r4, r5, r1
100057c8:	00e4      	lsls	r4, r4, #3
100057ca:	1904      	adds	r4, r0, r4
100057cc:	0026      	movs	r6, r4
100057ce:	681f      	ldr	r7, [r3, #0]
100057d0:	36c8      	adds	r6, #200	@ 0xc8
100057d2:	6037      	str	r7, [r6, #0]
100057d4:	689f      	ldr	r7, [r3, #8]
100057d6:	3604      	adds	r6, #4
100057d8:	6077      	str	r7, [r6, #4]
100057da:	685f      	ldr	r7, [r3, #4]
100057dc:	68db      	ldr	r3, [r3, #12]
100057de:	34dc      	adds	r4, #220	@ 0xdc
100057e0:	6037      	str	r7, [r6, #0]
100057e2:	6023      	str	r3, [r4, #0]
100057e4:	186b      	adds	r3, r5, r1
100057e6:	4d18      	ldr	r5, [pc, #96]	@ (10005848 <pio_sm_init+0x94>)
100057e8:	00db      	lsls	r3, r3, #3
100057ea:	46ac      	mov	ip, r5
100057ec:	2580      	movs	r5, #128	@ 0x80
100057ee:	18c4      	adds	r4, r0, r3
100057f0:	4464      	add	r4, ip
100057f2:	062d      	lsls	r5, r5, #24
100057f4:	6025      	str	r5, [r4, #0]
100057f6:	6025      	str	r5, [r4, #0]
100057f8:	4c14      	ldr	r4, [pc, #80]	@ (1000584c <pio_sm_init+0x98>)
100057fa:	1d0d      	adds	r5, r1, #4
100057fc:	408c      	lsls	r4, r1
100057fe:	6084      	str	r4, [r0, #8]
10005800:	2401      	movs	r4, #1
10005802:	0026      	movs	r6, r4
10005804:	40ae      	lsls	r6, r5
10005806:	2580      	movs	r5, #128	@ 0x80
10005808:	3108      	adds	r1, #8
1000580a:	408c      	lsls	r4, r1
1000580c:	211f      	movs	r1, #31
1000580e:	01ad      	lsls	r5, r5, #6
10005810:	1945      	adds	r5, r0, r5
10005812:	18c0      	adds	r0, r0, r3
10005814:	400a      	ands	r2, r1
10005816:	30d8      	adds	r0, #216	@ 0xd8
10005818:	602e      	str	r6, [r5, #0]
1000581a:	602c      	str	r4, [r5, #0]
1000581c:	6002      	str	r2, [r0, #0]
1000581e:	2000      	movs	r0, #0
10005820:	bdf0      	pop	{r4, r5, r6, r7, pc}
10005822:	004d      	lsls	r5, r1, #1
10005824:	186c      	adds	r4, r5, r1
10005826:	00e4      	lsls	r4, r4, #3
10005828:	1904      	adds	r4, r0, r4
1000582a:	0026      	movs	r6, r4
1000582c:	2780      	movs	r7, #128	@ 0x80
1000582e:	36c8      	adds	r6, #200	@ 0xc8
10005830:	027f      	lsls	r7, r7, #9
10005832:	6037      	str	r7, [r6, #0]
10005834:	27c0      	movs	r7, #192	@ 0xc0
10005836:	033f      	lsls	r7, r7, #12
10005838:	60b7      	str	r7, [r6, #8]
1000583a:	27f8      	movs	r7, #248	@ 0xf8
1000583c:	3604      	adds	r6, #4
1000583e:	027f      	lsls	r7, r7, #9
10005840:	34dc      	adds	r4, #220	@ 0xdc
10005842:	6037      	str	r7, [r6, #0]
10005844:	6023      	str	r3, [r4, #0]
10005846:	e7cd      	b.n	100057e4 <pio_sm_init+0x30>
10005848:	000010d0 	.word	0x000010d0
1000584c:	01010101 	.word	0x01010101

10005850 <call_tuh_sof_cb>:
10005850:	b510      	push	{r4, lr}
10005852:	f7fa fe95 	bl	10000580 <tuh_sof_cb>
10005856:	bd10      	pop	{r4, pc}

10005858 <hcd_rp2040_irq>:
10005858:	b5f0      	push	{r4, r5, r6, r7, lr}
1000585a:	2398      	movs	r3, #152	@ 0x98
1000585c:	4657      	mov	r7, sl
1000585e:	4645      	mov	r5, r8
10005860:	46de      	mov	lr, fp
10005862:	464e      	mov	r6, r9
10005864:	4ade      	ldr	r2, [pc, #888]	@ (10005be0 <hcd_rp2040_irq+0x388>)
10005866:	b5e0      	push	{r5, r6, r7, lr}
10005868:	58d7      	ldr	r7, [r2, r3]
1000586a:	3b97      	subs	r3, #151	@ 0x97
1000586c:	001d      	movs	r5, r3
1000586e:	b09d      	sub	sp, #116	@ 0x74
10005870:	403d      	ands	r5, r7
10005872:	423b      	tst	r3, r7
10005874:	d100      	bne.n	10005878 <hcd_rp2040_irq+0x20>
10005876:	e0f3      	b.n	10005a60 <hcd_rp2040_irq+0x208>
10005878:	6d13      	ldr	r3, [r2, #80]	@ 0x50
1000587a:	059b      	lsls	r3, r3, #22
1000587c:	0f9b      	lsrs	r3, r3, #30
1000587e:	d000      	beq.n	10005882 <hcd_rp2040_irq+0x2a>
10005880:	e141      	b.n	10005b06 <hcd_rp2040_irq+0x2ae>
10005882:	2280      	movs	r2, #128	@ 0x80
10005884:	a819      	add	r0, sp, #100	@ 0x64
10005886:	0052      	lsls	r2, r2, #1
10005888:	2101      	movs	r1, #1
1000588a:	8002      	strh	r2, [r0, #0]
1000588c:	8083      	strh	r3, [r0, #4]
1000588e:	f005 fbdb 	bl	1000b048 <__hcd_event_handler_veneer>
10005892:	22c0      	movs	r2, #192	@ 0xc0
10005894:	214d      	movs	r1, #77	@ 0x4d
10005896:	4bd3      	ldr	r3, [pc, #844]	@ (10005be4 <hcd_rp2040_irq+0x38c>)
10005898:	0092      	lsls	r2, r2, #2
1000589a:	651a      	str	r2, [r3, #80]	@ 0x50
1000589c:	9102      	str	r1, [sp, #8]
1000589e:	3904      	subs	r1, #4
100058a0:	9101      	str	r1, [sp, #4]
100058a2:	3940      	subs	r1, #64	@ 0x40
100058a4:	4688      	mov	r8, r1
100058a6:	310c      	adds	r1, #12
100058a8:	9109      	str	r1, [sp, #36]	@ 0x24
100058aa:	3140      	adds	r1, #64	@ 0x40
100058ac:	9108      	str	r1, [sp, #32]
100058ae:	3904      	subs	r1, #4
100058b0:	9107      	str	r1, [sp, #28]
100058b2:	3934      	subs	r1, #52	@ 0x34
100058b4:	9106      	str	r1, [sp, #24]
100058b6:	3140      	adds	r1, #64	@ 0x40
100058b8:	9105      	str	r1, [sp, #20]
100058ba:	3904      	subs	r1, #4
100058bc:	2305      	movs	r3, #5
100058be:	9104      	str	r1, [sp, #16]
100058c0:	3940      	subs	r1, #64	@ 0x40
100058c2:	468b      	mov	fp, r1
100058c4:	3908      	subs	r1, #8
100058c6:	9103      	str	r1, [sp, #12]
100058c8:	49c7      	ldr	r1, [pc, #796]	@ (10005be8 <hcd_rp2040_irq+0x390>)
100058ca:	4699      	mov	r9, r3
100058cc:	9117      	str	r1, [sp, #92]	@ 0x5c
100058ce:	49c7      	ldr	r1, [pc, #796]	@ (10005bec <hcd_rp2040_irq+0x394>)
100058d0:	2245      	movs	r2, #69	@ 0x45
100058d2:	910a      	str	r1, [sp, #40]	@ 0x28
100058d4:	49c6      	ldr	r1, [pc, #792]	@ (10005bf0 <hcd_rp2040_irq+0x398>)
100058d6:	260d      	movs	r6, #13
100058d8:	910b      	str	r1, [sp, #44]	@ 0x2c
100058da:	49c6      	ldr	r1, [pc, #792]	@ (10005bf4 <hcd_rp2040_irq+0x39c>)
100058dc:	4cc6      	ldr	r4, [pc, #792]	@ (10005bf8 <hcd_rp2040_irq+0x3a0>)
100058de:	9110      	str	r1, [sp, #64]	@ 0x40
100058e0:	49c6      	ldr	r1, [pc, #792]	@ (10005bfc <hcd_rp2040_irq+0x3a4>)
100058e2:	333c      	adds	r3, #60	@ 0x3c
100058e4:	910f      	str	r1, [sp, #60]	@ 0x3c
100058e6:	49c6      	ldr	r1, [pc, #792]	@ (10005c00 <hcd_rp2040_irq+0x3a8>)
100058e8:	910e      	str	r1, [sp, #56]	@ 0x38
100058ea:	49c6      	ldr	r1, [pc, #792]	@ (10005c04 <hcd_rp2040_irq+0x3ac>)
100058ec:	910d      	str	r1, [sp, #52]	@ 0x34
100058ee:	49c6      	ldr	r1, [pc, #792]	@ (10005c08 <hcd_rp2040_irq+0x3b0>)
100058f0:	910c      	str	r1, [sp, #48]	@ 0x30
100058f2:	49c6      	ldr	r1, [pc, #792]	@ (10005c0c <hcd_rp2040_irq+0x3b4>)
100058f4:	9116      	str	r1, [sp, #88]	@ 0x58
100058f6:	49c6      	ldr	r1, [pc, #792]	@ (10005c10 <hcd_rp2040_irq+0x3b8>)
100058f8:	9114      	str	r1, [sp, #80]	@ 0x50
100058fa:	49c6      	ldr	r1, [pc, #792]	@ (10005c14 <hcd_rp2040_irq+0x3bc>)
100058fc:	9115      	str	r1, [sp, #84]	@ 0x54
100058fe:	49c6      	ldr	r1, [pc, #792]	@ (10005c18 <hcd_rp2040_irq+0x3c0>)
10005900:	9113      	str	r1, [sp, #76]	@ 0x4c
10005902:	49c6      	ldr	r1, [pc, #792]	@ (10005c1c <hcd_rp2040_irq+0x3c4>)
10005904:	9112      	str	r1, [sp, #72]	@ 0x48
10005906:	49c6      	ldr	r1, [pc, #792]	@ (10005c20 <hcd_rp2040_irq+0x3c8>)
10005908:	9111      	str	r1, [sp, #68]	@ 0x44
1000590a:	49c6      	ldr	r1, [pc, #792]	@ (10005c24 <hcd_rp2040_irq+0x3cc>)
1000590c:	468a      	mov	sl, r1
1000590e:	0579      	lsls	r1, r7, #21
10005910:	d400      	bmi.n	10005914 <hcd_rp2040_irq+0xbc>
10005912:	e0e3      	b.n	10005adc <hcd_rp2040_irq+0x284>
10005914:	2280      	movs	r2, #128	@ 0x80
10005916:	4bb3      	ldr	r3, [pc, #716]	@ (10005be4 <hcd_rp2040_irq+0x38c>)
10005918:	48c3      	ldr	r0, [pc, #780]	@ (10005c28 <hcd_rp2040_irq+0x3d0>)
1000591a:	0592      	lsls	r2, r2, #22
1000591c:	651a      	str	r2, [r3, #80]	@ 0x50
1000591e:	7f43      	ldrb	r3, [r0, #29]
10005920:	ad19      	add	r5, sp, #100	@ 0x64
10005922:	4699      	mov	r9, r3
10005924:	7883      	ldrb	r3, [r0, #2]
10005926:	8ac6      	ldrh	r6, [r0, #22]
10005928:	4698      	mov	r8, r3
1000592a:	f000 ff9b 	bl	10006864 <hw_endpoint_reset_transfer>
1000592e:	2208      	movs	r2, #8
10005930:	2100      	movs	r1, #0
10005932:	0028      	movs	r0, r5
10005934:	f7fd fe74 	bl	10003620 <__wrap_memset>
10005938:	464a      	mov	r2, r9
1000593a:	2302      	movs	r3, #2
1000593c:	70aa      	strb	r2, [r5, #2]
1000593e:	4642      	mov	r2, r8
10005940:	706b      	strb	r3, [r5, #1]
10005942:	712a      	strb	r2, [r5, #4]
10005944:	716b      	strb	r3, [r5, #5]
10005946:	2101      	movs	r1, #1
10005948:	0028      	movs	r0, r5
1000594a:	961b      	str	r6, [sp, #108]	@ 0x6c
1000594c:	f005 fb7c 	bl	1000b048 <__hcd_event_handler_veneer>
10005950:	990f      	ldr	r1, [sp, #60]	@ 0x3c
10005952:	9b17      	ldr	r3, [sp, #92]	@ 0x5c
10005954:	9102      	str	r1, [sp, #8]
10005956:	990e      	ldr	r1, [sp, #56]	@ 0x38
10005958:	4699      	mov	r9, r3
1000595a:	9101      	str	r1, [sp, #4]
1000595c:	990d      	ldr	r1, [sp, #52]	@ 0x34
1000595e:	0025      	movs	r5, r4
10005960:	4688      	mov	r8, r1
10005962:	990c      	ldr	r1, [sp, #48]	@ 0x30
10005964:	9a0a      	ldr	r2, [sp, #40]	@ 0x28
10005966:	9109      	str	r1, [sp, #36]	@ 0x24
10005968:	9916      	ldr	r1, [sp, #88]	@ 0x58
1000596a:	9b0b      	ldr	r3, [sp, #44]	@ 0x2c
1000596c:	9108      	str	r1, [sp, #32]
1000596e:	9914      	ldr	r1, [sp, #80]	@ 0x50
10005970:	9e10      	ldr	r6, [sp, #64]	@ 0x40
10005972:	9107      	str	r1, [sp, #28]
10005974:	9915      	ldr	r1, [sp, #84]	@ 0x54
10005976:	9106      	str	r1, [sp, #24]
10005978:	9913      	ldr	r1, [sp, #76]	@ 0x4c
1000597a:	9105      	str	r1, [sp, #20]
1000597c:	9912      	ldr	r1, [sp, #72]	@ 0x48
1000597e:	9104      	str	r1, [sp, #16]
10005980:	9911      	ldr	r1, [sp, #68]	@ 0x44
10005982:	468b      	mov	fp, r1
10005984:	4651      	mov	r1, sl
10005986:	9103      	str	r1, [sp, #12]
10005988:	06f9      	lsls	r1, r7, #27
1000598a:	d400      	bmi.n	1000598e <hcd_rp2040_irq+0x136>
1000598c:	e0a9      	b.n	10005ae2 <hcd_rp2040_irq+0x28a>
1000598e:	4b94      	ldr	r3, [pc, #592]	@ (10005be0 <hcd_rp2040_irq+0x388>)
10005990:	6d9d      	ldr	r5, [r3, #88]	@ 0x58
10005992:	2301      	movs	r3, #1
10005994:	422b      	tst	r3, r5
10005996:	d000      	beq.n	1000599a <hcd_rp2040_irq+0x142>
10005998:	e15e      	b.n	10005c58 <hcd_rp2040_irq+0x400>
1000599a:	2301      	movs	r3, #1
1000599c:	469a      	mov	sl, r3
1000599e:	4b91      	ldr	r3, [pc, #580]	@ (10005be4 <hcd_rp2040_irq+0x38c>)
100059a0:	46b8      	mov	r8, r7
100059a2:	2403      	movs	r4, #3
100059a4:	4699      	mov	r9, r3
100059a6:	002f      	movs	r7, r5
100059a8:	4ea0      	ldr	r6, [pc, #640]	@ (10005c2c <hcd_rp2040_irq+0x3d4>)
100059aa:	e003      	b.n	100059b4 <hcd_rp2040_irq+0x15c>
100059ac:	3402      	adds	r4, #2
100059ae:	3620      	adds	r6, #32
100059b0:	2c21      	cmp	r4, #33	@ 0x21
100059b2:	d019      	beq.n	100059e8 <hcd_rp2040_irq+0x190>
100059b4:	2f00      	cmp	r7, #0
100059b6:	d100      	bne.n	100059ba <hcd_rp2040_irq+0x162>
100059b8:	e10f      	b.n	10005bda <hcd_rp2040_irq+0x382>
100059ba:	4655      	mov	r5, sl
100059bc:	1e63      	subs	r3, r4, #1
100059be:	409d      	lsls	r5, r3
100059c0:	423d      	tst	r5, r7
100059c2:	d000      	beq.n	100059c6 <hcd_rp2040_irq+0x16e>
100059c4:	e0e3      	b.n	10005b8e <hcd_rp2040_irq+0x336>
100059c6:	4655      	mov	r5, sl
100059c8:	40a5      	lsls	r5, r4
100059ca:	423d      	tst	r5, r7
100059cc:	d0ee      	beq.n	100059ac <hcd_rp2040_irq+0x154>
100059ce:	464b      	mov	r3, r9
100059d0:	0030      	movs	r0, r6
100059d2:	659d      	str	r5, [r3, #88]	@ 0x58
100059d4:	f001 f850 	bl	10006a78 <hw_endpoint_xfer_continue>
100059d8:	2800      	cmp	r0, #0
100059da:	d000      	beq.n	100059de <hcd_rp2040_irq+0x186>
100059dc:	e0ba      	b.n	10005b54 <hcd_rp2040_irq+0x2fc>
100059de:	43af      	bics	r7, r5
100059e0:	3402      	adds	r4, #2
100059e2:	3620      	adds	r6, #32
100059e4:	2c21      	cmp	r4, #33	@ 0x21
100059e6:	d1e5      	bne.n	100059b4 <hcd_rp2040_irq+0x15c>
100059e8:	1e3d      	subs	r5, r7, #0
100059ea:	4647      	mov	r7, r8
100059ec:	d000      	beq.n	100059f0 <hcd_rp2040_irq+0x198>
100059ee:	e166      	b.n	10005cbe <hcd_rp2040_irq+0x466>
100059f0:	2408      	movs	r4, #8
100059f2:	9905      	ldr	r1, [sp, #20]
100059f4:	9b09      	ldr	r3, [sp, #36]	@ 0x24
100059f6:	9102      	str	r1, [sp, #8]
100059f8:	9904      	ldr	r1, [sp, #16]
100059fa:	4699      	mov	r9, r3
100059fc:	46d8      	mov	r8, fp
100059fe:	9a08      	ldr	r2, [sp, #32]
10005a00:	9b07      	ldr	r3, [sp, #28]
10005a02:	9e06      	ldr	r6, [sp, #24]
10005a04:	9d03      	ldr	r5, [sp, #12]
10005a06:	9101      	str	r1, [sp, #4]
10005a08:	423c      	tst	r4, r7
10005a0a:	d16d      	bne.n	10005ae8 <hcd_rp2040_irq+0x290>
10005a0c:	0679      	lsls	r1, r7, #25
10005a0e:	d505      	bpl.n	10005a1c <hcd_rp2040_irq+0x1c4>
10005a10:	2080      	movs	r0, #128	@ 0x80
10005a12:	4691      	mov	r9, r2
10005a14:	001d      	movs	r5, r3
10005a16:	4973      	ldr	r1, [pc, #460]	@ (10005be4 <hcd_rp2040_irq+0x38c>)
10005a18:	0500      	lsls	r0, r0, #20
10005a1a:	6508      	str	r0, [r1, #80]	@ 0x50
10005a1c:	2320      	movs	r3, #32
10005a1e:	001a      	movs	r2, r3
10005a20:	403a      	ands	r2, r7
10005a22:	423b      	tst	r3, r7
10005a24:	d000      	beq.n	10005a28 <hcd_rp2040_irq+0x1d0>
10005a26:	e143      	b.n	10005cb0 <hcd_rp2040_irq+0x458>
10005a28:	077b      	lsls	r3, r7, #29
10005a2a:	d50f      	bpl.n	10005a4c <hcd_rp2040_irq+0x1f4>
10005a2c:	4b6c      	ldr	r3, [pc, #432]	@ (10005be0 <hcd_rp2040_irq+0x388>)
10005a2e:	6c9b      	ldr	r3, [r3, #72]	@ 0x48
10005a30:	4b7f      	ldr	r3, [pc, #508]	@ (10005c30 <hcd_rp2040_irq+0x3d8>)
10005a32:	2b00      	cmp	r3, #0
10005a34:	d009      	beq.n	10005a4a <hcd_rp2040_irq+0x1f2>
10005a36:	23c0      	movs	r3, #192	@ 0xc0
10005a38:	a819      	add	r0, sp, #100	@ 0x64
10005a3a:	009b      	lsls	r3, r3, #2
10005a3c:	8003      	strh	r3, [r0, #0]
10005a3e:	4b7d      	ldr	r3, [pc, #500]	@ (10005c34 <hcd_rp2040_irq+0x3dc>)
10005a40:	2101      	movs	r1, #1
10005a42:	6043      	str	r3, [r0, #4]
10005a44:	6082      	str	r2, [r0, #8]
10005a46:	f005 faff 	bl	1000b048 <__hcd_event_handler_veneer>
10005a4a:	464d      	mov	r5, r9
10005a4c:	42bd      	cmp	r5, r7
10005a4e:	d000      	beq.n	10005a52 <hcd_rp2040_irq+0x1fa>
10005a50:	e129      	b.n	10005ca6 <hcd_rp2040_irq+0x44e>
10005a52:	b01d      	add	sp, #116	@ 0x74
10005a54:	bcf0      	pop	{r4, r5, r6, r7}
10005a56:	46bb      	mov	fp, r7
10005a58:	46b2      	mov	sl, r6
10005a5a:	46a9      	mov	r9, r5
10005a5c:	46a0      	mov	r8, r4
10005a5e:	bdf0      	pop	{r4, r5, r6, r7, pc}
10005a60:	214c      	movs	r1, #76	@ 0x4c
10005a62:	9102      	str	r1, [sp, #8]
10005a64:	3904      	subs	r1, #4
10005a66:	2304      	movs	r3, #4
10005a68:	2480      	movs	r4, #128	@ 0x80
10005a6a:	9101      	str	r1, [sp, #4]
10005a6c:	3940      	subs	r1, #64	@ 0x40
10005a6e:	4688      	mov	r8, r1
10005a70:	310c      	adds	r1, #12
10005a72:	9109      	str	r1, [sp, #36]	@ 0x24
10005a74:	3140      	adds	r1, #64	@ 0x40
10005a76:	9108      	str	r1, [sp, #32]
10005a78:	3904      	subs	r1, #4
10005a7a:	9107      	str	r1, [sp, #28]
10005a7c:	3934      	subs	r1, #52	@ 0x34
10005a7e:	9106      	str	r1, [sp, #24]
10005a80:	3140      	adds	r1, #64	@ 0x40
10005a82:	9105      	str	r1, [sp, #20]
10005a84:	3904      	subs	r1, #4
10005a86:	9104      	str	r1, [sp, #16]
10005a88:	3940      	subs	r1, #64	@ 0x40
10005a8a:	468b      	mov	fp, r1
10005a8c:	3908      	subs	r1, #8
10005a8e:	9103      	str	r1, [sp, #12]
10005a90:	4969      	ldr	r1, [pc, #420]	@ (10005c38 <hcd_rp2040_irq+0x3e0>)
10005a92:	4699      	mov	r9, r3
10005a94:	9117      	str	r1, [sp, #92]	@ 0x5c
10005a96:	4969      	ldr	r1, [pc, #420]	@ (10005c3c <hcd_rp2040_irq+0x3e4>)
10005a98:	2244      	movs	r2, #68	@ 0x44
10005a9a:	910a      	str	r1, [sp, #40]	@ 0x28
10005a9c:	3904      	subs	r1, #4
10005a9e:	910b      	str	r1, [sp, #44]	@ 0x2c
10005aa0:	4967      	ldr	r1, [pc, #412]	@ (10005c40 <hcd_rp2040_irq+0x3e8>)
10005aa2:	260c      	movs	r6, #12
10005aa4:	9110      	str	r1, [sp, #64]	@ 0x40
10005aa6:	4967      	ldr	r1, [pc, #412]	@ (10005c44 <hcd_rp2040_irq+0x3ec>)
10005aa8:	333c      	adds	r3, #60	@ 0x3c
10005aaa:	910f      	str	r1, [sp, #60]	@ 0x3c
10005aac:	3904      	subs	r1, #4
10005aae:	910e      	str	r1, [sp, #56]	@ 0x38
10005ab0:	3940      	subs	r1, #64	@ 0x40
10005ab2:	910d      	str	r1, [sp, #52]	@ 0x34
10005ab4:	4964      	ldr	r1, [pc, #400]	@ (10005c48 <hcd_rp2040_irq+0x3f0>)
10005ab6:	00e4      	lsls	r4, r4, #3
10005ab8:	910c      	str	r1, [sp, #48]	@ 0x30
10005aba:	4964      	ldr	r1, [pc, #400]	@ (10005c4c <hcd_rp2040_irq+0x3f4>)
10005abc:	9116      	str	r1, [sp, #88]	@ 0x58
10005abe:	3904      	subs	r1, #4
10005ac0:	9114      	str	r1, [sp, #80]	@ 0x50
10005ac2:	4963      	ldr	r1, [pc, #396]	@ (10005c50 <hcd_rp2040_irq+0x3f8>)
10005ac4:	9115      	str	r1, [sp, #84]	@ 0x54
10005ac6:	4963      	ldr	r1, [pc, #396]	@ (10005c54 <hcd_rp2040_irq+0x3fc>)
10005ac8:	9113      	str	r1, [sp, #76]	@ 0x4c
10005aca:	3904      	subs	r1, #4
10005acc:	9112      	str	r1, [sp, #72]	@ 0x48
10005ace:	3940      	subs	r1, #64	@ 0x40
10005ad0:	9111      	str	r1, [sp, #68]	@ 0x44
10005ad2:	3908      	subs	r1, #8
10005ad4:	468a      	mov	sl, r1
10005ad6:	0579      	lsls	r1, r7, #21
10005ad8:	d500      	bpl.n	10005adc <hcd_rp2040_irq+0x284>
10005ada:	e71b      	b.n	10005914 <hcd_rp2040_irq+0xbc>
10005adc:	06f9      	lsls	r1, r7, #27
10005ade:	d500      	bpl.n	10005ae2 <hcd_rp2040_irq+0x28a>
10005ae0:	e755      	b.n	1000598e <hcd_rp2040_irq+0x136>
10005ae2:	2408      	movs	r4, #8
10005ae4:	423c      	tst	r4, r7
10005ae6:	d091      	beq.n	10005a0c <hcd_rp2040_irq+0x1b4>
10005ae8:	2280      	movs	r2, #128	@ 0x80
10005aea:	4b3e      	ldr	r3, [pc, #248]	@ (10005be4 <hcd_rp2040_irq+0x38c>)
10005aec:	02d2      	lsls	r2, r2, #11
10005aee:	651a      	str	r2, [r3, #80]	@ 0x50
10005af0:	2202      	movs	r2, #2
10005af2:	4b3b      	ldr	r3, [pc, #236]	@ (10005be0 <hcd_rp2040_irq+0x388>)
10005af4:	4691      	mov	r9, r2
10005af6:	6cdb      	ldr	r3, [r3, #76]	@ 0x4c
10005af8:	421a      	tst	r2, r3
10005afa:	d10d      	bne.n	10005b18 <hcd_rp2040_irq+0x2c0>
10005afc:	46b1      	mov	r9, r6
10005afe:	4645      	mov	r5, r8
10005b00:	9a02      	ldr	r2, [sp, #8]
10005b02:	9b01      	ldr	r3, [sp, #4]
10005b04:	e782      	b.n	10005a0c <hcd_rp2040_irq+0x1b4>
10005b06:	2300      	movs	r3, #0
10005b08:	aa18      	add	r2, sp, #96	@ 0x60
10005b0a:	2101      	movs	r1, #1
10005b0c:	8093      	strh	r3, [r2, #4]
10005b0e:	8113      	strh	r3, [r2, #8]
10005b10:	a819      	add	r0, sp, #100	@ 0x64
10005b12:	f005 fa99 	bl	1000b048 <__hcd_event_handler_veneer>
10005b16:	e6bc      	b.n	10005892 <hcd_rp2040_irq+0x3a>
10005b18:	4843      	ldr	r0, [pc, #268]	@ (10005c28 <hcd_rp2040_irq+0x3d0>)
10005b1a:	ad19      	add	r5, sp, #100	@ 0x64
10005b1c:	7f43      	ldrb	r3, [r0, #29]
10005b1e:	82c4      	strh	r4, [r0, #22]
10005b20:	469b      	mov	fp, r3
10005b22:	7883      	ldrb	r3, [r0, #2]
10005b24:	469a      	mov	sl, r3
10005b26:	f000 fe9d 	bl	10006864 <hw_endpoint_reset_transfer>
10005b2a:	2208      	movs	r2, #8
10005b2c:	2100      	movs	r1, #0
10005b2e:	0028      	movs	r0, r5
10005b30:	f7fd fd76 	bl	10003620 <__wrap_memset>
10005b34:	464b      	mov	r3, r9
10005b36:	706b      	strb	r3, [r5, #1]
10005b38:	465b      	mov	r3, fp
10005b3a:	70ab      	strb	r3, [r5, #2]
10005b3c:	4653      	mov	r3, sl
10005b3e:	0028      	movs	r0, r5
10005b40:	712b      	strb	r3, [r5, #4]
10005b42:	2101      	movs	r1, #1
10005b44:	941b      	str	r4, [sp, #108]	@ 0x6c
10005b46:	46b1      	mov	r9, r6
10005b48:	f005 fa7e 	bl	1000b048 <__hcd_event_handler_veneer>
10005b4c:	4645      	mov	r5, r8
10005b4e:	9a02      	ldr	r2, [sp, #8]
10005b50:	9b01      	ldr	r3, [sp, #4]
10005b52:	e75b      	b.n	10005a0c <hcd_rp2040_irq+0x1b4>
10005b54:	7f73      	ldrb	r3, [r6, #29]
10005b56:	78b2      	ldrb	r2, [r6, #2]
10005b58:	8af1      	ldrh	r1, [r6, #22]
10005b5a:	0030      	movs	r0, r6
10005b5c:	9301      	str	r3, [sp, #4]
10005b5e:	9202      	str	r2, [sp, #8]
10005b60:	910a      	str	r1, [sp, #40]	@ 0x28
10005b62:	f000 fe7f 	bl	10006864 <hw_endpoint_reset_transfer>
10005b66:	2208      	movs	r2, #8
10005b68:	2100      	movs	r1, #0
10005b6a:	a819      	add	r0, sp, #100	@ 0x64
10005b6c:	f7fd fd58 	bl	10003620 <__wrap_memset>
10005b70:	2302      	movs	r3, #2
10005b72:	a818      	add	r0, sp, #96	@ 0x60
10005b74:	7143      	strb	r3, [r0, #5]
10005b76:	990a      	ldr	r1, [sp, #40]	@ 0x28
10005b78:	9b01      	ldr	r3, [sp, #4]
10005b7a:	9a02      	ldr	r2, [sp, #8]
10005b7c:	7183      	strb	r3, [r0, #6]
10005b7e:	7202      	strb	r2, [r0, #8]
10005b80:	911b      	str	r1, [sp, #108]	@ 0x6c
10005b82:	a819      	add	r0, sp, #100	@ 0x64
10005b84:	2101      	movs	r1, #1
10005b86:	f005 fa5f 	bl	1000b048 <__hcd_event_handler_veneer>
10005b8a:	43af      	bics	r7, r5
10005b8c:	e728      	b.n	100059e0 <hcd_rp2040_irq+0x188>
10005b8e:	464b      	mov	r3, r9
10005b90:	0030      	movs	r0, r6
10005b92:	659d      	str	r5, [r3, #88]	@ 0x58
10005b94:	f000 ff70 	bl	10006a78 <hw_endpoint_xfer_continue>
10005b98:	2800      	cmp	r0, #0
10005b9a:	d101      	bne.n	10005ba0 <hcd_rp2040_irq+0x348>
10005b9c:	43af      	bics	r7, r5
10005b9e:	e712      	b.n	100059c6 <hcd_rp2040_irq+0x16e>
10005ba0:	7f73      	ldrb	r3, [r6, #29]
10005ba2:	78b2      	ldrb	r2, [r6, #2]
10005ba4:	8af1      	ldrh	r1, [r6, #22]
10005ba6:	0030      	movs	r0, r6
10005ba8:	9301      	str	r3, [sp, #4]
10005baa:	9202      	str	r2, [sp, #8]
10005bac:	910a      	str	r1, [sp, #40]	@ 0x28
10005bae:	f000 fe59 	bl	10006864 <hw_endpoint_reset_transfer>
10005bb2:	2208      	movs	r2, #8
10005bb4:	2100      	movs	r1, #0
10005bb6:	a819      	add	r0, sp, #100	@ 0x64
10005bb8:	f7fd fd32 	bl	10003620 <__wrap_memset>
10005bbc:	2302      	movs	r3, #2
10005bbe:	a818      	add	r0, sp, #96	@ 0x60
10005bc0:	7143      	strb	r3, [r0, #5]
10005bc2:	990a      	ldr	r1, [sp, #40]	@ 0x28
10005bc4:	9b01      	ldr	r3, [sp, #4]
10005bc6:	9a02      	ldr	r2, [sp, #8]
10005bc8:	7183      	strb	r3, [r0, #6]
10005bca:	7202      	strb	r2, [r0, #8]
10005bcc:	911b      	str	r1, [sp, #108]	@ 0x6c
10005bce:	a819      	add	r0, sp, #100	@ 0x64
10005bd0:	2101      	movs	r1, #1
10005bd2:	f005 fa39 	bl	1000b048 <__hcd_event_handler_veneer>
10005bd6:	43af      	bics	r7, r5
10005bd8:	e6f5      	b.n	100059c6 <hcd_rp2040_irq+0x16e>
10005bda:	4647      	mov	r7, r8
10005bdc:	e708      	b.n	100059f0 <hcd_rp2040_irq+0x198>
10005bde:	46c0      	nop			@ (mov r8, r8)
10005be0:	50110000 	.word	0x50110000
10005be4:	50113000 	.word	0x50113000
10005be8:	00000405 	.word	0x00000405
10005bec:	00000445 	.word	0x00000445
10005bf0:	00000441 	.word	0x00000441
10005bf4:	0000040d 	.word	0x0000040d
10005bf8:	00000401 	.word	0x00000401
10005bfc:	0000044d 	.word	0x0000044d
10005c00:	00000449 	.word	0x00000449
10005c04:	00000409 	.word	0x00000409
10005c08:	00000415 	.word	0x00000415
10005c0c:	00000455 	.word	0x00000455
10005c10:	00000451 	.word	0x00000451
10005c14:	0000041d 	.word	0x0000041d
10005c18:	0000045d 	.word	0x0000045d
10005c1c:	00000459 	.word	0x00000459
10005c20:	00000419 	.word	0x00000419
10005c24:	00000411 	.word	0x00000411
10005c28:	20003ef4 	.word	0x20003ef4
10005c2c:	20003f14 	.word	0x20003f14
10005c30:	10000581 	.word	0x10000581
10005c34:	10005851 	.word	0x10005851
10005c38:	00000404 	.word	0x00000404
10005c3c:	00000444 	.word	0x00000444
10005c40:	0000040c 	.word	0x0000040c
10005c44:	0000044c 	.word	0x0000044c
10005c48:	00000414 	.word	0x00000414
10005c4c:	00000454 	.word	0x00000454
10005c50:	0000041c 	.word	0x0000041c
10005c54:	0000045c 	.word	0x0000045c
10005c58:	4c1b      	ldr	r4, [pc, #108]	@ (10005cc8 <hcd_rp2040_irq+0x470>)
10005c5a:	6862      	ldr	r2, [r4, #4]
10005c5c:	0020      	movs	r0, r4
10005c5e:	6812      	ldr	r2, [r2, #0]
10005c60:	4a1a      	ldr	r2, [pc, #104]	@ (10005ccc <hcd_rp2040_irq+0x474>)
10005c62:	6593      	str	r3, [r2, #88]	@ 0x58
10005c64:	f000 ff08 	bl	10006a78 <hw_endpoint_xfer_continue>
10005c68:	2800      	cmp	r0, #0
10005c6a:	d102      	bne.n	10005c72 <hcd_rp2040_irq+0x41a>
10005c6c:	2301      	movs	r3, #1
10005c6e:	439d      	bics	r5, r3
10005c70:	e693      	b.n	1000599a <hcd_rp2040_irq+0x142>
10005c72:	78a3      	ldrb	r3, [r4, #2]
10005c74:	7f66      	ldrb	r6, [r4, #29]
10005c76:	4698      	mov	r8, r3
10005c78:	8ae3      	ldrh	r3, [r4, #22]
10005c7a:	0020      	movs	r0, r4
10005c7c:	ac19      	add	r4, sp, #100	@ 0x64
10005c7e:	4699      	mov	r9, r3
10005c80:	f000 fdf0 	bl	10006864 <hw_endpoint_reset_transfer>
10005c84:	2208      	movs	r2, #8
10005c86:	2100      	movs	r1, #0
10005c88:	0020      	movs	r0, r4
10005c8a:	f7fd fcc9 	bl	10003620 <__wrap_memset>
10005c8e:	2302      	movs	r3, #2
10005c90:	7063      	strb	r3, [r4, #1]
10005c92:	4643      	mov	r3, r8
10005c94:	7123      	strb	r3, [r4, #4]
10005c96:	464b      	mov	r3, r9
10005c98:	70a6      	strb	r6, [r4, #2]
10005c9a:	2101      	movs	r1, #1
10005c9c:	0020      	movs	r0, r4
10005c9e:	931b      	str	r3, [sp, #108]	@ 0x6c
10005ca0:	f005 f9d2 	bl	1000b048 <__hcd_event_handler_veneer>
10005ca4:	e7e2      	b.n	10005c6c <hcd_rp2040_irq+0x414>
10005ca6:	0029      	movs	r1, r5
10005ca8:	4809      	ldr	r0, [pc, #36]	@ (10005cd0 <hcd_rp2040_irq+0x478>)
10005caa:	4079      	eors	r1, r7
10005cac:	f7fb fd4e 	bl	1000174c <panic>
10005cb0:	2280      	movs	r2, #128	@ 0x80
10005cb2:	4b06      	ldr	r3, [pc, #24]	@ (10005ccc <hcd_rp2040_irq+0x474>)
10005cb4:	0612      	lsls	r2, r2, #24
10005cb6:	4807      	ldr	r0, [pc, #28]	@ (10005cd4 <hcd_rp2040_irq+0x47c>)
10005cb8:	651a      	str	r2, [r3, #80]	@ 0x50
10005cba:	f7fb fd47 	bl	1000174c <panic>
10005cbe:	0029      	movs	r1, r5
10005cc0:	4805      	ldr	r0, [pc, #20]	@ (10005cd8 <hcd_rp2040_irq+0x480>)
10005cc2:	f7fb fd43 	bl	1000174c <panic>
10005cc6:	46c0      	nop			@ (mov r8, r8)
10005cc8:	20003ef4 	.word	0x20003ef4
10005ccc:	50113000 	.word	0x50113000
10005cd0:	1000b274 	.word	0x1000b274
10005cd4:	1000b260 	.word	0x1000b260
10005cd8:	1000b248 	.word	0x1000b248

10005cdc <hcd_init>:
10005cdc:	b570      	push	{r4, r5, r6, lr}
10005cde:	f000 fda1 	bl	10006824 <rp2040_usb_init>
10005ce2:	230c      	movs	r3, #12
10005ce4:	4c0d      	ldr	r4, [pc, #52]	@ (10005d1c <hcd_init+0x40>)
10005ce6:	4d0e      	ldr	r5, [pc, #56]	@ (10005d20 <hcd_init+0x44>)
10005ce8:	67a3      	str	r3, [r4, #120]	@ 0x78
10005cea:	0029      	movs	r1, r5
10005cec:	2005      	movs	r0, #5
10005cee:	f7fb ff35 	bl	10001b5c <irq_remove_handler>
10005cf2:	0029      	movs	r1, r5
10005cf4:	22ff      	movs	r2, #255	@ 0xff
10005cf6:	2005      	movs	r0, #5
10005cf8:	f7fb fe36 	bl	10001968 <irq_add_shared_handler>
10005cfc:	2280      	movs	r2, #128	@ 0x80
10005cfe:	2100      	movs	r1, #0
10005d00:	0092      	lsls	r2, r2, #2
10005d02:	4808      	ldr	r0, [pc, #32]	@ (10005d24 <hcd_init+0x48>)
10005d04:	f7fd fc8c 	bl	10003620 <__wrap_memset>
10005d08:	2303      	movs	r3, #3
10005d0a:	6423      	str	r3, [r4, #64]	@ 0x40
10005d0c:	4b06      	ldr	r3, [pc, #24]	@ (10005d28 <hcd_init+0x4c>)
10005d0e:	4a07      	ldr	r2, [pc, #28]	@ (10005d2c <hcd_init+0x50>)
10005d10:	64e3      	str	r3, [r4, #76]	@ 0x4c
10005d12:	2390      	movs	r3, #144	@ 0x90
10005d14:	2001      	movs	r0, #1
10005d16:	50e2      	str	r2, [r4, r3]
10005d18:	bd70      	pop	{r4, r5, r6, pc}
10005d1a:	46c0      	nop			@ (mov r8, r8)
10005d1c:	50110000 	.word	0x50110000
10005d20:	10005859 	.word	0x10005859
10005d24:	20003ef4 	.word	0x20003ef4
10005d28:	20008600 	.word	0x20008600
10005d2c:	0000047f 	.word	0x0000047f

10005d30 <hcd_port_reset>:
10005d30:	4770      	bx	lr
10005d32:	46c0      	nop			@ (mov r8, r8)

10005d34 <hcd_port_reset_end>:
10005d34:	4770      	bx	lr
10005d36:	46c0      	nop			@ (mov r8, r8)

10005d38 <hcd_port_connect_status>:
10005d38:	4b04      	ldr	r3, [pc, #16]	@ (10005d4c <hcd_port_connect_status+0x14>)
10005d3a:	6d18      	ldr	r0, [r3, #80]	@ 0x50
10005d3c:	23c0      	movs	r3, #192	@ 0xc0
10005d3e:	009b      	lsls	r3, r3, #2
10005d40:	4018      	ands	r0, r3
10005d42:	1e43      	subs	r3, r0, #1
10005d44:	4198      	sbcs	r0, r3
10005d46:	b2c0      	uxtb	r0, r0
10005d48:	4770      	bx	lr
10005d4a:	46c0      	nop			@ (mov r8, r8)
10005d4c:	50110000 	.word	0x50110000

10005d50 <hcd_port_speed_get>:
10005d50:	4b06      	ldr	r3, [pc, #24]	@ (10005d6c <hcd_port_speed_get+0x1c>)
10005d52:	b510      	push	{r4, lr}
10005d54:	6d18      	ldr	r0, [r3, #80]	@ 0x50
10005d56:	0580      	lsls	r0, r0, #22
10005d58:	0f80      	lsrs	r0, r0, #30
10005d5a:	2801      	cmp	r0, #1
10005d5c:	d002      	beq.n	10005d64 <hcd_port_speed_get+0x14>
10005d5e:	2802      	cmp	r0, #2
10005d60:	d101      	bne.n	10005d66 <hcd_port_speed_get+0x16>
10005d62:	2000      	movs	r0, #0
10005d64:	bd10      	pop	{r4, pc}
10005d66:	4802      	ldr	r0, [pc, #8]	@ (10005d70 <hcd_port_speed_get+0x20>)
10005d68:	f7fb fcf0 	bl	1000174c <panic>
10005d6c:	50110000 	.word	0x50110000
10005d70:	1000b288 	.word	0x1000b288

10005d74 <hcd_device_close>:
10005d74:	b570      	push	{r4, r5, r6, lr}
10005d76:	1e0d      	subs	r5, r1, #0
10005d78:	d050      	beq.n	10005e1c <hcd_device_close+0xa8>
10005d7a:	233d      	movs	r3, #61	@ 0x3d
10005d7c:	4cdb      	ldr	r4, [pc, #876]	@ (100060ec <hcd_device_close+0x378>)
10005d7e:	5ce3      	ldrb	r3, [r4, r3]
10005d80:	428b      	cmp	r3, r1
10005d82:	d100      	bne.n	10005d86 <hcd_device_close+0x12>
10005d84:	e20e      	b.n	100061a4 <hcd_device_close+0x430>
10005d86:	235d      	movs	r3, #93	@ 0x5d
10005d88:	5ce3      	ldrb	r3, [r4, r3]
10005d8a:	42ab      	cmp	r3, r5
10005d8c:	d100      	bne.n	10005d90 <hcd_device_close+0x1c>
10005d8e:	e1ed      	b.n	1000616c <hcd_device_close+0x3f8>
10005d90:	237d      	movs	r3, #125	@ 0x7d
10005d92:	5ce3      	ldrb	r3, [r4, r3]
10005d94:	42ab      	cmp	r3, r5
10005d96:	d100      	bne.n	10005d9a <hcd_device_close+0x26>
10005d98:	e1cc      	b.n	10006134 <hcd_device_close+0x3c0>
10005d9a:	239d      	movs	r3, #157	@ 0x9d
10005d9c:	5ce3      	ldrb	r3, [r4, r3]
10005d9e:	42ab      	cmp	r3, r5
10005da0:	d100      	bne.n	10005da4 <hcd_device_close+0x30>
10005da2:	e1a9      	b.n	100060f8 <hcd_device_close+0x384>
10005da4:	23bd      	movs	r3, #189	@ 0xbd
10005da6:	5ce3      	ldrb	r3, [r4, r3]
10005da8:	42ab      	cmp	r3, r5
10005daa:	d100      	bne.n	10005dae <hcd_device_close+0x3a>
10005dac:	e17f      	b.n	100060ae <hcd_device_close+0x33a>
10005dae:	23dd      	movs	r3, #221	@ 0xdd
10005db0:	5ce3      	ldrb	r3, [r4, r3]
10005db2:	42ab      	cmp	r3, r5
10005db4:	d100      	bne.n	10005db8 <hcd_device_close+0x44>
10005db6:	e15c      	b.n	10006072 <hcd_device_close+0x2fe>
10005db8:	23fd      	movs	r3, #253	@ 0xfd
10005dba:	5ce3      	ldrb	r3, [r4, r3]
10005dbc:	42ab      	cmp	r3, r5
10005dbe:	d100      	bne.n	10005dc2 <hcd_device_close+0x4e>
10005dc0:	e139      	b.n	10006036 <hcd_device_close+0x2c2>
10005dc2:	231e      	movs	r3, #30
10005dc4:	33ff      	adds	r3, #255	@ 0xff
10005dc6:	5ce3      	ldrb	r3, [r4, r3]
10005dc8:	42ab      	cmp	r3, r5
10005dca:	d100      	bne.n	10005dce <hcd_device_close+0x5a>
10005dcc:	e112      	b.n	10005ff4 <hcd_device_close+0x280>
10005dce:	233e      	movs	r3, #62	@ 0x3e
10005dd0:	33ff      	adds	r3, #255	@ 0xff
10005dd2:	5ce3      	ldrb	r3, [r4, r3]
10005dd4:	42ab      	cmp	r3, r5
10005dd6:	d100      	bne.n	10005dda <hcd_device_close+0x66>
10005dd8:	e0ea      	b.n	10005fb0 <hcd_device_close+0x23c>
10005dda:	235e      	movs	r3, #94	@ 0x5e
10005ddc:	33ff      	adds	r3, #255	@ 0xff
10005dde:	5ce3      	ldrb	r3, [r4, r3]
10005de0:	42ab      	cmp	r3, r5
10005de2:	d100      	bne.n	10005de6 <hcd_device_close+0x72>
10005de4:	e0c2      	b.n	10005f6c <hcd_device_close+0x1f8>
10005de6:	237e      	movs	r3, #126	@ 0x7e
10005de8:	33ff      	adds	r3, #255	@ 0xff
10005dea:	5ce3      	ldrb	r3, [r4, r3]
10005dec:	42ab      	cmp	r3, r5
10005dee:	d100      	bne.n	10005df2 <hcd_device_close+0x7e>
10005df0:	e09a      	b.n	10005f28 <hcd_device_close+0x1b4>
10005df2:	239e      	movs	r3, #158	@ 0x9e
10005df4:	33ff      	adds	r3, #255	@ 0xff
10005df6:	5ce3      	ldrb	r3, [r4, r3]
10005df8:	42ab      	cmp	r3, r5
10005dfa:	d100      	bne.n	10005dfe <hcd_device_close+0x8a>
10005dfc:	e072      	b.n	10005ee4 <hcd_device_close+0x170>
10005dfe:	23be      	movs	r3, #190	@ 0xbe
10005e00:	33ff      	adds	r3, #255	@ 0xff
10005e02:	5ce3      	ldrb	r3, [r4, r3]
10005e04:	42ab      	cmp	r3, r5
10005e06:	d04c      	beq.n	10005ea2 <hcd_device_close+0x12e>
10005e08:	23de      	movs	r3, #222	@ 0xde
10005e0a:	33ff      	adds	r3, #255	@ 0xff
10005e0c:	5ce3      	ldrb	r3, [r4, r3]
10005e0e:	42ab      	cmp	r3, r5
10005e10:	d026      	beq.n	10005e60 <hcd_device_close+0xec>
10005e12:	23fe      	movs	r3, #254	@ 0xfe
10005e14:	33ff      	adds	r3, #255	@ 0xff
10005e16:	5ce3      	ldrb	r3, [r4, r3]
10005e18:	42ab      	cmp	r3, r5
10005e1a:	d000      	beq.n	10005e1e <hcd_device_close+0xaa>
10005e1c:	bd70      	pop	{r4, r5, r6, pc}
10005e1e:	23f0      	movs	r3, #240	@ 0xf0
10005e20:	005b      	lsls	r3, r3, #1
10005e22:	5ce2      	ldrb	r2, [r4, r3]
10005e24:	2a00      	cmp	r2, #0
10005e26:	d0f9      	beq.n	10005e1c <hcd_device_close+0xa8>
10005e28:	22ff      	movs	r2, #255	@ 0xff
10005e2a:	2101      	movs	r1, #1
10005e2c:	0052      	lsls	r2, r2, #1
10005e2e:	5ca2      	ldrb	r2, [r4, r2]
10005e30:	1c50      	adds	r0, r2, #1
10005e32:	4081      	lsls	r1, r0
10005e34:	48ae      	ldr	r0, [pc, #696]	@ (100060f0 <hcd_device_close+0x37c>)
10005e36:	0092      	lsls	r2, r2, #2
10005e38:	6541      	str	r1, [r0, #84]	@ 0x54
10005e3a:	49ae      	ldr	r1, [pc, #696]	@ (100060f4 <hcd_device_close+0x380>)
10005e3c:	0020      	movs	r0, r4
10005e3e:	468c      	mov	ip, r1
10005e40:	2100      	movs	r1, #0
10005e42:	4462      	add	r2, ip
10005e44:	6051      	str	r1, [r2, #4]
10005e46:	54e1      	strb	r1, [r4, r3]
10005e48:	3304      	adds	r3, #4
10005e4a:	58e3      	ldr	r3, [r4, r3]
10005e4c:	30e1      	adds	r0, #225	@ 0xe1
10005e4e:	6019      	str	r1, [r3, #0]
10005e50:	23f4      	movs	r3, #244	@ 0xf4
10005e52:	005b      	lsls	r3, r3, #1
10005e54:	58e3      	ldr	r3, [r4, r3]
10005e56:	30ff      	adds	r0, #255	@ 0xff
10005e58:	6019      	str	r1, [r3, #0]
10005e5a:	f000 fd03 	bl	10006864 <hw_endpoint_reset_transfer>
10005e5e:	e7dd      	b.n	10005e1c <hcd_device_close+0xa8>
10005e60:	23e0      	movs	r3, #224	@ 0xe0
10005e62:	005b      	lsls	r3, r3, #1
10005e64:	5ce2      	ldrb	r2, [r4, r3]
10005e66:	2a00      	cmp	r2, #0
10005e68:	d0d3      	beq.n	10005e12 <hcd_device_close+0x9e>
10005e6a:	22ef      	movs	r2, #239	@ 0xef
10005e6c:	2101      	movs	r1, #1
10005e6e:	0052      	lsls	r2, r2, #1
10005e70:	5ca2      	ldrb	r2, [r4, r2]
10005e72:	1c50      	adds	r0, r2, #1
10005e74:	4081      	lsls	r1, r0
10005e76:	489e      	ldr	r0, [pc, #632]	@ (100060f0 <hcd_device_close+0x37c>)
10005e78:	0092      	lsls	r2, r2, #2
10005e7a:	6541      	str	r1, [r0, #84]	@ 0x54
10005e7c:	499d      	ldr	r1, [pc, #628]	@ (100060f4 <hcd_device_close+0x380>)
10005e7e:	0020      	movs	r0, r4
10005e80:	468c      	mov	ip, r1
10005e82:	2100      	movs	r1, #0
10005e84:	4462      	add	r2, ip
10005e86:	6051      	str	r1, [r2, #4]
10005e88:	54e1      	strb	r1, [r4, r3]
10005e8a:	3304      	adds	r3, #4
10005e8c:	58e3      	ldr	r3, [r4, r3]
10005e8e:	30c1      	adds	r0, #193	@ 0xc1
10005e90:	6019      	str	r1, [r3, #0]
10005e92:	23e4      	movs	r3, #228	@ 0xe4
10005e94:	005b      	lsls	r3, r3, #1
10005e96:	58e3      	ldr	r3, [r4, r3]
10005e98:	30ff      	adds	r0, #255	@ 0xff
10005e9a:	6019      	str	r1, [r3, #0]
10005e9c:	f000 fce2 	bl	10006864 <hw_endpoint_reset_transfer>
10005ea0:	e7b7      	b.n	10005e12 <hcd_device_close+0x9e>
10005ea2:	23d0      	movs	r3, #208	@ 0xd0
10005ea4:	005b      	lsls	r3, r3, #1
10005ea6:	5ce2      	ldrb	r2, [r4, r3]
10005ea8:	2a00      	cmp	r2, #0
10005eaa:	d0ad      	beq.n	10005e08 <hcd_device_close+0x94>
10005eac:	22df      	movs	r2, #223	@ 0xdf
10005eae:	2101      	movs	r1, #1
10005eb0:	0052      	lsls	r2, r2, #1
10005eb2:	5ca2      	ldrb	r2, [r4, r2]
10005eb4:	1c50      	adds	r0, r2, #1
10005eb6:	4081      	lsls	r1, r0
10005eb8:	488d      	ldr	r0, [pc, #564]	@ (100060f0 <hcd_device_close+0x37c>)
10005eba:	0092      	lsls	r2, r2, #2
10005ebc:	6541      	str	r1, [r0, #84]	@ 0x54
10005ebe:	498d      	ldr	r1, [pc, #564]	@ (100060f4 <hcd_device_close+0x380>)
10005ec0:	0020      	movs	r0, r4
10005ec2:	468c      	mov	ip, r1
10005ec4:	2100      	movs	r1, #0
10005ec6:	4462      	add	r2, ip
10005ec8:	6051      	str	r1, [r2, #4]
10005eca:	54e1      	strb	r1, [r4, r3]
10005ecc:	3304      	adds	r3, #4
10005ece:	58e3      	ldr	r3, [r4, r3]
10005ed0:	30a1      	adds	r0, #161	@ 0xa1
10005ed2:	6019      	str	r1, [r3, #0]
10005ed4:	23d4      	movs	r3, #212	@ 0xd4
10005ed6:	005b      	lsls	r3, r3, #1
10005ed8:	58e3      	ldr	r3, [r4, r3]
10005eda:	30ff      	adds	r0, #255	@ 0xff
10005edc:	6019      	str	r1, [r3, #0]
10005ede:	f000 fcc1 	bl	10006864 <hw_endpoint_reset_transfer>
10005ee2:	e791      	b.n	10005e08 <hcd_device_close+0x94>
10005ee4:	23c0      	movs	r3, #192	@ 0xc0
10005ee6:	005b      	lsls	r3, r3, #1
10005ee8:	5ce2      	ldrb	r2, [r4, r3]
10005eea:	2a00      	cmp	r2, #0
10005eec:	d100      	bne.n	10005ef0 <hcd_device_close+0x17c>
10005eee:	e786      	b.n	10005dfe <hcd_device_close+0x8a>
10005ef0:	22cf      	movs	r2, #207	@ 0xcf
10005ef2:	2101      	movs	r1, #1
10005ef4:	0052      	lsls	r2, r2, #1
10005ef6:	5ca2      	ldrb	r2, [r4, r2]
10005ef8:	1c50      	adds	r0, r2, #1
10005efa:	4081      	lsls	r1, r0
10005efc:	487c      	ldr	r0, [pc, #496]	@ (100060f0 <hcd_device_close+0x37c>)
10005efe:	0092      	lsls	r2, r2, #2
10005f00:	6541      	str	r1, [r0, #84]	@ 0x54
10005f02:	497c      	ldr	r1, [pc, #496]	@ (100060f4 <hcd_device_close+0x380>)
10005f04:	0020      	movs	r0, r4
10005f06:	468c      	mov	ip, r1
10005f08:	2100      	movs	r1, #0
10005f0a:	4462      	add	r2, ip
10005f0c:	6051      	str	r1, [r2, #4]
10005f0e:	54e1      	strb	r1, [r4, r3]
10005f10:	3304      	adds	r3, #4
10005f12:	58e3      	ldr	r3, [r4, r3]
10005f14:	3081      	adds	r0, #129	@ 0x81
10005f16:	6019      	str	r1, [r3, #0]
10005f18:	23c4      	movs	r3, #196	@ 0xc4
10005f1a:	005b      	lsls	r3, r3, #1
10005f1c:	58e3      	ldr	r3, [r4, r3]
10005f1e:	30ff      	adds	r0, #255	@ 0xff
10005f20:	6019      	str	r1, [r3, #0]
10005f22:	f000 fc9f 	bl	10006864 <hw_endpoint_reset_transfer>
10005f26:	e76a      	b.n	10005dfe <hcd_device_close+0x8a>
10005f28:	23b0      	movs	r3, #176	@ 0xb0
10005f2a:	005b      	lsls	r3, r3, #1
10005f2c:	5ce2      	ldrb	r2, [r4, r3]
10005f2e:	2a00      	cmp	r2, #0
10005f30:	d100      	bne.n	10005f34 <hcd_device_close+0x1c0>
10005f32:	e75e      	b.n	10005df2 <hcd_device_close+0x7e>
10005f34:	22bf      	movs	r2, #191	@ 0xbf
10005f36:	2101      	movs	r1, #1
10005f38:	0052      	lsls	r2, r2, #1
10005f3a:	5ca2      	ldrb	r2, [r4, r2]
10005f3c:	1c50      	adds	r0, r2, #1
10005f3e:	4081      	lsls	r1, r0
10005f40:	486b      	ldr	r0, [pc, #428]	@ (100060f0 <hcd_device_close+0x37c>)
10005f42:	0092      	lsls	r2, r2, #2
10005f44:	6541      	str	r1, [r0, #84]	@ 0x54
10005f46:	496b      	ldr	r1, [pc, #428]	@ (100060f4 <hcd_device_close+0x380>)
10005f48:	0020      	movs	r0, r4
10005f4a:	468c      	mov	ip, r1
10005f4c:	2100      	movs	r1, #0
10005f4e:	4462      	add	r2, ip
10005f50:	6051      	str	r1, [r2, #4]
10005f52:	54e1      	strb	r1, [r4, r3]
10005f54:	3304      	adds	r3, #4
10005f56:	58e3      	ldr	r3, [r4, r3]
10005f58:	3061      	adds	r0, #97	@ 0x61
10005f5a:	6019      	str	r1, [r3, #0]
10005f5c:	23b4      	movs	r3, #180	@ 0xb4
10005f5e:	005b      	lsls	r3, r3, #1
10005f60:	58e3      	ldr	r3, [r4, r3]
10005f62:	30ff      	adds	r0, #255	@ 0xff
10005f64:	6019      	str	r1, [r3, #0]
10005f66:	f000 fc7d 	bl	10006864 <hw_endpoint_reset_transfer>
10005f6a:	e742      	b.n	10005df2 <hcd_device_close+0x7e>
10005f6c:	23a0      	movs	r3, #160	@ 0xa0
10005f6e:	005b      	lsls	r3, r3, #1
10005f70:	5ce2      	ldrb	r2, [r4, r3]
10005f72:	2a00      	cmp	r2, #0
10005f74:	d100      	bne.n	10005f78 <hcd_device_close+0x204>
10005f76:	e736      	b.n	10005de6 <hcd_device_close+0x72>
10005f78:	22af      	movs	r2, #175	@ 0xaf
10005f7a:	2101      	movs	r1, #1
10005f7c:	0052      	lsls	r2, r2, #1
10005f7e:	5ca2      	ldrb	r2, [r4, r2]
10005f80:	1c50      	adds	r0, r2, #1
10005f82:	4081      	lsls	r1, r0
10005f84:	485a      	ldr	r0, [pc, #360]	@ (100060f0 <hcd_device_close+0x37c>)
10005f86:	0092      	lsls	r2, r2, #2
10005f88:	6541      	str	r1, [r0, #84]	@ 0x54
10005f8a:	495a      	ldr	r1, [pc, #360]	@ (100060f4 <hcd_device_close+0x380>)
10005f8c:	0020      	movs	r0, r4
10005f8e:	468c      	mov	ip, r1
10005f90:	2100      	movs	r1, #0
10005f92:	4462      	add	r2, ip
10005f94:	6051      	str	r1, [r2, #4]
10005f96:	54e1      	strb	r1, [r4, r3]
10005f98:	3304      	adds	r3, #4
10005f9a:	58e3      	ldr	r3, [r4, r3]
10005f9c:	3041      	adds	r0, #65	@ 0x41
10005f9e:	6019      	str	r1, [r3, #0]
10005fa0:	23a4      	movs	r3, #164	@ 0xa4
10005fa2:	005b      	lsls	r3, r3, #1
10005fa4:	58e3      	ldr	r3, [r4, r3]
10005fa6:	30ff      	adds	r0, #255	@ 0xff
10005fa8:	6019      	str	r1, [r3, #0]
10005faa:	f000 fc5b 	bl	10006864 <hw_endpoint_reset_transfer>
10005fae:	e71a      	b.n	10005de6 <hcd_device_close+0x72>
10005fb0:	2390      	movs	r3, #144	@ 0x90
10005fb2:	005b      	lsls	r3, r3, #1
10005fb4:	5ce2      	ldrb	r2, [r4, r3]
10005fb6:	2a00      	cmp	r2, #0
10005fb8:	d100      	bne.n	10005fbc <hcd_device_close+0x248>
10005fba:	e70e      	b.n	10005dda <hcd_device_close+0x66>
10005fbc:	229f      	movs	r2, #159	@ 0x9f
10005fbe:	2101      	movs	r1, #1
10005fc0:	0052      	lsls	r2, r2, #1
10005fc2:	5ca2      	ldrb	r2, [r4, r2]
10005fc4:	1c50      	adds	r0, r2, #1
10005fc6:	4081      	lsls	r1, r0
10005fc8:	4849      	ldr	r0, [pc, #292]	@ (100060f0 <hcd_device_close+0x37c>)
10005fca:	0092      	lsls	r2, r2, #2
10005fcc:	6541      	str	r1, [r0, #84]	@ 0x54
10005fce:	4949      	ldr	r1, [pc, #292]	@ (100060f4 <hcd_device_close+0x380>)
10005fd0:	0020      	movs	r0, r4
10005fd2:	468c      	mov	ip, r1
10005fd4:	2100      	movs	r1, #0
10005fd6:	4462      	add	r2, ip
10005fd8:	6051      	str	r1, [r2, #4]
10005fda:	54e1      	strb	r1, [r4, r3]
10005fdc:	3304      	adds	r3, #4
10005fde:	58e3      	ldr	r3, [r4, r3]
10005fe0:	3021      	adds	r0, #33	@ 0x21
10005fe2:	6019      	str	r1, [r3, #0]
10005fe4:	2394      	movs	r3, #148	@ 0x94
10005fe6:	005b      	lsls	r3, r3, #1
10005fe8:	58e3      	ldr	r3, [r4, r3]
10005fea:	30ff      	adds	r0, #255	@ 0xff
10005fec:	6019      	str	r1, [r3, #0]
10005fee:	f000 fc39 	bl	10006864 <hw_endpoint_reset_transfer>
10005ff2:	e6f2      	b.n	10005dda <hcd_device_close+0x66>
10005ff4:	2380      	movs	r3, #128	@ 0x80
10005ff6:	005b      	lsls	r3, r3, #1
10005ff8:	5ce2      	ldrb	r2, [r4, r3]
10005ffa:	2a00      	cmp	r2, #0
10005ffc:	d100      	bne.n	10006000 <hcd_device_close+0x28c>
10005ffe:	e6e6      	b.n	10005dce <hcd_device_close+0x5a>
10006000:	228f      	movs	r2, #143	@ 0x8f
10006002:	2101      	movs	r1, #1
10006004:	0052      	lsls	r2, r2, #1
10006006:	5ca2      	ldrb	r2, [r4, r2]
10006008:	1c50      	adds	r0, r2, #1
1000600a:	4081      	lsls	r1, r0
1000600c:	4838      	ldr	r0, [pc, #224]	@ (100060f0 <hcd_device_close+0x37c>)
1000600e:	0092      	lsls	r2, r2, #2
10006010:	6541      	str	r1, [r0, #84]	@ 0x54
10006012:	4938      	ldr	r1, [pc, #224]	@ (100060f4 <hcd_device_close+0x380>)
10006014:	1c60      	adds	r0, r4, #1
10006016:	468c      	mov	ip, r1
10006018:	2100      	movs	r1, #0
1000601a:	4462      	add	r2, ip
1000601c:	6051      	str	r1, [r2, #4]
1000601e:	54e1      	strb	r1, [r4, r3]
10006020:	3304      	adds	r3, #4
10006022:	58e3      	ldr	r3, [r4, r3]
10006024:	30ff      	adds	r0, #255	@ 0xff
10006026:	6019      	str	r1, [r3, #0]
10006028:	2384      	movs	r3, #132	@ 0x84
1000602a:	005b      	lsls	r3, r3, #1
1000602c:	58e3      	ldr	r3, [r4, r3]
1000602e:	6019      	str	r1, [r3, #0]
10006030:	f000 fc18 	bl	10006864 <hw_endpoint_reset_transfer>
10006034:	e6cb      	b.n	10005dce <hcd_device_close+0x5a>
10006036:	23e0      	movs	r3, #224	@ 0xe0
10006038:	5ce2      	ldrb	r2, [r4, r3]
1000603a:	2a00      	cmp	r2, #0
1000603c:	d100      	bne.n	10006040 <hcd_device_close+0x2cc>
1000603e:	e6c0      	b.n	10005dc2 <hcd_device_close+0x4e>
10006040:	22fe      	movs	r2, #254	@ 0xfe
10006042:	2101      	movs	r1, #1
10006044:	5ca2      	ldrb	r2, [r4, r2]
10006046:	1c50      	adds	r0, r2, #1
10006048:	4081      	lsls	r1, r0
1000604a:	4829      	ldr	r0, [pc, #164]	@ (100060f0 <hcd_device_close+0x37c>)
1000604c:	0092      	lsls	r2, r2, #2
1000604e:	6541      	str	r1, [r0, #84]	@ 0x54
10006050:	4928      	ldr	r1, [pc, #160]	@ (100060f4 <hcd_device_close+0x380>)
10006052:	0020      	movs	r0, r4
10006054:	468c      	mov	ip, r1
10006056:	2100      	movs	r1, #0
10006058:	4462      	add	r2, ip
1000605a:	6051      	str	r1, [r2, #4]
1000605c:	54e1      	strb	r1, [r4, r3]
1000605e:	3304      	adds	r3, #4
10006060:	58e3      	ldr	r3, [r4, r3]
10006062:	30e0      	adds	r0, #224	@ 0xe0
10006064:	6019      	str	r1, [r3, #0]
10006066:	23e8      	movs	r3, #232	@ 0xe8
10006068:	58e3      	ldr	r3, [r4, r3]
1000606a:	6019      	str	r1, [r3, #0]
1000606c:	f000 fbfa 	bl	10006864 <hw_endpoint_reset_transfer>
10006070:	e6a7      	b.n	10005dc2 <hcd_device_close+0x4e>
10006072:	23c0      	movs	r3, #192	@ 0xc0
10006074:	5ce2      	ldrb	r2, [r4, r3]
10006076:	2a00      	cmp	r2, #0
10006078:	d100      	bne.n	1000607c <hcd_device_close+0x308>
1000607a:	e69d      	b.n	10005db8 <hcd_device_close+0x44>
1000607c:	22de      	movs	r2, #222	@ 0xde
1000607e:	2101      	movs	r1, #1
10006080:	5ca2      	ldrb	r2, [r4, r2]
10006082:	1c50      	adds	r0, r2, #1
10006084:	4081      	lsls	r1, r0
10006086:	481a      	ldr	r0, [pc, #104]	@ (100060f0 <hcd_device_close+0x37c>)
10006088:	0092      	lsls	r2, r2, #2
1000608a:	6541      	str	r1, [r0, #84]	@ 0x54
1000608c:	4919      	ldr	r1, [pc, #100]	@ (100060f4 <hcd_device_close+0x380>)
1000608e:	0020      	movs	r0, r4
10006090:	468c      	mov	ip, r1
10006092:	2100      	movs	r1, #0
10006094:	4462      	add	r2, ip
10006096:	6051      	str	r1, [r2, #4]
10006098:	54e1      	strb	r1, [r4, r3]
1000609a:	3304      	adds	r3, #4
1000609c:	58e3      	ldr	r3, [r4, r3]
1000609e:	30c0      	adds	r0, #192	@ 0xc0
100060a0:	6019      	str	r1, [r3, #0]
100060a2:	23c8      	movs	r3, #200	@ 0xc8
100060a4:	58e3      	ldr	r3, [r4, r3]
100060a6:	6019      	str	r1, [r3, #0]
100060a8:	f000 fbdc 	bl	10006864 <hw_endpoint_reset_transfer>
100060ac:	e684      	b.n	10005db8 <hcd_device_close+0x44>
100060ae:	23a0      	movs	r3, #160	@ 0xa0
100060b0:	5ce2      	ldrb	r2, [r4, r3]
100060b2:	2a00      	cmp	r2, #0
100060b4:	d100      	bne.n	100060b8 <hcd_device_close+0x344>
100060b6:	e67a      	b.n	10005dae <hcd_device_close+0x3a>
100060b8:	22be      	movs	r2, #190	@ 0xbe
100060ba:	2101      	movs	r1, #1
100060bc:	5ca2      	ldrb	r2, [r4, r2]
100060be:	1c50      	adds	r0, r2, #1
100060c0:	4081      	lsls	r1, r0
100060c2:	480b      	ldr	r0, [pc, #44]	@ (100060f0 <hcd_device_close+0x37c>)
100060c4:	0092      	lsls	r2, r2, #2
100060c6:	6541      	str	r1, [r0, #84]	@ 0x54
100060c8:	490a      	ldr	r1, [pc, #40]	@ (100060f4 <hcd_device_close+0x380>)
100060ca:	0020      	movs	r0, r4
100060cc:	468c      	mov	ip, r1
100060ce:	2100      	movs	r1, #0
100060d0:	4462      	add	r2, ip
100060d2:	6051      	str	r1, [r2, #4]
100060d4:	54e1      	strb	r1, [r4, r3]
100060d6:	3304      	adds	r3, #4
100060d8:	58e3      	ldr	r3, [r4, r3]
100060da:	30a0      	adds	r0, #160	@ 0xa0
100060dc:	6019      	str	r1, [r3, #0]
100060de:	23a8      	movs	r3, #168	@ 0xa8
100060e0:	58e3      	ldr	r3, [r4, r3]
100060e2:	6019      	str	r1, [r3, #0]
100060e4:	f000 fbbe 	bl	10006864 <hw_endpoint_reset_transfer>
100060e8:	e661      	b.n	10005dae <hcd_device_close+0x3a>
100060ea:	46c0      	nop			@ (mov r8, r8)
100060ec:	20003ef4 	.word	0x20003ef4
100060f0:	50113000 	.word	0x50113000
100060f4:	50110000 	.word	0x50110000
100060f8:	2380      	movs	r3, #128	@ 0x80
100060fa:	5ce2      	ldrb	r2, [r4, r3]
100060fc:	2a00      	cmp	r2, #0
100060fe:	d100      	bne.n	10006102 <hcd_device_close+0x38e>
10006100:	e650      	b.n	10005da4 <hcd_device_close+0x30>
10006102:	229e      	movs	r2, #158	@ 0x9e
10006104:	2101      	movs	r1, #1
10006106:	5ca2      	ldrb	r2, [r4, r2]
10006108:	1c50      	adds	r0, r2, #1
1000610a:	4081      	lsls	r1, r0
1000610c:	4833      	ldr	r0, [pc, #204]	@ (100061dc <hcd_device_close+0x468>)
1000610e:	0092      	lsls	r2, r2, #2
10006110:	6541      	str	r1, [r0, #84]	@ 0x54
10006112:	4933      	ldr	r1, [pc, #204]	@ (100061e0 <hcd_device_close+0x46c>)
10006114:	0020      	movs	r0, r4
10006116:	468c      	mov	ip, r1
10006118:	2100      	movs	r1, #0
1000611a:	4462      	add	r2, ip
1000611c:	6051      	str	r1, [r2, #4]
1000611e:	54e1      	strb	r1, [r4, r3]
10006120:	3304      	adds	r3, #4
10006122:	58e3      	ldr	r3, [r4, r3]
10006124:	3080      	adds	r0, #128	@ 0x80
10006126:	6019      	str	r1, [r3, #0]
10006128:	2388      	movs	r3, #136	@ 0x88
1000612a:	58e3      	ldr	r3, [r4, r3]
1000612c:	6019      	str	r1, [r3, #0]
1000612e:	f000 fb99 	bl	10006864 <hw_endpoint_reset_transfer>
10006132:	e637      	b.n	10005da4 <hcd_device_close+0x30>
10006134:	2360      	movs	r3, #96	@ 0x60
10006136:	5ce2      	ldrb	r2, [r4, r3]
10006138:	2a00      	cmp	r2, #0
1000613a:	d100      	bne.n	1000613e <hcd_device_close+0x3ca>
1000613c:	e62d      	b.n	10005d9a <hcd_device_close+0x26>
1000613e:	227e      	movs	r2, #126	@ 0x7e
10006140:	2101      	movs	r1, #1
10006142:	5ca2      	ldrb	r2, [r4, r2]
10006144:	1c50      	adds	r0, r2, #1
10006146:	4081      	lsls	r1, r0
10006148:	4824      	ldr	r0, [pc, #144]	@ (100061dc <hcd_device_close+0x468>)
1000614a:	0092      	lsls	r2, r2, #2
1000614c:	6541      	str	r1, [r0, #84]	@ 0x54
1000614e:	4924      	ldr	r1, [pc, #144]	@ (100061e0 <hcd_device_close+0x46c>)
10006150:	0020      	movs	r0, r4
10006152:	468c      	mov	ip, r1
10006154:	2100      	movs	r1, #0
10006156:	4462      	add	r2, ip
10006158:	6051      	str	r1, [r2, #4]
1000615a:	54e1      	strb	r1, [r4, r3]
1000615c:	6e63      	ldr	r3, [r4, #100]	@ 0x64
1000615e:	3060      	adds	r0, #96	@ 0x60
10006160:	6019      	str	r1, [r3, #0]
10006162:	6ea3      	ldr	r3, [r4, #104]	@ 0x68
10006164:	6019      	str	r1, [r3, #0]
10006166:	f000 fb7d 	bl	10006864 <hw_endpoint_reset_transfer>
1000616a:	e616      	b.n	10005d9a <hcd_device_close+0x26>
1000616c:	2340      	movs	r3, #64	@ 0x40
1000616e:	5ce2      	ldrb	r2, [r4, r3]
10006170:	2a00      	cmp	r2, #0
10006172:	d100      	bne.n	10006176 <hcd_device_close+0x402>
10006174:	e60c      	b.n	10005d90 <hcd_device_close+0x1c>
10006176:	225e      	movs	r2, #94	@ 0x5e
10006178:	2101      	movs	r1, #1
1000617a:	5ca2      	ldrb	r2, [r4, r2]
1000617c:	1c50      	adds	r0, r2, #1
1000617e:	4081      	lsls	r1, r0
10006180:	4816      	ldr	r0, [pc, #88]	@ (100061dc <hcd_device_close+0x468>)
10006182:	0092      	lsls	r2, r2, #2
10006184:	6541      	str	r1, [r0, #84]	@ 0x54
10006186:	4916      	ldr	r1, [pc, #88]	@ (100061e0 <hcd_device_close+0x46c>)
10006188:	0020      	movs	r0, r4
1000618a:	468c      	mov	ip, r1
1000618c:	2100      	movs	r1, #0
1000618e:	4462      	add	r2, ip
10006190:	6051      	str	r1, [r2, #4]
10006192:	54e1      	strb	r1, [r4, r3]
10006194:	6c63      	ldr	r3, [r4, #68]	@ 0x44
10006196:	3040      	adds	r0, #64	@ 0x40
10006198:	6019      	str	r1, [r3, #0]
1000619a:	6ca3      	ldr	r3, [r4, #72]	@ 0x48
1000619c:	6019      	str	r1, [r3, #0]
1000619e:	f000 fb61 	bl	10006864 <hw_endpoint_reset_transfer>
100061a2:	e5f5      	b.n	10005d90 <hcd_device_close+0x1c>
100061a4:	2320      	movs	r3, #32
100061a6:	5ce2      	ldrb	r2, [r4, r3]
100061a8:	2a00      	cmp	r2, #0
100061aa:	d100      	bne.n	100061ae <hcd_device_close+0x43a>
100061ac:	e5eb      	b.n	10005d86 <hcd_device_close+0x12>
100061ae:	223e      	movs	r2, #62	@ 0x3e
100061b0:	2101      	movs	r1, #1
100061b2:	5ca2      	ldrb	r2, [r4, r2]
100061b4:	1c50      	adds	r0, r2, #1
100061b6:	4081      	lsls	r1, r0
100061b8:	4808      	ldr	r0, [pc, #32]	@ (100061dc <hcd_device_close+0x468>)
100061ba:	0092      	lsls	r2, r2, #2
100061bc:	6541      	str	r1, [r0, #84]	@ 0x54
100061be:	4908      	ldr	r1, [pc, #32]	@ (100061e0 <hcd_device_close+0x46c>)
100061c0:	0020      	movs	r0, r4
100061c2:	468c      	mov	ip, r1
100061c4:	2100      	movs	r1, #0
100061c6:	4462      	add	r2, ip
100061c8:	6051      	str	r1, [r2, #4]
100061ca:	54e1      	strb	r1, [r4, r3]
100061cc:	6a63      	ldr	r3, [r4, #36]	@ 0x24
100061ce:	3020      	adds	r0, #32
100061d0:	6019      	str	r1, [r3, #0]
100061d2:	6aa3      	ldr	r3, [r4, #40]	@ 0x28
100061d4:	6019      	str	r1, [r3, #0]
100061d6:	f000 fb45 	bl	10006864 <hw_endpoint_reset_transfer>
100061da:	e5d4      	b.n	10005d86 <hcd_device_close+0x12>
100061dc:	50113000 	.word	0x50113000
100061e0:	50110000 	.word	0x50110000

100061e4 <hcd_int_enable>:
100061e4:	b510      	push	{r4, lr}
100061e6:	2101      	movs	r1, #1
100061e8:	2005      	movs	r0, #5
100061ea:	f7fb fb81 	bl	100018f0 <irq_set_enabled>
100061ee:	bd10      	pop	{r4, pc}

100061f0 <hcd_edpt_open>:
100061f0:	b5f0      	push	{r4, r5, r6, r7, lr}
100061f2:	4657      	mov	r7, sl
100061f4:	4645      	mov	r5, r8
100061f6:	46de      	mov	lr, fp
100061f8:	464e      	mov	r6, r9
100061fa:	b5e0      	push	{r5, r6, r7, lr}
100061fc:	78d3      	ldrb	r3, [r2, #3]
100061fe:	0008      	movs	r0, r1
10006200:	079b      	lsls	r3, r3, #30
10006202:	0f99      	lsrs	r1, r3, #30
10006204:	4688      	mov	r8, r1
10006206:	000f      	movs	r7, r1
10006208:	b083      	sub	sp, #12
1000620a:	2b00      	cmp	r3, #0
1000620c:	d100      	bne.n	10006210 <hcd_edpt_open+0x20>
1000620e:	e0d1      	b.n	100063b4 <hcd_edpt_open+0x1c4>
10006210:	2120      	movs	r1, #32
10006212:	4b8d      	ldr	r3, [pc, #564]	@ (10006448 <hcd_edpt_open+0x258>)
10006214:	5c59      	ldrb	r1, [r3, r1]
10006216:	2900      	cmp	r1, #0
10006218:	d100      	bne.n	1000621c <hcd_edpt_open+0x2c>
1000621a:	e0e6      	b.n	100063ea <hcd_edpt_open+0x1fa>
1000621c:	2140      	movs	r1, #64	@ 0x40
1000621e:	5c59      	ldrb	r1, [r3, r1]
10006220:	2900      	cmp	r1, #0
10006222:	d100      	bne.n	10006226 <hcd_edpt_open+0x36>
10006224:	e0e8      	b.n	100063f8 <hcd_edpt_open+0x208>
10006226:	2160      	movs	r1, #96	@ 0x60
10006228:	5c59      	ldrb	r1, [r3, r1]
1000622a:	2900      	cmp	r1, #0
1000622c:	d100      	bne.n	10006230 <hcd_edpt_open+0x40>
1000622e:	e0e5      	b.n	100063fc <hcd_edpt_open+0x20c>
10006230:	2180      	movs	r1, #128	@ 0x80
10006232:	5c59      	ldrb	r1, [r3, r1]
10006234:	2900      	cmp	r1, #0
10006236:	d100      	bne.n	1000623a <hcd_edpt_open+0x4a>
10006238:	e0e2      	b.n	10006400 <hcd_edpt_open+0x210>
1000623a:	21a0      	movs	r1, #160	@ 0xa0
1000623c:	5c59      	ldrb	r1, [r3, r1]
1000623e:	2900      	cmp	r1, #0
10006240:	d100      	bne.n	10006244 <hcd_edpt_open+0x54>
10006242:	e0df      	b.n	10006404 <hcd_edpt_open+0x214>
10006244:	21c0      	movs	r1, #192	@ 0xc0
10006246:	5c59      	ldrb	r1, [r3, r1]
10006248:	2900      	cmp	r1, #0
1000624a:	d100      	bne.n	1000624e <hcd_edpt_open+0x5e>
1000624c:	e0dc      	b.n	10006408 <hcd_edpt_open+0x218>
1000624e:	21e0      	movs	r1, #224	@ 0xe0
10006250:	5c59      	ldrb	r1, [r3, r1]
10006252:	2900      	cmp	r1, #0
10006254:	d100      	bne.n	10006258 <hcd_edpt_open+0x68>
10006256:	e0d9      	b.n	1000640c <hcd_edpt_open+0x21c>
10006258:	2180      	movs	r1, #128	@ 0x80
1000625a:	0049      	lsls	r1, r1, #1
1000625c:	5c59      	ldrb	r1, [r3, r1]
1000625e:	2900      	cmp	r1, #0
10006260:	d100      	bne.n	10006264 <hcd_edpt_open+0x74>
10006262:	e0d5      	b.n	10006410 <hcd_edpt_open+0x220>
10006264:	2190      	movs	r1, #144	@ 0x90
10006266:	0049      	lsls	r1, r1, #1
10006268:	5c59      	ldrb	r1, [r3, r1]
1000626a:	2900      	cmp	r1, #0
1000626c:	d100      	bne.n	10006270 <hcd_edpt_open+0x80>
1000626e:	e0d1      	b.n	10006414 <hcd_edpt_open+0x224>
10006270:	21a0      	movs	r1, #160	@ 0xa0
10006272:	0049      	lsls	r1, r1, #1
10006274:	5c59      	ldrb	r1, [r3, r1]
10006276:	2900      	cmp	r1, #0
10006278:	d100      	bne.n	1000627c <hcd_edpt_open+0x8c>
1000627a:	e0cd      	b.n	10006418 <hcd_edpt_open+0x228>
1000627c:	21b0      	movs	r1, #176	@ 0xb0
1000627e:	0049      	lsls	r1, r1, #1
10006280:	5c59      	ldrb	r1, [r3, r1]
10006282:	2900      	cmp	r1, #0
10006284:	d100      	bne.n	10006288 <hcd_edpt_open+0x98>
10006286:	e0c9      	b.n	1000641c <hcd_edpt_open+0x22c>
10006288:	21c0      	movs	r1, #192	@ 0xc0
1000628a:	0049      	lsls	r1, r1, #1
1000628c:	5c59      	ldrb	r1, [r3, r1]
1000628e:	2900      	cmp	r1, #0
10006290:	d100      	bne.n	10006294 <hcd_edpt_open+0xa4>
10006292:	e0c5      	b.n	10006420 <hcd_edpt_open+0x230>
10006294:	21d0      	movs	r1, #208	@ 0xd0
10006296:	0049      	lsls	r1, r1, #1
10006298:	5c59      	ldrb	r1, [r3, r1]
1000629a:	2900      	cmp	r1, #0
1000629c:	d100      	bne.n	100062a0 <hcd_edpt_open+0xb0>
1000629e:	e0c1      	b.n	10006424 <hcd_edpt_open+0x234>
100062a0:	21e0      	movs	r1, #224	@ 0xe0
100062a2:	0049      	lsls	r1, r1, #1
100062a4:	5c59      	ldrb	r1, [r3, r1]
100062a6:	2900      	cmp	r1, #0
100062a8:	d100      	bne.n	100062ac <hcd_edpt_open+0xbc>
100062aa:	e0bd      	b.n	10006428 <hcd_edpt_open+0x238>
100062ac:	24f0      	movs	r4, #240	@ 0xf0
100062ae:	0064      	lsls	r4, r4, #1
100062b0:	5d19      	ldrb	r1, [r3, r4]
100062b2:	2900      	cmp	r1, #0
100062b4:	d100      	bne.n	100062b8 <hcd_edpt_open+0xc8>
100062b6:	e0b9      	b.n	1000642c <hcd_edpt_open+0x23c>
100062b8:	21ff      	movs	r1, #255	@ 0xff
100062ba:	0049      	lsls	r1, r1, #1
100062bc:	5c59      	ldrb	r1, [r3, r1]
100062be:	4e63      	ldr	r6, [pc, #396]	@ (1000644c <hcd_edpt_open+0x25c>)
100062c0:	00cd      	lsls	r5, r1, #3
100062c2:	191c      	adds	r4, r3, r4
100062c4:	19ae      	adds	r6, r5, r6
100062c6:	60a6      	str	r6, [r4, #8]
100062c8:	4e61      	ldr	r6, [pc, #388]	@ (10006450 <hcd_edpt_open+0x260>)
100062ca:	0189      	lsls	r1, r1, #6
100062cc:	46b4      	mov	ip, r6
100062ce:	4e61      	ldr	r6, [pc, #388]	@ (10006454 <hcd_edpt_open+0x264>)
100062d0:	4465      	add	r5, ip
100062d2:	46b4      	mov	ip, r6
100062d4:	4e60      	ldr	r6, [pc, #384]	@ (10006458 <hcd_edpt_open+0x268>)
100062d6:	4461      	add	r1, ip
100062d8:	404e      	eors	r6, r1
100062da:	6065      	str	r5, [r4, #4]
100062dc:	60e1      	str	r1, [r4, #12]
100062de:	46b4      	mov	ip, r6
100062e0:	7996      	ldrb	r6, [r2, #6]
100062e2:	46ab      	mov	fp, r5
100062e4:	2e00      	cmp	r6, #0
100062e6:	d014      	beq.n	10006312 <hcd_edpt_open+0x122>
100062e8:	495c      	ldr	r1, [pc, #368]	@ (1000645c <hcd_edpt_open+0x26c>)
100062ea:	7809      	ldrb	r1, [r1, #0]
100062ec:	b2cd      	uxtb	r5, r1
100062ee:	2900      	cmp	r1, #0
100062f0:	d000      	beq.n	100062f4 <hcd_edpt_open+0x104>
100062f2:	e074      	b.n	100063de <hcd_edpt_open+0x1ee>
100062f4:	2e01      	cmp	r6, #1
100062f6:	d00c      	beq.n	10006312 <hcd_edpt_open+0x122>
100062f8:	2e03      	cmp	r6, #3
100062fa:	dc00      	bgt.n	100062fe <hcd_edpt_open+0x10e>
100062fc:	e09e      	b.n	1000643c <hcd_edpt_open+0x24c>
100062fe:	2e07      	cmp	r6, #7
10006300:	dc00      	bgt.n	10006304 <hcd_edpt_open+0x114>
10006302:	e09f      	b.n	10006444 <hcd_edpt_open+0x254>
10006304:	2e0f      	cmp	r6, #15
10006306:	dc00      	bgt.n	1000630a <hcd_edpt_open+0x11a>
10006308:	e09a      	b.n	10006440 <hcd_edpt_open+0x250>
1000630a:	2e1f      	cmp	r6, #31
1000630c:	dc00      	bgt.n	10006310 <hcd_edpt_open+0x120>
1000630e:	e093      	b.n	10006438 <hcd_edpt_open+0x248>
10006310:	2620      	movs	r6, #32
10006312:	7891      	ldrb	r1, [r2, #2]
10006314:	7915      	ldrb	r5, [r2, #4]
10006316:	7952      	ldrb	r2, [r2, #5]
10006318:	06bf      	lsls	r7, r7, #26
1000631a:	0212      	lsls	r2, r2, #8
1000631c:	432a      	orrs	r2, r5
1000631e:	257f      	movs	r5, #127	@ 0x7f
10006320:	0552      	lsls	r2, r2, #21
10006322:	0d52      	lsrs	r2, r2, #21
10006324:	400d      	ands	r5, r1
10006326:	8322      	strh	r2, [r4, #24]
10006328:	4642      	mov	r2, r8
1000632a:	46a9      	mov	r9, r5
1000632c:	76e2      	strb	r2, [r4, #27]
1000632e:	09cd      	lsrs	r5, r1, #7
10006330:	4662      	mov	r2, ip
10006332:	46aa      	mov	sl, r5
10006334:	7065      	strb	r5, [r4, #1]
10006336:	464d      	mov	r5, r9
10006338:	4317      	orrs	r7, r2
1000633a:	22a0      	movs	r2, #160	@ 0xa0
1000633c:	70a1      	strb	r1, [r4, #2]
1000633e:	4269      	negs	r1, r5
10006340:	4169      	adcs	r1, r5
10006342:	0612      	lsls	r2, r2, #24
10006344:	7760      	strb	r0, [r4, #29]
10006346:	70e1      	strb	r1, [r4, #3]
10006348:	433a      	orrs	r2, r7
1000634a:	2e00      	cmp	r6, #0
1000634c:	d149      	bne.n	100063e2 <hcd_edpt_open+0x1f2>
1000634e:	4659      	mov	r1, fp
10006350:	600a      	str	r2, [r1, #0]
10006352:	2201      	movs	r2, #1
10006354:	7022      	strb	r2, [r4, #0]
10006356:	429c      	cmp	r4, r3
10006358:	d024      	beq.n	100063a4 <hcd_edpt_open+0x1b4>
1000635a:	464b      	mov	r3, r9
1000635c:	041d      	lsls	r5, r3, #16
1000635e:	4653      	mov	r3, sl
10006360:	4305      	orrs	r5, r0
10006362:	2b00      	cmp	r3, #0
10006364:	d102      	bne.n	1000636c <hcd_edpt_open+0x17c>
10006366:	2380      	movs	r3, #128	@ 0x80
10006368:	049b      	lsls	r3, r3, #18
1000636a:	431d      	orrs	r5, r3
1000636c:	4b3c      	ldr	r3, [pc, #240]	@ (10006460 <hcd_edpt_open+0x270>)
1000636e:	6d1e      	ldr	r6, [r3, #80]	@ 0x50
10006370:	05b6      	lsls	r6, r6, #22
10006372:	0fb6      	lsrs	r6, r6, #30
10006374:	2e01      	cmp	r6, #1
10006376:	d002      	beq.n	1000637e <hcd_edpt_open+0x18e>
10006378:	2e02      	cmp	r6, #2
1000637a:	d15a      	bne.n	10006432 <hcd_edpt_open+0x242>
1000637c:	2600      	movs	r6, #0
1000637e:	f000 fe17 	bl	10006fb0 <tuh_speed_get>
10006382:	42b0      	cmp	r0, r6
10006384:	d002      	beq.n	1000638c <hcd_edpt_open+0x19c>
10006386:	2380      	movs	r3, #128	@ 0x80
10006388:	04db      	lsls	r3, r3, #19
1000638a:	431d      	orrs	r5, r3
1000638c:	4934      	ldr	r1, [pc, #208]	@ (10006460 <hcd_edpt_open+0x270>)
1000638e:	7fa3      	ldrb	r3, [r4, #30]
10006390:	468c      	mov	ip, r1
10006392:	009a      	lsls	r2, r3, #2
10006394:	4462      	add	r2, ip
10006396:	6055      	str	r5, [r2, #4]
10006398:	2201      	movs	r2, #1
1000639a:	3301      	adds	r3, #1
1000639c:	409a      	lsls	r2, r3
1000639e:	0013      	movs	r3, r2
100063a0:	4a30      	ldr	r2, [pc, #192]	@ (10006464 <hcd_edpt_open+0x274>)
100063a2:	6553      	str	r3, [r2, #84]	@ 0x54
100063a4:	2001      	movs	r0, #1
100063a6:	b003      	add	sp, #12
100063a8:	bcf0      	pop	{r4, r5, r6, r7}
100063aa:	46bb      	mov	fp, r7
100063ac:	46b2      	mov	sl, r6
100063ae:	46a9      	mov	r9, r5
100063b0:	46a0      	mov	r8, r4
100063b2:	bdf0      	pop	{r4, r5, r6, r7, pc}
100063b4:	4b24      	ldr	r3, [pc, #144]	@ (10006448 <hcd_edpt_open+0x258>)
100063b6:	492c      	ldr	r1, [pc, #176]	@ (10006468 <hcd_edpt_open+0x278>)
100063b8:	4d2c      	ldr	r5, [pc, #176]	@ (1000646c <hcd_edpt_open+0x27c>)
100063ba:	6099      	str	r1, [r3, #8]
100063bc:	492c      	ldr	r1, [pc, #176]	@ (10006470 <hcd_edpt_open+0x280>)
100063be:	605d      	str	r5, [r3, #4]
100063c0:	60d9      	str	r1, [r3, #12]
100063c2:	21c0      	movs	r1, #192	@ 0xc0
100063c4:	7996      	ldrb	r6, [r2, #6]
100063c6:	0049      	lsls	r1, r1, #1
100063c8:	46ab      	mov	fp, r5
100063ca:	468c      	mov	ip, r1
100063cc:	001c      	movs	r4, r3
100063ce:	2e00      	cmp	r6, #0
100063d0:	d09f      	beq.n	10006312 <hcd_edpt_open+0x122>
100063d2:	4922      	ldr	r1, [pc, #136]	@ (1000645c <hcd_edpt_open+0x26c>)
100063d4:	7809      	ldrb	r1, [r1, #0]
100063d6:	b2cd      	uxtb	r5, r1
100063d8:	2900      	cmp	r1, #0
100063da:	d100      	bne.n	100063de <hcd_edpt_open+0x1ee>
100063dc:	e78a      	b.n	100062f4 <hcd_edpt_open+0x104>
100063de:	002e      	movs	r6, r5
100063e0:	e797      	b.n	10006312 <hcd_edpt_open+0x122>
100063e2:	3e01      	subs	r6, #1
100063e4:	0436      	lsls	r6, r6, #16
100063e6:	4332      	orrs	r2, r6
100063e8:	e7b1      	b.n	1000634e <hcd_edpt_open+0x15e>
100063ea:	2401      	movs	r4, #1
100063ec:	1e61      	subs	r1, r4, #1
100063ee:	0164      	lsls	r4, r4, #5
100063f0:	b2c9      	uxtb	r1, r1
100063f2:	191d      	adds	r5, r3, r4
100063f4:	77a9      	strb	r1, [r5, #30]
100063f6:	e762      	b.n	100062be <hcd_edpt_open+0xce>
100063f8:	2402      	movs	r4, #2
100063fa:	e7f7      	b.n	100063ec <hcd_edpt_open+0x1fc>
100063fc:	2403      	movs	r4, #3
100063fe:	e7f5      	b.n	100063ec <hcd_edpt_open+0x1fc>
10006400:	2404      	movs	r4, #4
10006402:	e7f3      	b.n	100063ec <hcd_edpt_open+0x1fc>
10006404:	2405      	movs	r4, #5
10006406:	e7f1      	b.n	100063ec <hcd_edpt_open+0x1fc>
10006408:	2406      	movs	r4, #6
1000640a:	e7ef      	b.n	100063ec <hcd_edpt_open+0x1fc>
1000640c:	2407      	movs	r4, #7
1000640e:	e7ed      	b.n	100063ec <hcd_edpt_open+0x1fc>
10006410:	2408      	movs	r4, #8
10006412:	e7eb      	b.n	100063ec <hcd_edpt_open+0x1fc>
10006414:	2409      	movs	r4, #9
10006416:	e7e9      	b.n	100063ec <hcd_edpt_open+0x1fc>
10006418:	240a      	movs	r4, #10
1000641a:	e7e7      	b.n	100063ec <hcd_edpt_open+0x1fc>
1000641c:	240b      	movs	r4, #11
1000641e:	e7e5      	b.n	100063ec <hcd_edpt_open+0x1fc>
10006420:	240c      	movs	r4, #12
10006422:	e7e3      	b.n	100063ec <hcd_edpt_open+0x1fc>
10006424:	240d      	movs	r4, #13
10006426:	e7e1      	b.n	100063ec <hcd_edpt_open+0x1fc>
10006428:	240e      	movs	r4, #14
1000642a:	e7df      	b.n	100063ec <hcd_edpt_open+0x1fc>
1000642c:	3cd2      	subs	r4, #210	@ 0xd2
1000642e:	3cff      	subs	r4, #255	@ 0xff
10006430:	e7dc      	b.n	100063ec <hcd_edpt_open+0x1fc>
10006432:	4810      	ldr	r0, [pc, #64]	@ (10006474 <hcd_edpt_open+0x284>)
10006434:	f7fb f98a 	bl	1000174c <panic>
10006438:	2610      	movs	r6, #16
1000643a:	e76a      	b.n	10006312 <hcd_edpt_open+0x122>
1000643c:	2602      	movs	r6, #2
1000643e:	e768      	b.n	10006312 <hcd_edpt_open+0x122>
10006440:	2608      	movs	r6, #8
10006442:	e766      	b.n	10006312 <hcd_edpt_open+0x122>
10006444:	2604      	movs	r6, #4
10006446:	e764      	b.n	10006312 <hcd_edpt_open+0x122>
10006448:	20003ef4 	.word	0x20003ef4
1000644c:	50100088 	.word	0x50100088
10006450:	50100008 	.word	0x50100008
10006454:	50100200 	.word	0x50100200
10006458:	50100000 	.word	0x50100000
1000645c:	2000426f 	.word	0x2000426f
10006460:	50110000 	.word	0x50110000
10006464:	50112000 	.word	0x50112000
10006468:	50100080 	.word	0x50100080
1000646c:	50100100 	.word	0x50100100
10006470:	50100180 	.word	0x50100180
10006474:	1000b288 	.word	0x1000b288

10006478 <hcd_edpt_xfer>:
10006478:	b5f0      	push	{r4, r5, r6, r7, lr}
1000647a:	46c6      	mov	lr, r8
1000647c:	b500      	push	{lr}
1000647e:	001f      	movs	r7, r3
10006480:	466b      	mov	r3, sp
10006482:	8b1b      	ldrh	r3, [r3, #24]
10006484:	000d      	movs	r5, r1
10006486:	0016      	movs	r6, r2
10006488:	4698      	mov	r8, r3
1000648a:	0653      	lsls	r3, r2, #25
1000648c:	d100      	bne.n	10006490 <hcd_edpt_xfer+0x18>
1000648e:	e09b      	b.n	100065c8 <hcd_edpt_xfer+0x150>
10006490:	2320      	movs	r3, #32
10006492:	4cab      	ldr	r4, [pc, #684]	@ (10006740 <hcd_edpt_xfer+0x2c8>)
10006494:	5ce3      	ldrb	r3, [r4, r3]
10006496:	2b00      	cmp	r3, #0
10006498:	d004      	beq.n	100064a4 <hcd_edpt_xfer+0x2c>
1000649a:	233d      	movs	r3, #61	@ 0x3d
1000649c:	5ce3      	ldrb	r3, [r4, r3]
1000649e:	428b      	cmp	r3, r1
100064a0:	d100      	bne.n	100064a4 <hcd_edpt_xfer+0x2c>
100064a2:	e0d1      	b.n	10006648 <hcd_edpt_xfer+0x1d0>
100064a4:	2340      	movs	r3, #64	@ 0x40
100064a6:	5ce3      	ldrb	r3, [r4, r3]
100064a8:	2b00      	cmp	r3, #0
100064aa:	d004      	beq.n	100064b6 <hcd_edpt_xfer+0x3e>
100064ac:	235d      	movs	r3, #93	@ 0x5d
100064ae:	5ce3      	ldrb	r3, [r4, r3]
100064b0:	42ab      	cmp	r3, r5
100064b2:	d100      	bne.n	100064b6 <hcd_edpt_xfer+0x3e>
100064b4:	e0cf      	b.n	10006656 <hcd_edpt_xfer+0x1de>
100064b6:	2360      	movs	r3, #96	@ 0x60
100064b8:	5ce3      	ldrb	r3, [r4, r3]
100064ba:	2b00      	cmp	r3, #0
100064bc:	d004      	beq.n	100064c8 <hcd_edpt_xfer+0x50>
100064be:	237d      	movs	r3, #125	@ 0x7d
100064c0:	5ce3      	ldrb	r3, [r4, r3]
100064c2:	42ab      	cmp	r3, r5
100064c4:	d100      	bne.n	100064c8 <hcd_edpt_xfer+0x50>
100064c6:	e0cd      	b.n	10006664 <hcd_edpt_xfer+0x1ec>
100064c8:	2380      	movs	r3, #128	@ 0x80
100064ca:	5ce3      	ldrb	r3, [r4, r3]
100064cc:	2b00      	cmp	r3, #0
100064ce:	d004      	beq.n	100064da <hcd_edpt_xfer+0x62>
100064d0:	239d      	movs	r3, #157	@ 0x9d
100064d2:	5ce3      	ldrb	r3, [r4, r3]
100064d4:	42ab      	cmp	r3, r5
100064d6:	d100      	bne.n	100064da <hcd_edpt_xfer+0x62>
100064d8:	e0d2      	b.n	10006680 <hcd_edpt_xfer+0x208>
100064da:	23a0      	movs	r3, #160	@ 0xa0
100064dc:	5ce3      	ldrb	r3, [r4, r3]
100064de:	2b00      	cmp	r3, #0
100064e0:	d004      	beq.n	100064ec <hcd_edpt_xfer+0x74>
100064e2:	23bd      	movs	r3, #189	@ 0xbd
100064e4:	5ce3      	ldrb	r3, [r4, r3]
100064e6:	42ab      	cmp	r3, r5
100064e8:	d100      	bne.n	100064ec <hcd_edpt_xfer+0x74>
100064ea:	e0d0      	b.n	1000668e <hcd_edpt_xfer+0x216>
100064ec:	23c0      	movs	r3, #192	@ 0xc0
100064ee:	5ce3      	ldrb	r3, [r4, r3]
100064f0:	2b00      	cmp	r3, #0
100064f2:	d004      	beq.n	100064fe <hcd_edpt_xfer+0x86>
100064f4:	23dd      	movs	r3, #221	@ 0xdd
100064f6:	5ce3      	ldrb	r3, [r4, r3]
100064f8:	42ab      	cmp	r3, r5
100064fa:	d100      	bne.n	100064fe <hcd_edpt_xfer+0x86>
100064fc:	e0ce      	b.n	1000669c <hcd_edpt_xfer+0x224>
100064fe:	23e0      	movs	r3, #224	@ 0xe0
10006500:	5ce3      	ldrb	r3, [r4, r3]
10006502:	2b00      	cmp	r3, #0
10006504:	d004      	beq.n	10006510 <hcd_edpt_xfer+0x98>
10006506:	23fd      	movs	r3, #253	@ 0xfd
10006508:	5ce3      	ldrb	r3, [r4, r3]
1000650a:	42ab      	cmp	r3, r5
1000650c:	d100      	bne.n	10006510 <hcd_edpt_xfer+0x98>
1000650e:	e0cc      	b.n	100066aa <hcd_edpt_xfer+0x232>
10006510:	2380      	movs	r3, #128	@ 0x80
10006512:	005b      	lsls	r3, r3, #1
10006514:	5ce3      	ldrb	r3, [r4, r3]
10006516:	2b00      	cmp	r3, #0
10006518:	d005      	beq.n	10006526 <hcd_edpt_xfer+0xae>
1000651a:	231e      	movs	r3, #30
1000651c:	33ff      	adds	r3, #255	@ 0xff
1000651e:	5ce3      	ldrb	r3, [r4, r3]
10006520:	42ab      	cmp	r3, r5
10006522:	d100      	bne.n	10006526 <hcd_edpt_xfer+0xae>
10006524:	e0c8      	b.n	100066b8 <hcd_edpt_xfer+0x240>
10006526:	2390      	movs	r3, #144	@ 0x90
10006528:	005b      	lsls	r3, r3, #1
1000652a:	5ce3      	ldrb	r3, [r4, r3]
1000652c:	2b00      	cmp	r3, #0
1000652e:	d005      	beq.n	1000653c <hcd_edpt_xfer+0xc4>
10006530:	233e      	movs	r3, #62	@ 0x3e
10006532:	33ff      	adds	r3, #255	@ 0xff
10006534:	5ce3      	ldrb	r3, [r4, r3]
10006536:	42ab      	cmp	r3, r5
10006538:	d100      	bne.n	1000653c <hcd_edpt_xfer+0xc4>
1000653a:	e0c5      	b.n	100066c8 <hcd_edpt_xfer+0x250>
1000653c:	23a0      	movs	r3, #160	@ 0xa0
1000653e:	005b      	lsls	r3, r3, #1
10006540:	5ce3      	ldrb	r3, [r4, r3]
10006542:	2b00      	cmp	r3, #0
10006544:	d005      	beq.n	10006552 <hcd_edpt_xfer+0xda>
10006546:	235e      	movs	r3, #94	@ 0x5e
10006548:	33ff      	adds	r3, #255	@ 0xff
1000654a:	5ce3      	ldrb	r3, [r4, r3]
1000654c:	42ab      	cmp	r3, r5
1000654e:	d100      	bne.n	10006552 <hcd_edpt_xfer+0xda>
10006550:	e0c2      	b.n	100066d8 <hcd_edpt_xfer+0x260>
10006552:	23b0      	movs	r3, #176	@ 0xb0
10006554:	005b      	lsls	r3, r3, #1
10006556:	5ce3      	ldrb	r3, [r4, r3]
10006558:	2b00      	cmp	r3, #0
1000655a:	d005      	beq.n	10006568 <hcd_edpt_xfer+0xf0>
1000655c:	237e      	movs	r3, #126	@ 0x7e
1000655e:	33ff      	adds	r3, #255	@ 0xff
10006560:	5ce3      	ldrb	r3, [r4, r3]
10006562:	42ab      	cmp	r3, r5
10006564:	d100      	bne.n	10006568 <hcd_edpt_xfer+0xf0>
10006566:	e0bf      	b.n	100066e8 <hcd_edpt_xfer+0x270>
10006568:	23c0      	movs	r3, #192	@ 0xc0
1000656a:	005b      	lsls	r3, r3, #1
1000656c:	5ce3      	ldrb	r3, [r4, r3]
1000656e:	2b00      	cmp	r3, #0
10006570:	d005      	beq.n	1000657e <hcd_edpt_xfer+0x106>
10006572:	239e      	movs	r3, #158	@ 0x9e
10006574:	33ff      	adds	r3, #255	@ 0xff
10006576:	5ce3      	ldrb	r3, [r4, r3]
10006578:	42ab      	cmp	r3, r5
1000657a:	d100      	bne.n	1000657e <hcd_edpt_xfer+0x106>
1000657c:	e0bc      	b.n	100066f8 <hcd_edpt_xfer+0x280>
1000657e:	23d0      	movs	r3, #208	@ 0xd0
10006580:	005b      	lsls	r3, r3, #1
10006582:	5ce3      	ldrb	r3, [r4, r3]
10006584:	2b00      	cmp	r3, #0
10006586:	d005      	beq.n	10006594 <hcd_edpt_xfer+0x11c>
10006588:	23be      	movs	r3, #190	@ 0xbe
1000658a:	33ff      	adds	r3, #255	@ 0xff
1000658c:	5ce3      	ldrb	r3, [r4, r3]
1000658e:	42ab      	cmp	r3, r5
10006590:	d100      	bne.n	10006594 <hcd_edpt_xfer+0x11c>
10006592:	e0b9      	b.n	10006708 <hcd_edpt_xfer+0x290>
10006594:	23e0      	movs	r3, #224	@ 0xe0
10006596:	005b      	lsls	r3, r3, #1
10006598:	5ce3      	ldrb	r3, [r4, r3]
1000659a:	2b00      	cmp	r3, #0
1000659c:	d005      	beq.n	100065aa <hcd_edpt_xfer+0x132>
1000659e:	23de      	movs	r3, #222	@ 0xde
100065a0:	33ff      	adds	r3, #255	@ 0xff
100065a2:	5ce3      	ldrb	r3, [r4, r3]
100065a4:	42ab      	cmp	r3, r5
100065a6:	d100      	bne.n	100065aa <hcd_edpt_xfer+0x132>
100065a8:	e0b6      	b.n	10006718 <hcd_edpt_xfer+0x2a0>
100065aa:	23f0      	movs	r3, #240	@ 0xf0
100065ac:	005b      	lsls	r3, r3, #1
100065ae:	5ce0      	ldrb	r0, [r4, r3]
100065b0:	2800      	cmp	r0, #0
100065b2:	d006      	beq.n	100065c2 <hcd_edpt_xfer+0x14a>
100065b4:	23fe      	movs	r3, #254	@ 0xfe
100065b6:	33ff      	adds	r3, #255	@ 0xff
100065b8:	5ce3      	ldrb	r3, [r4, r3]
100065ba:	2000      	movs	r0, #0
100065bc:	42ab      	cmp	r3, r5
100065be:	d100      	bne.n	100065c2 <hcd_edpt_xfer+0x14a>
100065c0:	e0b2      	b.n	10006728 <hcd_edpt_xfer+0x2b0>
100065c2:	bc80      	pop	{r7}
100065c4:	46b8      	mov	r8, r7
100065c6:	bdf0      	pop	{r4, r5, r6, r7, pc}
100065c8:	0008      	movs	r0, r1
100065ca:	09d4      	lsrs	r4, r2, #7
100065cc:	f000 fd04 	bl	10006fd8 <tuh_get_ep0_size>
100065d0:	4b5b      	ldr	r3, [pc, #364]	@ (10006740 <hcd_edpt_xfer+0x2c8>)
100065d2:	4a5c      	ldr	r2, [pc, #368]	@ (10006744 <hcd_edpt_xfer+0x2cc>)
100065d4:	7ed9      	ldrb	r1, [r3, #27]
100065d6:	8318      	strh	r0, [r3, #24]
100065d8:	68d8      	ldr	r0, [r3, #12]
100065da:	0689      	lsls	r1, r1, #26
100065dc:	4042      	eors	r2, r0
100065de:	430a      	orrs	r2, r1
100065e0:	21a0      	movs	r1, #160	@ 0xa0
100065e2:	709e      	strb	r6, [r3, #2]
100065e4:	2601      	movs	r6, #1
100065e6:	0609      	lsls	r1, r1, #24
100065e8:	430a      	orrs	r2, r1
100065ea:	6859      	ldr	r1, [r3, #4]
100065ec:	705c      	strb	r4, [r3, #1]
100065ee:	70de      	strb	r6, [r3, #3]
100065f0:	775d      	strb	r5, [r3, #29]
100065f2:	0018      	movs	r0, r3
100065f4:	600a      	str	r2, [r1, #0]
100065f6:	4642      	mov	r2, r8
100065f8:	0039      	movs	r1, r7
100065fa:	701e      	strb	r6, [r3, #0]
100065fc:	f000 fa32 	bl	10006a64 <hw_endpoint_xfer_start>
10006600:	4a51      	ldr	r2, [pc, #324]	@ (10006748 <hcd_edpt_xfer+0x2d0>)
10006602:	4b52      	ldr	r3, [pc, #328]	@ (1000674c <hcd_edpt_xfer+0x2d4>)
10006604:	4694      	mov	ip, r2
10006606:	601d      	str	r5, [r3, #0]
10006608:	6d1b      	ldr	r3, [r3, #80]	@ 0x50
1000660a:	3602      	adds	r6, #2
1000660c:	3c01      	subs	r4, #1
1000660e:	43b4      	bics	r4, r6
10006610:	0a1b      	lsrs	r3, r3, #8
10006612:	4464      	add	r4, ip
10006614:	401e      	ands	r6, r3
10006616:	2e01      	cmp	r6, #1
10006618:	d003      	beq.n	10006622 <hcd_edpt_xfer+0x1aa>
1000661a:	2e02      	cmp	r6, #2
1000661c:	d000      	beq.n	10006620 <hcd_edpt_xfer+0x1a8>
1000661e:	e08b      	b.n	10006738 <hcd_edpt_xfer+0x2c0>
10006620:	2600      	movs	r6, #0
10006622:	0028      	movs	r0, r5
10006624:	f000 fcc4 	bl	10006fb0 <tuh_speed_get>
10006628:	1b83      	subs	r3, r0, r6
1000662a:	1e5a      	subs	r2, r3, #1
1000662c:	4193      	sbcs	r3, r2
1000662e:	019b      	lsls	r3, r3, #6
10006630:	4323      	orrs	r3, r4
10006632:	2201      	movs	r2, #1
10006634:	0019      	movs	r1, r3
10006636:	4391      	bics	r1, r2
10006638:	4a44      	ldr	r2, [pc, #272]	@ (1000674c <hcd_edpt_xfer+0x2d4>)
1000663a:	64d1      	str	r1, [r2, #76]	@ 0x4c
1000663c:	210c      	movs	r1, #12
1000663e:	3903      	subs	r1, #3
10006640:	d2fd      	bcs.n	1000663e <hcd_edpt_xfer+0x1c6>
10006642:	2001      	movs	r0, #1
10006644:	64d3      	str	r3, [r2, #76]	@ 0x4c
10006646:	e7bc      	b.n	100065c2 <hcd_edpt_xfer+0x14a>
10006648:	2322      	movs	r3, #34	@ 0x22
1000664a:	5ce3      	ldrb	r3, [r4, r3]
1000664c:	4293      	cmp	r3, r2
1000664e:	d000      	beq.n	10006652 <hcd_edpt_xfer+0x1da>
10006650:	e728      	b.n	100064a4 <hcd_edpt_xfer+0x2c>
10006652:	2301      	movs	r3, #1
10006654:	e00c      	b.n	10006670 <hcd_edpt_xfer+0x1f8>
10006656:	2342      	movs	r3, #66	@ 0x42
10006658:	5ce3      	ldrb	r3, [r4, r3]
1000665a:	42b3      	cmp	r3, r6
1000665c:	d000      	beq.n	10006660 <hcd_edpt_xfer+0x1e8>
1000665e:	e72a      	b.n	100064b6 <hcd_edpt_xfer+0x3e>
10006660:	2302      	movs	r3, #2
10006662:	e005      	b.n	10006670 <hcd_edpt_xfer+0x1f8>
10006664:	2362      	movs	r3, #98	@ 0x62
10006666:	5ce3      	ldrb	r3, [r4, r3]
10006668:	42b3      	cmp	r3, r6
1000666a:	d000      	beq.n	1000666e <hcd_edpt_xfer+0x1f6>
1000666c:	e72c      	b.n	100064c8 <hcd_edpt_xfer+0x50>
1000666e:	2303      	movs	r3, #3
10006670:	015b      	lsls	r3, r3, #5
10006672:	18e0      	adds	r0, r4, r3
10006674:	4642      	mov	r2, r8
10006676:	0039      	movs	r1, r7
10006678:	f000 f9f4 	bl	10006a64 <hw_endpoint_xfer_start>
1000667c:	2001      	movs	r0, #1
1000667e:	e7a0      	b.n	100065c2 <hcd_edpt_xfer+0x14a>
10006680:	2382      	movs	r3, #130	@ 0x82
10006682:	5ce3      	ldrb	r3, [r4, r3]
10006684:	42b3      	cmp	r3, r6
10006686:	d000      	beq.n	1000668a <hcd_edpt_xfer+0x212>
10006688:	e727      	b.n	100064da <hcd_edpt_xfer+0x62>
1000668a:	2304      	movs	r3, #4
1000668c:	e7f0      	b.n	10006670 <hcd_edpt_xfer+0x1f8>
1000668e:	23a2      	movs	r3, #162	@ 0xa2
10006690:	5ce3      	ldrb	r3, [r4, r3]
10006692:	42b3      	cmp	r3, r6
10006694:	d000      	beq.n	10006698 <hcd_edpt_xfer+0x220>
10006696:	e729      	b.n	100064ec <hcd_edpt_xfer+0x74>
10006698:	2305      	movs	r3, #5
1000669a:	e7e9      	b.n	10006670 <hcd_edpt_xfer+0x1f8>
1000669c:	23c2      	movs	r3, #194	@ 0xc2
1000669e:	5ce3      	ldrb	r3, [r4, r3]
100066a0:	42b3      	cmp	r3, r6
100066a2:	d000      	beq.n	100066a6 <hcd_edpt_xfer+0x22e>
100066a4:	e72b      	b.n	100064fe <hcd_edpt_xfer+0x86>
100066a6:	2306      	movs	r3, #6
100066a8:	e7e2      	b.n	10006670 <hcd_edpt_xfer+0x1f8>
100066aa:	23e2      	movs	r3, #226	@ 0xe2
100066ac:	5ce3      	ldrb	r3, [r4, r3]
100066ae:	42b3      	cmp	r3, r6
100066b0:	d000      	beq.n	100066b4 <hcd_edpt_xfer+0x23c>
100066b2:	e72d      	b.n	10006510 <hcd_edpt_xfer+0x98>
100066b4:	2307      	movs	r3, #7
100066b6:	e7db      	b.n	10006670 <hcd_edpt_xfer+0x1f8>
100066b8:	2381      	movs	r3, #129	@ 0x81
100066ba:	005b      	lsls	r3, r3, #1
100066bc:	5ce3      	ldrb	r3, [r4, r3]
100066be:	42b3      	cmp	r3, r6
100066c0:	d000      	beq.n	100066c4 <hcd_edpt_xfer+0x24c>
100066c2:	e730      	b.n	10006526 <hcd_edpt_xfer+0xae>
100066c4:	2308      	movs	r3, #8
100066c6:	e7d3      	b.n	10006670 <hcd_edpt_xfer+0x1f8>
100066c8:	2391      	movs	r3, #145	@ 0x91
100066ca:	005b      	lsls	r3, r3, #1
100066cc:	5ce3      	ldrb	r3, [r4, r3]
100066ce:	42b3      	cmp	r3, r6
100066d0:	d000      	beq.n	100066d4 <hcd_edpt_xfer+0x25c>
100066d2:	e733      	b.n	1000653c <hcd_edpt_xfer+0xc4>
100066d4:	2309      	movs	r3, #9
100066d6:	e7cb      	b.n	10006670 <hcd_edpt_xfer+0x1f8>
100066d8:	23a1      	movs	r3, #161	@ 0xa1
100066da:	005b      	lsls	r3, r3, #1
100066dc:	5ce3      	ldrb	r3, [r4, r3]
100066de:	42b3      	cmp	r3, r6
100066e0:	d000      	beq.n	100066e4 <hcd_edpt_xfer+0x26c>
100066e2:	e736      	b.n	10006552 <hcd_edpt_xfer+0xda>
100066e4:	230a      	movs	r3, #10
100066e6:	e7c3      	b.n	10006670 <hcd_edpt_xfer+0x1f8>
100066e8:	23b1      	movs	r3, #177	@ 0xb1
100066ea:	005b      	lsls	r3, r3, #1
100066ec:	5ce3      	ldrb	r3, [r4, r3]
100066ee:	42b3      	cmp	r3, r6
100066f0:	d000      	beq.n	100066f4 <hcd_edpt_xfer+0x27c>
100066f2:	e739      	b.n	10006568 <hcd_edpt_xfer+0xf0>
100066f4:	230b      	movs	r3, #11
100066f6:	e7bb      	b.n	10006670 <hcd_edpt_xfer+0x1f8>
100066f8:	23c1      	movs	r3, #193	@ 0xc1
100066fa:	005b      	lsls	r3, r3, #1
100066fc:	5ce3      	ldrb	r3, [r4, r3]
100066fe:	42b3      	cmp	r3, r6
10006700:	d000      	beq.n	10006704 <hcd_edpt_xfer+0x28c>
10006702:	e73c      	b.n	1000657e <hcd_edpt_xfer+0x106>
10006704:	230c      	movs	r3, #12
10006706:	e7b3      	b.n	10006670 <hcd_edpt_xfer+0x1f8>
10006708:	23d1      	movs	r3, #209	@ 0xd1
1000670a:	005b      	lsls	r3, r3, #1
1000670c:	5ce3      	ldrb	r3, [r4, r3]
1000670e:	42b3      	cmp	r3, r6
10006710:	d000      	beq.n	10006714 <hcd_edpt_xfer+0x29c>
10006712:	e73f      	b.n	10006594 <hcd_edpt_xfer+0x11c>
10006714:	230d      	movs	r3, #13
10006716:	e7ab      	b.n	10006670 <hcd_edpt_xfer+0x1f8>
10006718:	23e1      	movs	r3, #225	@ 0xe1
1000671a:	005b      	lsls	r3, r3, #1
1000671c:	5ce3      	ldrb	r3, [r4, r3]
1000671e:	42b3      	cmp	r3, r6
10006720:	d000      	beq.n	10006724 <hcd_edpt_xfer+0x2ac>
10006722:	e742      	b.n	100065aa <hcd_edpt_xfer+0x132>
10006724:	230e      	movs	r3, #14
10006726:	e7a3      	b.n	10006670 <hcd_edpt_xfer+0x1f8>
10006728:	23f1      	movs	r3, #241	@ 0xf1
1000672a:	005b      	lsls	r3, r3, #1
1000672c:	5ce3      	ldrb	r3, [r4, r3]
1000672e:	42b3      	cmp	r3, r6
10006730:	d000      	beq.n	10006734 <hcd_edpt_xfer+0x2bc>
10006732:	e746      	b.n	100065c2 <hcd_edpt_xfer+0x14a>
10006734:	230f      	movs	r3, #15
10006736:	e79b      	b.n	10006670 <hcd_edpt_xfer+0x1f8>
10006738:	4805      	ldr	r0, [pc, #20]	@ (10006750 <hcd_edpt_xfer+0x2d8>)
1000673a:	f7fb f807 	bl	1000174c <panic>
1000673e:	46c0      	nop			@ (mov r8, r8)
10006740:	20003ef4 	.word	0x20003ef4
10006744:	50100000 	.word	0x50100000
10006748:	20008609 	.word	0x20008609
1000674c:	50110000 	.word	0x50110000
10006750:	1000b288 	.word	0x1000b288

10006754 <hcd_edpt_abort_xfer>:
10006754:	2000      	movs	r0, #0
10006756:	4770      	bx	lr

10006758 <hcd_setup_send>:
10006758:	b570      	push	{r4, r5, r6, lr}
1000675a:	4d27      	ldr	r5, [pc, #156]	@ (100067f8 <hcd_setup_send+0xa0>)
1000675c:	7813      	ldrb	r3, [r2, #0]
1000675e:	4c27      	ldr	r4, [pc, #156]	@ (100067fc <hcd_setup_send+0xa4>)
10006760:	702b      	strb	r3, [r5, #0]
10006762:	7853      	ldrb	r3, [r2, #1]
10006764:	0008      	movs	r0, r1
10006766:	706b      	strb	r3, [r5, #1]
10006768:	7893      	ldrb	r3, [r2, #2]
1000676a:	000e      	movs	r6, r1
1000676c:	70ab      	strb	r3, [r5, #2]
1000676e:	78d3      	ldrb	r3, [r2, #3]
10006770:	70eb      	strb	r3, [r5, #3]
10006772:	7913      	ldrb	r3, [r2, #4]
10006774:	712b      	strb	r3, [r5, #4]
10006776:	7953      	ldrb	r3, [r2, #5]
10006778:	716b      	strb	r3, [r5, #5]
1000677a:	7993      	ldrb	r3, [r2, #6]
1000677c:	71ab      	strb	r3, [r5, #6]
1000677e:	79d3      	ldrb	r3, [r2, #7]
10006780:	71eb      	strb	r3, [r5, #7]
10006782:	4b1f      	ldr	r3, [pc, #124]	@ (10006800 <hcd_setup_send+0xa8>)
10006784:	60a3      	str	r3, [r4, #8]
10006786:	4b1f      	ldr	r3, [pc, #124]	@ (10006804 <hcd_setup_send+0xac>)
10006788:	6063      	str	r3, [r4, #4]
1000678a:	4b1f      	ldr	r3, [pc, #124]	@ (10006808 <hcd_setup_send+0xb0>)
1000678c:	60e3      	str	r3, [r4, #12]
1000678e:	f000 fc23 	bl	10006fd8 <tuh_get_ep0_size>
10006792:	2300      	movs	r3, #0
10006794:	7063      	strb	r3, [r4, #1]
10006796:	76e3      	strb	r3, [r4, #27]
10006798:	68e3      	ldr	r3, [r4, #12]
1000679a:	2280      	movs	r2, #128	@ 0x80
1000679c:	405d      	eors	r5, r3
1000679e:	23a0      	movs	r3, #160	@ 0xa0
100067a0:	0052      	lsls	r2, r2, #1
100067a2:	8062      	strh	r2, [r4, #2]
100067a4:	061b      	lsls	r3, r3, #24
100067a6:	6862      	ldr	r2, [r4, #4]
100067a8:	432b      	orrs	r3, r5
100067aa:	7766      	strb	r6, [r4, #29]
100067ac:	8320      	strh	r0, [r4, #24]
100067ae:	6013      	str	r3, [r2, #0]
100067b0:	2301      	movs	r3, #1
100067b2:	2208      	movs	r2, #8
100067b4:	7023      	strb	r3, [r4, #0]
100067b6:	76a3      	strb	r3, [r4, #26]
100067b8:	4b14      	ldr	r3, [pc, #80]	@ (1000680c <hcd_setup_send+0xb4>)
100067ba:	82a2      	strh	r2, [r4, #20]
100067bc:	601e      	str	r6, [r3, #0]
100067be:	6d1c      	ldr	r4, [r3, #80]	@ 0x50
100067c0:	05a4      	lsls	r4, r4, #22
100067c2:	0fa4      	lsrs	r4, r4, #30
100067c4:	2c01      	cmp	r4, #1
100067c6:	d002      	beq.n	100067ce <hcd_setup_send+0x76>
100067c8:	2c02      	cmp	r4, #2
100067ca:	d112      	bne.n	100067f2 <hcd_setup_send+0x9a>
100067cc:	2400      	movs	r4, #0
100067ce:	0030      	movs	r0, r6
100067d0:	f000 fbee 	bl	10006fb0 <tuh_speed_get>
100067d4:	42a0      	cmp	r0, r4
100067d6:	d009      	beq.n	100067ec <hcd_setup_send+0x94>
100067d8:	4a0d      	ldr	r2, [pc, #52]	@ (10006810 <hcd_setup_send+0xb8>)
100067da:	490e      	ldr	r1, [pc, #56]	@ (10006814 <hcd_setup_send+0xbc>)
100067dc:	4b0b      	ldr	r3, [pc, #44]	@ (1000680c <hcd_setup_send+0xb4>)
100067de:	64da      	str	r2, [r3, #76]	@ 0x4c
100067e0:	220c      	movs	r2, #12
100067e2:	3a03      	subs	r2, #3
100067e4:	d2fd      	bcs.n	100067e2 <hcd_setup_send+0x8a>
100067e6:	2001      	movs	r0, #1
100067e8:	64d9      	str	r1, [r3, #76]	@ 0x4c
100067ea:	bd70      	pop	{r4, r5, r6, pc}
100067ec:	4a0a      	ldr	r2, [pc, #40]	@ (10006818 <hcd_setup_send+0xc0>)
100067ee:	490b      	ldr	r1, [pc, #44]	@ (1000681c <hcd_setup_send+0xc4>)
100067f0:	e7f4      	b.n	100067dc <hcd_setup_send+0x84>
100067f2:	480b      	ldr	r0, [pc, #44]	@ (10006820 <hcd_setup_send+0xc8>)
100067f4:	f7fa ffaa 	bl	1000174c <panic>
100067f8:	50100000 	.word	0x50100000
100067fc:	20003ef4 	.word	0x20003ef4
10006800:	50100080 	.word	0x50100080
10006804:	50100100 	.word	0x50100100
10006808:	50100180 	.word	0x50100180
1000680c:	50110000 	.word	0x50110000
10006810:	20008642 	.word	0x20008642
10006814:	20008643 	.word	0x20008643
10006818:	20008602 	.word	0x20008602
1000681c:	20008603 	.word	0x20008603
10006820:	1000b288 	.word	0x1000b288

10006824 <rp2040_usb_init>:
10006824:	2280      	movs	r2, #128	@ 0x80
10006826:	4b0a      	ldr	r3, [pc, #40]	@ (10006850 <rp2040_usb_init+0x2c>)
10006828:	0452      	lsls	r2, r2, #17
1000682a:	b510      	push	{r4, lr}
1000682c:	601a      	str	r2, [r3, #0]
1000682e:	4b09      	ldr	r3, [pc, #36]	@ (10006854 <rp2040_usb_init+0x30>)
10006830:	4909      	ldr	r1, [pc, #36]	@ (10006858 <rp2040_usb_init+0x34>)
10006832:	601a      	str	r2, [r3, #0]
10006834:	0010      	movs	r0, r2
10006836:	680b      	ldr	r3, [r1, #0]
10006838:	4398      	bics	r0, r3
1000683a:	d1fb      	bne.n	10006834 <rp2040_usb_init+0x10>
1000683c:	2280      	movs	r2, #128	@ 0x80
1000683e:	2100      	movs	r1, #0
10006840:	0152      	lsls	r2, r2, #5
10006842:	4806      	ldr	r0, [pc, #24]	@ (1000685c <rp2040_usb_init+0x38>)
10006844:	f7fc feec 	bl	10003620 <__wrap_memset>
10006848:	2209      	movs	r2, #9
1000684a:	4b05      	ldr	r3, [pc, #20]	@ (10006860 <rp2040_usb_init+0x3c>)
1000684c:	675a      	str	r2, [r3, #116]	@ 0x74
1000684e:	bd10      	pop	{r4, pc}
10006850:	4000e000 	.word	0x4000e000
10006854:	4000f000 	.word	0x4000f000
10006858:	4000c008 	.word	0x4000c008
1000685c:	50100000 	.word	0x50100000
10006860:	50110000 	.word	0x50110000

10006864 <hw_endpoint_reset_transfer>:
10006864:	2300      	movs	r3, #0
10006866:	7683      	strb	r3, [r0, #26]
10006868:	6143      	str	r3, [r0, #20]
1000686a:	6103      	str	r3, [r0, #16]
1000686c:	4770      	bx	lr
1000686e:	46c0      	nop			@ (mov r8, r8)

10006870 <hw_endpoint_start_next_buffer>:
10006870:	b5f8      	push	{r3, r4, r5, r6, r7, lr}
10006872:	46ce      	mov	lr, r9
10006874:	4647      	mov	r7, r8
10006876:	b580      	push	{r7, lr}
10006878:	6843      	ldr	r3, [r0, #4]
1000687a:	8b02      	ldrh	r2, [r0, #24]
1000687c:	681d      	ldr	r5, [r3, #0]
1000687e:	8a83      	ldrh	r3, [r0, #20]
10006880:	1c16      	adds	r6, r2, #0
10006882:	429a      	cmp	r2, r3
10006884:	d900      	bls.n	10006888 <hw_endpoint_start_next_buffer+0x18>
10006886:	1c1e      	adds	r6, r3, #0
10006888:	78c2      	ldrb	r2, [r0, #3]
1000688a:	2180      	movs	r1, #128	@ 0x80
1000688c:	0017      	movs	r7, r2
1000688e:	1e7c      	subs	r4, r7, #1
10006890:	41a7      	sbcs	r7, r4
10006892:	b2b6      	uxth	r6, r6
10006894:	00c9      	lsls	r1, r1, #3
10006896:	4331      	orrs	r1, r6
10006898:	037f      	lsls	r7, r7, #13
1000689a:	430f      	orrs	r7, r1
1000689c:	2101      	movs	r1, #1
1000689e:	404a      	eors	r2, r1
100068a0:	1b9b      	subs	r3, r3, r6
100068a2:	70c2      	strb	r2, [r0, #3]
100068a4:	7842      	ldrb	r2, [r0, #1]
100068a6:	b29b      	uxth	r3, r3
100068a8:	8283      	strh	r3, [r0, #20]
100068aa:	2a00      	cmp	r2, #0
100068ac:	d132      	bne.n	10006914 <hw_endpoint_start_next_buffer+0xa4>
100068ae:	1e74      	subs	r4, r6, #1
100068b0:	46a0      	mov	r8, r4
100068b2:	68c1      	ldr	r1, [r0, #12]
100068b4:	6902      	ldr	r2, [r0, #16]
100068b6:	2e00      	cmp	r6, #0
100068b8:	d027      	beq.n	1000690a <hw_endpoint_start_next_buffer+0x9a>
100068ba:	2c06      	cmp	r4, #6
100068bc:	d800      	bhi.n	100068c0 <hw_endpoint_start_next_buffer+0x50>
100068be:	e0b4      	b.n	10006a2a <hw_endpoint_start_next_buffer+0x1ba>
100068c0:	000b      	movs	r3, r1
100068c2:	4313      	orrs	r3, r2
100068c4:	079b      	lsls	r3, r3, #30
100068c6:	d000      	beq.n	100068ca <hw_endpoint_start_next_buffer+0x5a>
100068c8:	e0af      	b.n	10006a2a <hw_endpoint_start_next_buffer+0x1ba>
100068ca:	1c53      	adds	r3, r2, #1
100068cc:	1acb      	subs	r3, r1, r3
100068ce:	2b02      	cmp	r3, #2
100068d0:	d800      	bhi.n	100068d4 <hw_endpoint_start_next_buffer+0x64>
100068d2:	e0aa      	b.n	10006a2a <hw_endpoint_start_next_buffer+0x1ba>
100068d4:	08b3      	lsrs	r3, r6, #2
100068d6:	009b      	lsls	r3, r3, #2
100068d8:	469c      	mov	ip, r3
100068da:	2300      	movs	r3, #0
100068dc:	58d4      	ldr	r4, [r2, r3]
100068de:	50cc      	str	r4, [r1, r3]
100068e0:	3304      	adds	r3, #4
100068e2:	4563      	cmp	r3, ip
100068e4:	d1fa      	bne.n	100068dc <hw_endpoint_start_next_buffer+0x6c>
100068e6:	4644      	mov	r4, r8
100068e8:	18c9      	adds	r1, r1, r3
100068ea:	1ae4      	subs	r4, r4, r3
100068ec:	18d2      	adds	r2, r2, r3
100068ee:	42b3      	cmp	r3, r6
100068f0:	d009      	beq.n	10006906 <hw_endpoint_start_next_buffer+0x96>
100068f2:	7813      	ldrb	r3, [r2, #0]
100068f4:	700b      	strb	r3, [r1, #0]
100068f6:	2c00      	cmp	r4, #0
100068f8:	d005      	beq.n	10006906 <hw_endpoint_start_next_buffer+0x96>
100068fa:	7853      	ldrb	r3, [r2, #1]
100068fc:	704b      	strb	r3, [r1, #1]
100068fe:	2c01      	cmp	r4, #1
10006900:	d001      	beq.n	10006906 <hw_endpoint_start_next_buffer+0x96>
10006902:	7893      	ldrb	r3, [r2, #2]
10006904:	708b      	strb	r3, [r1, #2]
10006906:	6902      	ldr	r2, [r0, #16]
10006908:	8a83      	ldrh	r3, [r0, #20]
1000690a:	1992      	adds	r2, r2, r6
1000690c:	6102      	str	r2, [r0, #16]
1000690e:	2280      	movs	r2, #128	@ 0x80
10006910:	0212      	lsls	r2, r2, #8
10006912:	4317      	orrs	r7, r2
10006914:	2b00      	cmp	r3, #0
10006916:	d102      	bne.n	1000691e <hw_endpoint_start_next_buffer+0xae>
10006918:	2280      	movs	r2, #128	@ 0x80
1000691a:	01d2      	lsls	r2, r2, #7
1000691c:	4317      	orrs	r7, r2
1000691e:	2280      	movs	r2, #128	@ 0x80
10006920:	494b      	ldr	r1, [pc, #300]	@ (10006a50 <hw_endpoint_start_next_buffer+0x1e0>)
10006922:	0152      	lsls	r2, r2, #5
10006924:	6c0c      	ldr	r4, [r1, #64]	@ 0x40
10006926:	433a      	orrs	r2, r7
10006928:	7881      	ldrb	r1, [r0, #2]
1000692a:	07a4      	lsls	r4, r4, #30
1000692c:	d51d      	bpl.n	1000696a <hw_endpoint_start_next_buffer+0xfa>
1000692e:	0649      	lsls	r1, r1, #25
10006930:	d01d      	beq.n	1000696e <hw_endpoint_start_next_buffer+0xfe>
10006932:	4b48      	ldr	r3, [pc, #288]	@ (10006a54 <hw_endpoint_start_next_buffer+0x1e4>)
10006934:	401d      	ands	r5, r3
10006936:	2380      	movs	r3, #128	@ 0x80
10006938:	059b      	lsls	r3, r3, #22
1000693a:	431d      	orrs	r5, r3
1000693c:	6843      	ldr	r3, [r0, #4]
1000693e:	601d      	str	r5, [r3, #0]
10006940:	6883      	ldr	r3, [r0, #8]
10006942:	6819      	ldr	r1, [r3, #0]
10006944:	0549      	lsls	r1, r1, #21
10006946:	d500      	bpl.n	1000694a <hw_endpoint_start_next_buffer+0xda>
10006948:	e07d      	b.n	10006a46 <hw_endpoint_start_next_buffer+0x1d6>
1000694a:	4943      	ldr	r1, [pc, #268]	@ (10006a58 <hw_endpoint_start_next_buffer+0x1e8>)
1000694c:	4011      	ands	r1, r2
1000694e:	6019      	str	r1, [r3, #0]
10006950:	493f      	ldr	r1, [pc, #252]	@ (10006a50 <hw_endpoint_start_next_buffer+0x1e0>)
10006952:	6c09      	ldr	r1, [r1, #64]	@ 0x40
10006954:	0789      	lsls	r1, r1, #30
10006956:	d403      	bmi.n	10006960 <hw_endpoint_start_next_buffer+0xf0>
10006958:	230c      	movs	r3, #12
1000695a:	3b03      	subs	r3, #3
1000695c:	d2fd      	bcs.n	1000695a <hw_endpoint_start_next_buffer+0xea>
1000695e:	6883      	ldr	r3, [r0, #8]
10006960:	601a      	str	r2, [r3, #0]
10006962:	bcc0      	pop	{r6, r7}
10006964:	46b9      	mov	r9, r7
10006966:	46b0      	mov	r8, r6
10006968:	bdf8      	pop	{r3, r4, r5, r6, r7, pc}
1000696a:	09c9      	lsrs	r1, r1, #7
1000696c:	d0e1      	beq.n	10006932 <hw_endpoint_start_next_buffer+0xc2>
1000696e:	2b00      	cmp	r3, #0
10006970:	d0df      	beq.n	10006932 <hw_endpoint_start_next_buffer+0xc2>
10006972:	8b01      	ldrh	r1, [r0, #24]
10006974:	1c0c      	adds	r4, r1, #0
10006976:	4299      	cmp	r1, r3
10006978:	d900      	bls.n	1000697c <hw_endpoint_start_next_buffer+0x10c>
1000697a:	1c1c      	adds	r4, r3, #0
1000697c:	2680      	movs	r6, #128	@ 0x80
1000697e:	b2a1      	uxth	r1, r4
10006980:	78c4      	ldrb	r4, [r0, #3]
10006982:	00f6      	lsls	r6, r6, #3
10006984:	430e      	orrs	r6, r1
10006986:	1a5b      	subs	r3, r3, r1
10006988:	468c      	mov	ip, r1
1000698a:	0021      	movs	r1, r4
1000698c:	1e4f      	subs	r7, r1, #1
1000698e:	41b9      	sbcs	r1, r7
10006990:	0349      	lsls	r1, r1, #13
10006992:	4331      	orrs	r1, r6
10006994:	2601      	movs	r6, #1
10006996:	4074      	eors	r4, r6
10006998:	70c4      	strb	r4, [r0, #3]
1000699a:	7844      	ldrb	r4, [r0, #1]
1000699c:	b29b      	uxth	r3, r3
1000699e:	8283      	strh	r3, [r0, #20]
100069a0:	2c00      	cmp	r4, #0
100069a2:	d135      	bne.n	10006a10 <hw_endpoint_start_next_buffer+0x1a0>
100069a4:	2701      	movs	r7, #1
100069a6:	427f      	negs	r7, r7
100069a8:	4467      	add	r7, ip
100069aa:	46b9      	mov	r9, r7
100069ac:	4667      	mov	r7, ip
100069ae:	68c6      	ldr	r6, [r0, #12]
100069b0:	6904      	ldr	r4, [r0, #16]
100069b2:	3640      	adds	r6, #64	@ 0x40
100069b4:	2f00      	cmp	r7, #0
100069b6:	d026      	beq.n	10006a06 <hw_endpoint_start_next_buffer+0x196>
100069b8:	464b      	mov	r3, r9
100069ba:	2b06      	cmp	r3, #6
100069bc:	d93c      	bls.n	10006a38 <hw_endpoint_start_next_buffer+0x1c8>
100069be:	1c63      	adds	r3, r4, #1
100069c0:	1af3      	subs	r3, r6, r3
100069c2:	2b02      	cmp	r3, #2
100069c4:	d938      	bls.n	10006a38 <hw_endpoint_start_next_buffer+0x1c8>
100069c6:	0023      	movs	r3, r4
100069c8:	4333      	orrs	r3, r6
100069ca:	079b      	lsls	r3, r3, #30
100069cc:	d134      	bne.n	10006a38 <hw_endpoint_start_next_buffer+0x1c8>
100069ce:	08bb      	lsrs	r3, r7, #2
100069d0:	009b      	lsls	r3, r3, #2
100069d2:	4698      	mov	r8, r3
100069d4:	2300      	movs	r3, #0
100069d6:	58e7      	ldr	r7, [r4, r3]
100069d8:	50f7      	str	r7, [r6, r3]
100069da:	3304      	adds	r3, #4
100069dc:	4598      	cmp	r8, r3
100069de:	d1fa      	bne.n	100069d6 <hw_endpoint_start_next_buffer+0x166>
100069e0:	464b      	mov	r3, r9
100069e2:	4647      	mov	r7, r8
100069e4:	4446      	add	r6, r8
100069e6:	1bdb      	subs	r3, r3, r7
100069e8:	4444      	add	r4, r8
100069ea:	45e0      	cmp	r8, ip
100069ec:	d009      	beq.n	10006a02 <hw_endpoint_start_next_buffer+0x192>
100069ee:	7827      	ldrb	r7, [r4, #0]
100069f0:	7037      	strb	r7, [r6, #0]
100069f2:	2b00      	cmp	r3, #0
100069f4:	d005      	beq.n	10006a02 <hw_endpoint_start_next_buffer+0x192>
100069f6:	7867      	ldrb	r7, [r4, #1]
100069f8:	7077      	strb	r7, [r6, #1]
100069fa:	2b01      	cmp	r3, #1
100069fc:	d001      	beq.n	10006a02 <hw_endpoint_start_next_buffer+0x192>
100069fe:	78a3      	ldrb	r3, [r4, #2]
10006a00:	70b3      	strb	r3, [r6, #2]
10006a02:	6904      	ldr	r4, [r0, #16]
10006a04:	8a83      	ldrh	r3, [r0, #20]
10006a06:	4464      	add	r4, ip
10006a08:	6104      	str	r4, [r0, #16]
10006a0a:	2480      	movs	r4, #128	@ 0x80
10006a0c:	0224      	lsls	r4, r4, #8
10006a0e:	4321      	orrs	r1, r4
10006a10:	2b00      	cmp	r3, #0
10006a12:	d102      	bne.n	10006a1a <hw_endpoint_start_next_buffer+0x1aa>
10006a14:	2380      	movs	r3, #128	@ 0x80
10006a16:	01db      	lsls	r3, r3, #7
10006a18:	4319      	orrs	r1, r3
10006a1a:	4b10      	ldr	r3, [pc, #64]	@ (10006a5c <hw_endpoint_start_next_buffer+0x1ec>)
10006a1c:	0409      	lsls	r1, r1, #16
10006a1e:	402b      	ands	r3, r5
10006a20:	25a0      	movs	r5, #160	@ 0xa0
10006a22:	05ed      	lsls	r5, r5, #23
10006a24:	430a      	orrs	r2, r1
10006a26:	431d      	orrs	r5, r3
10006a28:	e788      	b.n	1000693c <hw_endpoint_start_next_buffer+0xcc>
10006a2a:	2300      	movs	r3, #0
10006a2c:	5cd4      	ldrb	r4, [r2, r3]
10006a2e:	54cc      	strb	r4, [r1, r3]
10006a30:	3301      	adds	r3, #1
10006a32:	429e      	cmp	r6, r3
10006a34:	d1fa      	bne.n	10006a2c <hw_endpoint_start_next_buffer+0x1bc>
10006a36:	e766      	b.n	10006906 <hw_endpoint_start_next_buffer+0x96>
10006a38:	2300      	movs	r3, #0
10006a3a:	5ce7      	ldrb	r7, [r4, r3]
10006a3c:	54f7      	strb	r7, [r6, r3]
10006a3e:	3301      	adds	r3, #1
10006a40:	459c      	cmp	ip, r3
10006a42:	d1fa      	bne.n	10006a3a <hw_endpoint_start_next_buffer+0x1ca>
10006a44:	e7dd      	b.n	10006a02 <hw_endpoint_start_next_buffer+0x192>
10006a46:	7881      	ldrb	r1, [r0, #2]
10006a48:	4805      	ldr	r0, [pc, #20]	@ (10006a60 <hw_endpoint_start_next_buffer+0x1f0>)
10006a4a:	f7fa fe7f 	bl	1000174c <panic>
10006a4e:	46c0      	nop			@ (mov r8, r8)
10006a50:	50110000 	.word	0x50110000
10006a54:	afffffff 	.word	0xafffffff
10006a58:	fffffbff 	.word	0xfffffbff
10006a5c:	dfffffff 	.word	0xdfffffff
10006a60:	1000b298 	.word	0x1000b298

10006a64 <hw_endpoint_xfer_start>:
10006a64:	2300      	movs	r3, #0
10006a66:	b510      	push	{r4, lr}
10006a68:	82c3      	strh	r3, [r0, #22]
10006a6a:	3301      	adds	r3, #1
10006a6c:	8282      	strh	r2, [r0, #20]
10006a6e:	7683      	strb	r3, [r0, #26]
10006a70:	6101      	str	r1, [r0, #16]
10006a72:	f7ff fefd 	bl	10006870 <hw_endpoint_start_next_buffer>
10006a76:	bd10      	pop	{r4, pc}

10006a78 <hw_endpoint_xfer_continue>:
10006a78:	b5f8      	push	{r3, r4, r5, r6, r7, lr}
10006a7a:	46ce      	mov	lr, r9
10006a7c:	4647      	mov	r7, r8
10006a7e:	b580      	push	{r7, lr}
10006a80:	0002      	movs	r2, r0
10006a82:	7e80      	ldrb	r0, [r0, #26]
10006a84:	2800      	cmp	r0, #0
10006a86:	d100      	bne.n	10006a8a <hw_endpoint_xfer_continue+0x12>
10006a88:	e0aa      	b.n	10006be0 <hw_endpoint_xfer_continue+0x168>
10006a8a:	6893      	ldr	r3, [r2, #8]
10006a8c:	6819      	ldr	r1, [r3, #0]
10006a8e:	6819      	ldr	r1, [r3, #0]
10006a90:	7853      	ldrb	r3, [r2, #1]
10006a92:	0589      	lsls	r1, r1, #22
10006a94:	0d8f      	lsrs	r7, r1, #22
10006a96:	2b00      	cmp	r3, #0
10006a98:	d03f      	beq.n	10006b1a <hw_endpoint_xfer_continue+0xa2>
10006a9a:	1e7b      	subs	r3, r7, #1
10006a9c:	469c      	mov	ip, r3
10006a9e:	6914      	ldr	r4, [r2, #16]
10006aa0:	68d5      	ldr	r5, [r2, #12]
10006aa2:	2f00      	cmp	r7, #0
10006aa4:	d022      	beq.n	10006aec <hw_endpoint_xfer_continue+0x74>
10006aa6:	2b06      	cmp	r3, #6
10006aa8:	d956      	bls.n	10006b58 <hw_endpoint_xfer_continue+0xe0>
10006aaa:	0023      	movs	r3, r4
10006aac:	432b      	orrs	r3, r5
10006aae:	079b      	lsls	r3, r3, #30
10006ab0:	d152      	bne.n	10006b58 <hw_endpoint_xfer_continue+0xe0>
10006ab2:	1c6b      	adds	r3, r5, #1
10006ab4:	1ae3      	subs	r3, r4, r3
10006ab6:	2b02      	cmp	r3, #2
10006ab8:	d94e      	bls.n	10006b58 <hw_endpoint_xfer_continue+0xe0>
10006aba:	2300      	movs	r3, #0
10006abc:	0e09      	lsrs	r1, r1, #24
10006abe:	0089      	lsls	r1, r1, #2
10006ac0:	58ee      	ldr	r6, [r5, r3]
10006ac2:	50e6      	str	r6, [r4, r3]
10006ac4:	3304      	adds	r3, #4
10006ac6:	428b      	cmp	r3, r1
10006ac8:	d1fa      	bne.n	10006ac0 <hw_endpoint_xfer_continue+0x48>
10006aca:	4661      	mov	r1, ip
10006acc:	18e4      	adds	r4, r4, r3
10006ace:	1ac9      	subs	r1, r1, r3
10006ad0:	18ed      	adds	r5, r5, r3
10006ad2:	429f      	cmp	r7, r3
10006ad4:	d009      	beq.n	10006aea <hw_endpoint_xfer_continue+0x72>
10006ad6:	782b      	ldrb	r3, [r5, #0]
10006ad8:	7023      	strb	r3, [r4, #0]
10006ada:	2900      	cmp	r1, #0
10006adc:	d005      	beq.n	10006aea <hw_endpoint_xfer_continue+0x72>
10006ade:	786b      	ldrb	r3, [r5, #1]
10006ae0:	7063      	strb	r3, [r4, #1]
10006ae2:	2901      	cmp	r1, #1
10006ae4:	d001      	beq.n	10006aea <hw_endpoint_xfer_continue+0x72>
10006ae6:	78ab      	ldrb	r3, [r5, #2]
10006ae8:	70a3      	strb	r3, [r4, #2]
10006aea:	6914      	ldr	r4, [r2, #16]
10006aec:	8ad3      	ldrh	r3, [r2, #22]
10006aee:	8b11      	ldrh	r1, [r2, #24]
10006af0:	18fb      	adds	r3, r7, r3
10006af2:	19e4      	adds	r4, r4, r7
10006af4:	b29b      	uxth	r3, r3
10006af6:	6114      	str	r4, [r2, #16]
10006af8:	82d3      	strh	r3, [r2, #22]
10006afa:	6854      	ldr	r4, [r2, #4]
10006afc:	428f      	cmp	r7, r1
10006afe:	d314      	bcc.n	10006b2a <hw_endpoint_xfer_continue+0xb2>
10006b00:	6824      	ldr	r4, [r4, #0]
10006b02:	0064      	lsls	r4, r4, #1
10006b04:	d501      	bpl.n	10006b0a <hw_endpoint_xfer_continue+0x92>
10006b06:	428f      	cmp	r7, r1
10006b08:	d016      	beq.n	10006b38 <hw_endpoint_xfer_continue+0xc0>
10006b0a:	8a93      	ldrh	r3, [r2, #20]
10006b0c:	2b00      	cmp	r3, #0
10006b0e:	d00f      	beq.n	10006b30 <hw_endpoint_xfer_continue+0xb8>
10006b10:	0010      	movs	r0, r2
10006b12:	f7ff fead 	bl	10006870 <hw_endpoint_start_next_buffer>
10006b16:	2000      	movs	r0, #0
10006b18:	e00a      	b.n	10006b30 <hw_endpoint_xfer_continue+0xb8>
10006b1a:	8ad3      	ldrh	r3, [r2, #22]
10006b1c:	8b11      	ldrh	r1, [r2, #24]
10006b1e:	18fb      	adds	r3, r7, r3
10006b20:	b29b      	uxth	r3, r3
10006b22:	6854      	ldr	r4, [r2, #4]
10006b24:	82d3      	strh	r3, [r2, #22]
10006b26:	428f      	cmp	r7, r1
10006b28:	d2ea      	bcs.n	10006b00 <hw_endpoint_xfer_continue+0x88>
10006b2a:	2300      	movs	r3, #0
10006b2c:	8293      	strh	r3, [r2, #20]
10006b2e:	6823      	ldr	r3, [r4, #0]
10006b30:	bcc0      	pop	{r6, r7}
10006b32:	46b9      	mov	r9, r7
10006b34:	46b0      	mov	r8, r6
10006b36:	bdf8      	pop	{r3, r4, r5, r6, r7, pc}
10006b38:	6894      	ldr	r4, [r2, #8]
10006b3a:	7856      	ldrb	r6, [r2, #1]
10006b3c:	6824      	ldr	r4, [r4, #0]
10006b3e:	0c24      	lsrs	r4, r4, #16
10006b40:	05a4      	lsls	r4, r4, #22
10006b42:	46a1      	mov	r9, r4
10006b44:	0da5      	lsrs	r5, r4, #22
10006b46:	2e00      	cmp	r6, #0
10006b48:	d10d      	bne.n	10006b66 <hw_endpoint_xfer_continue+0xee>
10006b4a:	195b      	adds	r3, r3, r5
10006b4c:	82d3      	strh	r3, [r2, #22]
10006b4e:	428d      	cmp	r5, r1
10006b50:	d2db      	bcs.n	10006b0a <hw_endpoint_xfer_continue+0x92>
10006b52:	2300      	movs	r3, #0
10006b54:	8293      	strh	r3, [r2, #20]
10006b56:	e7eb      	b.n	10006b30 <hw_endpoint_xfer_continue+0xb8>
10006b58:	2300      	movs	r3, #0
10006b5a:	5ce9      	ldrb	r1, [r5, r3]
10006b5c:	54e1      	strb	r1, [r4, r3]
10006b5e:	3301      	adds	r3, #1
10006b60:	429f      	cmp	r7, r3
10006b62:	d1fa      	bne.n	10006b5a <hw_endpoint_xfer_continue+0xe2>
10006b64:	e7c1      	b.n	10006aea <hw_endpoint_xfer_continue+0x72>
10006b66:	68d7      	ldr	r7, [r2, #12]
10006b68:	1e6c      	subs	r4, r5, #1
10006b6a:	46b8      	mov	r8, r7
10006b6c:	46a4      	mov	ip, r4
10006b6e:	6916      	ldr	r6, [r2, #16]
10006b70:	3740      	adds	r7, #64	@ 0x40
10006b72:	2d00      	cmp	r5, #0
10006b74:	d028      	beq.n	10006bc8 <hw_endpoint_xfer_continue+0x150>
10006b76:	2c06      	cmp	r4, #6
10006b78:	d92b      	bls.n	10006bd2 <hw_endpoint_xfer_continue+0x15a>
10006b7a:	4643      	mov	r3, r8
10006b7c:	3341      	adds	r3, #65	@ 0x41
10006b7e:	1af3      	subs	r3, r6, r3
10006b80:	2b02      	cmp	r3, #2
10006b82:	d926      	bls.n	10006bd2 <hw_endpoint_xfer_continue+0x15a>
10006b84:	003b      	movs	r3, r7
10006b86:	4333      	orrs	r3, r6
10006b88:	079b      	lsls	r3, r3, #30
10006b8a:	d122      	bne.n	10006bd2 <hw_endpoint_xfer_continue+0x15a>
10006b8c:	464b      	mov	r3, r9
10006b8e:	0e19      	lsrs	r1, r3, #24
10006b90:	2300      	movs	r3, #0
10006b92:	0089      	lsls	r1, r1, #2
10006b94:	58fc      	ldr	r4, [r7, r3]
10006b96:	50f4      	str	r4, [r6, r3]
10006b98:	3304      	adds	r3, #4
10006b9a:	428b      	cmp	r3, r1
10006b9c:	d1fa      	bne.n	10006b94 <hw_endpoint_xfer_continue+0x11c>
10006b9e:	429d      	cmp	r5, r3
10006ba0:	d00f      	beq.n	10006bc2 <hw_endpoint_xfer_continue+0x14a>
10006ba2:	4661      	mov	r1, ip
10006ba4:	5cfc      	ldrb	r4, [r7, r3]
10006ba6:	1ac9      	subs	r1, r1, r3
10006ba8:	18f6      	adds	r6, r6, r3
10006baa:	4688      	mov	r8, r1
10006bac:	7034      	strb	r4, [r6, #0]
10006bae:	18f9      	adds	r1, r7, r3
10006bb0:	459c      	cmp	ip, r3
10006bb2:	d006      	beq.n	10006bc2 <hw_endpoint_xfer_continue+0x14a>
10006bb4:	784b      	ldrb	r3, [r1, #1]
10006bb6:	7073      	strb	r3, [r6, #1]
10006bb8:	4643      	mov	r3, r8
10006bba:	2b01      	cmp	r3, #1
10006bbc:	d001      	beq.n	10006bc2 <hw_endpoint_xfer_continue+0x14a>
10006bbe:	788b      	ldrb	r3, [r1, #2]
10006bc0:	70b3      	strb	r3, [r6, #2]
10006bc2:	8ad3      	ldrh	r3, [r2, #22]
10006bc4:	6916      	ldr	r6, [r2, #16]
10006bc6:	8b11      	ldrh	r1, [r2, #24]
10006bc8:	18eb      	adds	r3, r5, r3
10006bca:	1976      	adds	r6, r6, r5
10006bcc:	82d3      	strh	r3, [r2, #22]
10006bce:	6116      	str	r6, [r2, #16]
10006bd0:	e7bd      	b.n	10006b4e <hw_endpoint_xfer_continue+0xd6>
10006bd2:	2100      	movs	r1, #0
10006bd4:	5c7b      	ldrb	r3, [r7, r1]
10006bd6:	5473      	strb	r3, [r6, r1]
10006bd8:	3101      	adds	r1, #1
10006bda:	428d      	cmp	r5, r1
10006bdc:	d1fa      	bne.n	10006bd4 <hw_endpoint_xfer_continue+0x15c>
10006bde:	e7f0      	b.n	10006bc2 <hw_endpoint_xfer_continue+0x14a>
10006be0:	7891      	ldrb	r1, [r2, #2]
10006be2:	4801      	ldr	r0, [pc, #4]	@ (10006be8 <hw_endpoint_xfer_continue+0x170>)
10006be4:	f7fa fdb2 	bl	1000174c <panic>
10006be8:	1000b2b8 	.word	0x1000b2b8

10006bec <_control_blocking_complete_cb>:
10006bec:	78c2      	ldrb	r2, [r0, #3]
10006bee:	6943      	ldr	r3, [r0, #20]
10006bf0:	701a      	strb	r2, [r3, #0]
10006bf2:	4770      	bx	lr

10006bf4 <process_removing_device>:
10006bf4:	b5f0      	push	{r4, r5, r6, r7, lr}
10006bf6:	46de      	mov	lr, fp
10006bf8:	4657      	mov	r7, sl
10006bfa:	4645      	mov	r5, r8
10006bfc:	464e      	mov	r6, r9
10006bfe:	b5e0      	push	{r5, r6, r7, lr}
10006c00:	4b4c      	ldr	r3, [pc, #304]	@ (10006d34 <process_removing_device+0x140>)
10006c02:	b087      	sub	sp, #28
10006c04:	469a      	mov	sl, r3
10006c06:	4b4c      	ldr	r3, [pc, #304]	@ (10006d38 <process_removing_device+0x144>)
10006c08:	4680      	mov	r8, r0
10006c0a:	9302      	str	r3, [sp, #8]
10006c0c:	4b4b      	ldr	r3, [pc, #300]	@ (10006d3c <process_removing_device+0x148>)
10006c0e:	9101      	str	r1, [sp, #4]
10006c10:	469b      	mov	fp, r3
10006c12:	2300      	movs	r3, #0
10006c14:	9304      	str	r3, [sp, #16]
10006c16:	4b4a      	ldr	r3, [pc, #296]	@ (10006d40 <process_removing_device+0x14c>)
10006c18:	4655      	mov	r5, sl
10006c1a:	4699      	mov	r9, r3
10006c1c:	4b49      	ldr	r3, [pc, #292]	@ (10006d44 <process_removing_device+0x150>)
10006c1e:	2700      	movs	r7, #0
10006c20:	2400      	movs	r4, #0
10006c22:	9305      	str	r3, [sp, #20]
10006c24:	9203      	str	r2, [sp, #12]
10006c26:	e003      	b.n	10006c30 <process_removing_device+0x3c>
10006c28:	3701      	adds	r7, #1
10006c2a:	3556      	adds	r5, #86	@ 0x56
10006c2c:	2c11      	cmp	r4, #17
10006c2e:	d044      	beq.n	10006cba <process_removing_device+0xc6>
10006c30:	782b      	ldrb	r3, [r5, #0]
10006c32:	3401      	adds	r4, #1
10006c34:	b2e4      	uxtb	r4, r4
10006c36:	4543      	cmp	r3, r8
10006c38:	d1f6      	bne.n	10006c28 <process_removing_device+0x34>
10006c3a:	2356      	movs	r3, #86	@ 0x56
10006c3c:	437b      	muls	r3, r7
10006c3e:	4453      	add	r3, sl
10006c40:	791b      	ldrb	r3, [r3, #4]
10006c42:	07db      	lsls	r3, r3, #31
10006c44:	d5f0      	bpl.n	10006c28 <process_removing_device+0x34>
10006c46:	9a01      	ldr	r2, [sp, #4]
10006c48:	2a00      	cmp	r2, #0
10006c4a:	d002      	beq.n	10006c52 <process_removing_device+0x5e>
10006c4c:	786b      	ldrb	r3, [r5, #1]
10006c4e:	4293      	cmp	r3, r2
10006c50:	d1ea      	bne.n	10006c28 <process_removing_device+0x34>
10006c52:	9a03      	ldr	r2, [sp, #12]
10006c54:	2a00      	cmp	r2, #0
10006c56:	d002      	beq.n	10006c5e <process_removing_device+0x6a>
10006c58:	78ab      	ldrb	r3, [r5, #2]
10006c5a:	4293      	cmp	r3, r2
10006c5c:	d1e4      	bne.n	10006c28 <process_removing_device+0x34>
10006c5e:	2c11      	cmp	r4, #17
10006c60:	d05e      	beq.n	10006d20 <process_removing_device+0x12c>
10006c62:	4b39      	ldr	r3, [pc, #228]	@ (10006d48 <process_removing_device+0x154>)
10006c64:	2b00      	cmp	r3, #0
10006c66:	d002      	beq.n	10006c6e <process_removing_device+0x7a>
10006c68:	0020      	movs	r0, r4
10006c6a:	e000      	b.n	10006c6e <process_removing_device+0x7a>
10006c6c:	bf00      	nop
10006c6e:	464b      	mov	r3, r9
10006c70:	4649      	mov	r1, r9
10006c72:	4658      	mov	r0, fp
10006c74:	46a9      	mov	r9, r5
10006c76:	46bb      	mov	fp, r7
10006c78:	781a      	ldrb	r2, [r3, #0]
10006c7a:	2600      	movs	r6, #0
10006c7c:	2300      	movs	r3, #0
10006c7e:	0007      	movs	r7, r0
10006c80:	000d      	movs	r5, r1
10006c82:	e010      	b.n	10006ca6 <process_removing_device+0xb2>
10006c84:	00f1      	lsls	r1, r6, #3
10006c86:	683b      	ldr	r3, [r7, #0]
10006c88:	1b89      	subs	r1, r1, r6
10006c8a:	0089      	lsls	r1, r1, #2
10006c8c:	185b      	adds	r3, r3, r1
10006c8e:	2b00      	cmp	r3, #0
10006c90:	d003      	beq.n	10006c9a <process_removing_device+0xa6>
10006c92:	0020      	movs	r0, r4
10006c94:	699b      	ldr	r3, [r3, #24]
10006c96:	4798      	blx	r3
10006c98:	782a      	ldrb	r2, [r5, #0]
10006c9a:	3601      	adds	r6, #1
10006c9c:	b2f6      	uxtb	r6, r6
10006c9e:	1c51      	adds	r1, r2, #1
10006ca0:	0033      	movs	r3, r6
10006ca2:	42b1      	cmp	r1, r6
10006ca4:	db10      	blt.n	10006cc8 <process_removing_device+0xd4>
10006ca6:	42b2      	cmp	r2, r6
10006ca8:	d8ec      	bhi.n	10006c84 <process_removing_device+0x90>
10006caa:	1a9a      	subs	r2, r3, r2
10006cac:	00d3      	lsls	r3, r2, #3
10006cae:	1a9b      	subs	r3, r3, r2
10006cb0:	9a02      	ldr	r2, [sp, #8]
10006cb2:	009b      	lsls	r3, r3, #2
10006cb4:	4694      	mov	ip, r2
10006cb6:	4463      	add	r3, ip
10006cb8:	e7eb      	b.n	10006c92 <process_removing_device+0x9e>
10006cba:	9b04      	ldr	r3, [sp, #16]
10006cbc:	2200      	movs	r2, #0
10006cbe:	2b00      	cmp	r3, #0
10006cc0:	d031      	beq.n	10006d26 <process_removing_device+0x132>
10006cc2:	2311      	movs	r3, #17
10006cc4:	9301      	str	r3, [sp, #4]
10006cc6:	e7a4      	b.n	10006c12 <process_removing_device+0x1e>
10006cc8:	003b      	movs	r3, r7
10006cca:	002a      	movs	r2, r5
10006ccc:	464d      	mov	r5, r9
10006cce:	0021      	movs	r1, r4
10006cd0:	4640      	mov	r0, r8
10006cd2:	4691      	mov	r9, r2
10006cd4:	465f      	mov	r7, fp
10006cd6:	469b      	mov	fp, r3
10006cd8:	f7ff f84c 	bl	10005d74 <hcd_device_close>
10006cdc:	2256      	movs	r2, #86	@ 0x56
10006cde:	2100      	movs	r1, #0
10006ce0:	0028      	movs	r0, r5
10006ce2:	f7fc fc9d 	bl	10003620 <__wrap_memset>
10006ce6:	0028      	movs	r0, r5
10006ce8:	2208      	movs	r2, #8
10006cea:	21ff      	movs	r1, #255	@ 0xff
10006cec:	300d      	adds	r0, #13
10006cee:	f7fc fc97 	bl	10003620 <__wrap_memset>
10006cf2:	0028      	movs	r0, r5
10006cf4:	2220      	movs	r2, #32
10006cf6:	21ff      	movs	r1, #255	@ 0xff
10006cf8:	3015      	adds	r0, #21
10006cfa:	f7fc fc91 	bl	10003620 <__wrap_memset>
10006cfe:	9b05      	ldr	r3, [sp, #20]
10006d00:	7d1b      	ldrb	r3, [r3, #20]
10006d02:	42a3      	cmp	r3, r4
10006d04:	d190      	bne.n	10006c28 <process_removing_device+0x34>
10006d06:	2101      	movs	r1, #1
10006d08:	4e10      	ldr	r6, [pc, #64]	@ (10006d4c <process_removing_device+0x158>)
10006d0a:	4249      	negs	r1, r1
10006d0c:	6830      	ldr	r0, [r6, #0]
10006d0e:	f004 f98b 	bl	1000b028 <__mutex_enter_timeout_ms_veneer>
10006d12:	2200      	movs	r2, #0
10006d14:	9b05      	ldr	r3, [sp, #20]
10006d16:	6830      	ldr	r0, [r6, #0]
10006d18:	755a      	strb	r2, [r3, #21]
10006d1a:	f004 f96d 	bl	1000aff8 <__mutex_exit_veneer>
10006d1e:	e783      	b.n	10006c28 <process_removing_device+0x34>
10006d20:	2301      	movs	r3, #1
10006d22:	9304      	str	r3, [sp, #16]
10006d24:	e7a3      	b.n	10006c6e <process_removing_device+0x7a>
10006d26:	b007      	add	sp, #28
10006d28:	bcf0      	pop	{r4, r5, r6, r7}
10006d2a:	46bb      	mov	fp, r7
10006d2c:	46b2      	mov	sl, r6
10006d2e:	46a9      	mov	r9, r5
10006d30:	46a0      	mov	r8, r4
10006d32:	bdf0      	pop	{r4, r5, r6, r7, pc}
10006d34:	20003518 	.word	0x20003518
10006d38:	1000b694 	.word	0x1000b694
10006d3c:	2000252c 	.word	0x2000252c
10006d40:	2000426a 	.word	0x2000426a
10006d44:	20002530 	.word	0x20002530
10006d48:	00000000 	.word	0x00000000
10006d4c:	20003ad0 	.word	0x20003ad0

10006d50 <usbh_control_xfer_cb.isra.0>:
10006d50:	b5f0      	push	{r4, r5, r6, r7, lr}
10006d52:	4657      	mov	r7, sl
10006d54:	4645      	mov	r5, r8
10006d56:	46de      	mov	lr, fp
10006d58:	464e      	mov	r6, r9
10006d5a:	b5e0      	push	{r5, r6, r7, lr}
10006d5c:	0004      	movs	r4, r0
10006d5e:	3801      	subs	r0, #1
10006d60:	b2c7      	uxtb	r7, r0
10006d62:	000d      	movs	r5, r1
10006d64:	b08d      	sub	sp, #52	@ 0x34
10006d66:	2f10      	cmp	r7, #16
10006d68:	d900      	bls.n	10006d6c <usbh_control_xfer_cb.isra.0+0x1c>
10006d6a:	e0a0      	b.n	10006eae <usbh_control_xfer_cb.isra.0+0x15e>
10006d6c:	2156      	movs	r1, #86	@ 0x56
10006d6e:	4341      	muls	r1, r0
10006d70:	4b7c      	ldr	r3, [pc, #496]	@ (10006f64 <usbh_control_xfer_cb.isra.0+0x214>)
10006d72:	5cce      	ldrb	r6, [r1, r3]
10006d74:	2d00      	cmp	r5, #0
10006d76:	d126      	bne.n	10006dc6 <usbh_control_xfer_cb.isra.0+0x76>
10006d78:	4d7b      	ldr	r5, [pc, #492]	@ (10006f68 <usbh_control_xfer_cb.isra.0+0x218>)
10006d7a:	7d6b      	ldrb	r3, [r5, #21]
10006d7c:	b2d9      	uxtb	r1, r3
10006d7e:	2b02      	cmp	r3, #2
10006d80:	d04d      	beq.n	10006e1e <usbh_control_xfer_cb.isra.0+0xce>
10006d82:	2903      	cmp	r1, #3
10006d84:	d065      	beq.n	10006e52 <usbh_control_xfer_cb.isra.0+0x102>
10006d86:	2901      	cmp	r1, #1
10006d88:	d116      	bne.n	10006db8 <usbh_control_xfer_cb.isra.0+0x68>
10006d8a:	88eb      	ldrh	r3, [r5, #6]
10006d8c:	2b00      	cmp	r3, #0
10006d8e:	d046      	beq.n	10006e1e <usbh_control_xfer_cb.isra.0+0xce>
10006d90:	4f76      	ldr	r7, [pc, #472]	@ (10006f6c <usbh_control_xfer_cb.isra.0+0x21c>)
10006d92:	3902      	subs	r1, #2
10006d94:	6838      	ldr	r0, [r7, #0]
10006d96:	f004 f947 	bl	1000b028 <__mutex_enter_timeout_ms_veneer>
10006d9a:	2302      	movs	r3, #2
10006d9c:	6838      	ldr	r0, [r7, #0]
10006d9e:	756b      	strb	r3, [r5, #21]
10006da0:	f004 f92a 	bl	1000aff8 <__mutex_exit_veneer>
10006da4:	2180      	movs	r1, #128	@ 0x80
10006da6:	782a      	ldrb	r2, [r5, #0]
10006da8:	68ab      	ldr	r3, [r5, #8]
10006daa:	400a      	ands	r2, r1
10006dac:	88e9      	ldrh	r1, [r5, #6]
10006dae:	0030      	movs	r0, r6
10006db0:	9100      	str	r1, [sp, #0]
10006db2:	0021      	movs	r1, r4
10006db4:	f7ff fb60 	bl	10006478 <hcd_edpt_xfer>
10006db8:	b00d      	add	sp, #52	@ 0x34
10006dba:	bcf0      	pop	{r4, r5, r6, r7}
10006dbc:	46bb      	mov	fp, r7
10006dbe:	46b2      	mov	sl, r6
10006dc0:	46a9      	mov	r9, r5
10006dc2:	46a0      	mov	r8, r4
10006dc4:	bdf0      	pop	{r4, r5, r6, r7, pc}
10006dc6:	4f68      	ldr	r7, [pc, #416]	@ (10006f68 <usbh_control_xfer_cb.isra.0+0x218>)
10006dc8:	ab04      	add	r3, sp, #16
10006dca:	003a      	movs	r2, r7
10006dcc:	4698      	mov	r8, r3
10006dce:	ca03      	ldmia	r2!, {r0, r1}
10006dd0:	c303      	stmia	r3!, {r0, r1}
10006dd2:	001e      	movs	r6, r3
10006dd4:	ab02      	add	r3, sp, #8
10006dd6:	469c      	mov	ip, r3
10006dd8:	2011      	movs	r0, #17
10006dda:	2202      	movs	r2, #2
10006ddc:	4460      	add	r0, ip
10006dde:	2100      	movs	r1, #0
10006de0:	f7fc fc1e 	bl	10003620 <__wrap_memset>
10006de4:	7034      	strb	r4, [r6, #0]
10006de6:	70f5      	strb	r5, [r6, #3]
10006de8:	8afb      	ldrh	r3, [r7, #22]
10006dea:	2101      	movs	r1, #1
10006dec:	6073      	str	r3, [r6, #4]
10006dee:	4643      	mov	r3, r8
10006df0:	60b3      	str	r3, [r6, #8]
10006df2:	68bb      	ldr	r3, [r7, #8]
10006df4:	4c5d      	ldr	r4, [pc, #372]	@ (10006f6c <usbh_control_xfer_cb.isra.0+0x21c>)
10006df6:	60f3      	str	r3, [r6, #12]
10006df8:	68fb      	ldr	r3, [r7, #12]
10006dfa:	4249      	negs	r1, r1
10006dfc:	6133      	str	r3, [r6, #16]
10006dfe:	693b      	ldr	r3, [r7, #16]
10006e00:	6820      	ldr	r0, [r4, #0]
10006e02:	6173      	str	r3, [r6, #20]
10006e04:	f004 f910 	bl	1000b028 <__mutex_enter_timeout_ms_veneer>
10006e08:	2300      	movs	r3, #0
10006e0a:	6820      	ldr	r0, [r4, #0]
10006e0c:	757b      	strb	r3, [r7, #21]
10006e0e:	f004 f8f3 	bl	1000aff8 <__mutex_exit_veneer>
10006e12:	6933      	ldr	r3, [r6, #16]
10006e14:	2b00      	cmp	r3, #0
10006e16:	d0cf      	beq.n	10006db8 <usbh_control_xfer_cb.isra.0+0x68>
10006e18:	0030      	movs	r0, r6
10006e1a:	4798      	blx	r3
10006e1c:	e7cc      	b.n	10006db8 <usbh_control_xfer_cb.isra.0+0x68>
10006e1e:	2101      	movs	r1, #1
10006e20:	4f52      	ldr	r7, [pc, #328]	@ (10006f6c <usbh_control_xfer_cb.isra.0+0x21c>)
10006e22:	b292      	uxth	r2, r2
10006e24:	4249      	negs	r1, r1
10006e26:	6838      	ldr	r0, [r7, #0]
10006e28:	82ea      	strh	r2, [r5, #22]
10006e2a:	f004 f8fd 	bl	1000b028 <__mutex_enter_timeout_ms_veneer>
10006e2e:	2303      	movs	r3, #3
10006e30:	6838      	ldr	r0, [r7, #0]
10006e32:	756b      	strb	r3, [r5, #21]
10006e34:	f004 f8e0 	bl	1000aff8 <__mutex_exit_veneer>
10006e38:	2301      	movs	r3, #1
10006e3a:	782a      	ldrb	r2, [r5, #0]
10006e3c:	0021      	movs	r1, r4
10006e3e:	09d2      	lsrs	r2, r2, #7
10006e40:	405a      	eors	r2, r3
10006e42:	2300      	movs	r3, #0
10006e44:	01d2      	lsls	r2, r2, #7
10006e46:	0030      	movs	r0, r6
10006e48:	b2d2      	uxtb	r2, r2
10006e4a:	9300      	str	r3, [sp, #0]
10006e4c:	f7ff fb14 	bl	10006478 <hcd_edpt_xfer>
10006e50:	e7b2      	b.n	10006db8 <usbh_control_xfer_cb.isra.0+0x68>
10006e52:	786b      	ldrb	r3, [r5, #1]
10006e54:	2b09      	cmp	r3, #9
10006e56:	d02d      	beq.n	10006eb4 <usbh_control_xfer_cb.isra.0+0x164>
10006e58:	4b44      	ldr	r3, [pc, #272]	@ (10006f6c <usbh_control_xfer_cb.isra.0+0x21c>)
10006e5a:	469a      	mov	sl, r3
10006e5c:	af04      	add	r7, sp, #16
10006e5e:	003b      	movs	r3, r7
10006e60:	002a      	movs	r2, r5
10006e62:	ca03      	ldmia	r2!, {r0, r1}
10006e64:	c303      	stmia	r3!, {r0, r1}
10006e66:	001e      	movs	r6, r3
10006e68:	ab02      	add	r3, sp, #8
10006e6a:	469c      	mov	ip, r3
10006e6c:	2011      	movs	r0, #17
10006e6e:	2202      	movs	r2, #2
10006e70:	4460      	add	r0, ip
10006e72:	2100      	movs	r1, #0
10006e74:	f7fc fbd4 	bl	10003620 <__wrap_memset>
10006e78:	7034      	strb	r4, [r6, #0]
10006e7a:	2400      	movs	r4, #0
10006e7c:	70f4      	strb	r4, [r6, #3]
10006e7e:	8aeb      	ldrh	r3, [r5, #22]
10006e80:	2101      	movs	r1, #1
10006e82:	6073      	str	r3, [r6, #4]
10006e84:	68ab      	ldr	r3, [r5, #8]
10006e86:	4249      	negs	r1, r1
10006e88:	60f3      	str	r3, [r6, #12]
10006e8a:	68eb      	ldr	r3, [r5, #12]
10006e8c:	60b7      	str	r7, [r6, #8]
10006e8e:	6133      	str	r3, [r6, #16]
10006e90:	692b      	ldr	r3, [r5, #16]
10006e92:	6173      	str	r3, [r6, #20]
10006e94:	4653      	mov	r3, sl
10006e96:	6818      	ldr	r0, [r3, #0]
10006e98:	f004 f8c6 	bl	1000b028 <__mutex_enter_timeout_ms_veneer>
10006e9c:	4653      	mov	r3, sl
10006e9e:	6818      	ldr	r0, [r3, #0]
10006ea0:	756c      	strb	r4, [r5, #21]
10006ea2:	f004 f8a9 	bl	1000aff8 <__mutex_exit_veneer>
10006ea6:	6933      	ldr	r3, [r6, #16]
10006ea8:	2b00      	cmp	r3, #0
10006eaa:	d1b5      	bne.n	10006e18 <usbh_control_xfer_cb.isra.0+0xc8>
10006eac:	e784      	b.n	10006db8 <usbh_control_xfer_cb.isra.0+0x68>
10006eae:	4b30      	ldr	r3, [pc, #192]	@ (10006f70 <usbh_control_xfer_cb.isra.0+0x220>)
10006eb0:	781e      	ldrb	r6, [r3, #0]
10006eb2:	e75f      	b.n	10006d74 <usbh_control_xfer_cb.isra.0+0x24>
10006eb4:	782b      	ldrb	r3, [r5, #0]
10006eb6:	2b00      	cmp	r3, #0
10006eb8:	d1ce      	bne.n	10006e58 <usbh_control_xfer_cb.isra.0+0x108>
10006eba:	2f10      	cmp	r7, #16
10006ebc:	d8cc      	bhi.n	10006e58 <usbh_control_xfer_cb.isra.0+0x108>
10006ebe:	2256      	movs	r2, #86	@ 0x56
10006ec0:	0013      	movs	r3, r2
10006ec2:	4928      	ldr	r1, [pc, #160]	@ (10006f64 <usbh_control_xfer_cb.isra.0+0x214>)
10006ec4:	4363      	muls	r3, r4
10006ec6:	4689      	mov	r9, r1
10006ec8:	3b1e      	subs	r3, #30
10006eca:	444b      	add	r3, r9
10006ecc:	4698      	mov	r8, r3
10006ece:	4b27      	ldr	r3, [pc, #156]	@ (10006f6c <usbh_control_xfer_cb.isra.0+0x21c>)
10006ed0:	46a1      	mov	r9, r4
10006ed2:	469a      	mov	sl, r3
10006ed4:	232b      	movs	r3, #43	@ 0x2b
10006ed6:	4343      	muls	r3, r0
10006ed8:	2701      	movs	r7, #1
10006eda:	469b      	mov	fp, r3
10006edc:	000e      	movs	r6, r1
10006ede:	4644      	mov	r4, r8
10006ee0:	4342      	muls	r2, r0
10006ee2:	9503      	str	r5, [sp, #12]
10006ee4:	9202      	str	r2, [sp, #8]
10006ee6:	b2fb      	uxtb	r3, r7
10006ee8:	4698      	mov	r8, r3
10006eea:	465b      	mov	r3, fp
10006eec:	19dd      	adds	r5, r3, r7
10006eee:	3518      	adds	r5, #24
10006ef0:	006d      	lsls	r5, r5, #1
10006ef2:	1975      	adds	r5, r6, r5
10006ef4:	796b      	ldrb	r3, [r5, #5]
10006ef6:	07db      	lsls	r3, r3, #31
10006ef8:	d510      	bpl.n	10006f1c <usbh_control_xfer_cb.isra.0+0x1cc>
10006efa:	9b02      	ldr	r3, [sp, #8]
10006efc:	4642      	mov	r2, r8
10006efe:	4649      	mov	r1, r9
10006f00:	5cf0      	ldrb	r0, [r6, r3]
10006f02:	f7ff fc27 	bl	10006754 <hcd_edpt_abort_xfer>
10006f06:	2800      	cmp	r0, #0
10006f08:	d008      	beq.n	10006f1c <usbh_control_xfer_cb.isra.0+0x1cc>
10006f0a:	2201      	movs	r2, #1
10006f0c:	796b      	ldrb	r3, [r5, #5]
10006f0e:	1e60      	subs	r0, r4, #1
10006f10:	4393      	bics	r3, r2
10006f12:	716b      	strb	r3, [r5, #5]
10006f14:	4653      	mov	r3, sl
10006f16:	6819      	ldr	r1, [r3, #0]
10006f18:	f002 fdc0 	bl	10009a9c <tu_edpt_release>
10006f1c:	465b      	mov	r3, fp
10006f1e:	19dd      	adds	r5, r3, r7
10006f20:	006d      	lsls	r5, r5, #1
10006f22:	1975      	adds	r5, r6, r5
10006f24:	3531      	adds	r5, #49	@ 0x31
10006f26:	796b      	ldrb	r3, [r5, #5]
10006f28:	07db      	lsls	r3, r3, #31
10006f2a:	d513      	bpl.n	10006f54 <usbh_control_xfer_cb.isra.0+0x204>
10006f2c:	2280      	movs	r2, #128	@ 0x80
10006f2e:	4643      	mov	r3, r8
10006f30:	4313      	orrs	r3, r2
10006f32:	001a      	movs	r2, r3
10006f34:	9b02      	ldr	r3, [sp, #8]
10006f36:	4649      	mov	r1, r9
10006f38:	5cf0      	ldrb	r0, [r6, r3]
10006f3a:	f7ff fc0b 	bl	10006754 <hcd_edpt_abort_xfer>
10006f3e:	2800      	cmp	r0, #0
10006f40:	d008      	beq.n	10006f54 <usbh_control_xfer_cb.isra.0+0x204>
10006f42:	2201      	movs	r2, #1
10006f44:	796b      	ldrb	r3, [r5, #5]
10006f46:	0020      	movs	r0, r4
10006f48:	4393      	bics	r3, r2
10006f4a:	716b      	strb	r3, [r5, #5]
10006f4c:	4653      	mov	r3, sl
10006f4e:	6819      	ldr	r1, [r3, #0]
10006f50:	f002 fda4 	bl	10009a9c <tu_edpt_release>
10006f54:	3701      	adds	r7, #1
10006f56:	3402      	adds	r4, #2
10006f58:	2f10      	cmp	r7, #16
10006f5a:	d1c4      	bne.n	10006ee6 <usbh_control_xfer_cb.isra.0+0x196>
10006f5c:	464c      	mov	r4, r9
10006f5e:	9d03      	ldr	r5, [sp, #12]
10006f60:	e77c      	b.n	10006e5c <usbh_control_xfer_cb.isra.0+0x10c>
10006f62:	46c0      	nop			@ (mov r8, r8)
10006f64:	20003518 	.word	0x20003518
10006f68:	20002530 	.word	0x20002530
10006f6c:	20003ad0 	.word	0x20003ad0
10006f70:	20002548 	.word	0x20002548

10006f74 <tuh_event_hook_cb>:
10006f74:	4770      	bx	lr
10006f76:	46c0      	nop			@ (mov r8, r8)

10006f78 <tuh_vid_pid_get>:
10006f78:	2300      	movs	r3, #0
10006f7a:	3801      	subs	r0, #1
10006f7c:	b510      	push	{r4, lr}
10006f7e:	8013      	strh	r3, [r2, #0]
10006f80:	800b      	strh	r3, [r1, #0]
10006f82:	b2c3      	uxtb	r3, r0
10006f84:	2b10      	cmp	r3, #16
10006f86:	d80f      	bhi.n	10006fa8 <tuh_vid_pid_get+0x30>
10006f88:	2456      	movs	r4, #86	@ 0x56
10006f8a:	4360      	muls	r0, r4
10006f8c:	4b07      	ldr	r3, [pc, #28]	@ (10006fac <tuh_vid_pid_get+0x34>)
10006f8e:	181b      	adds	r3, r3, r0
10006f90:	791c      	ldrb	r4, [r3, #4]
10006f92:	07a4      	lsls	r4, r4, #30
10006f94:	0fe0      	lsrs	r0, r4, #31
10006f96:	2c00      	cmp	r4, #0
10006f98:	da05      	bge.n	10006fa6 <tuh_vid_pid_get+0x2e>
10006f9a:	88dc      	ldrh	r4, [r3, #6]
10006f9c:	2c00      	cmp	r4, #0
10006f9e:	d003      	beq.n	10006fa8 <tuh_vid_pid_get+0x30>
10006fa0:	800c      	strh	r4, [r1, #0]
10006fa2:	891b      	ldrh	r3, [r3, #8]
10006fa4:	8013      	strh	r3, [r2, #0]
10006fa6:	bd10      	pop	{r4, pc}
10006fa8:	2000      	movs	r0, #0
10006faa:	e7fc      	b.n	10006fa6 <tuh_vid_pid_get+0x2e>
10006fac:	20003518 	.word	0x20003518

10006fb0 <tuh_speed_get>:
10006fb0:	3801      	subs	r0, #1
10006fb2:	b2c3      	uxtb	r3, r0
10006fb4:	2b10      	cmp	r3, #16
10006fb6:	d805      	bhi.n	10006fc4 <tuh_speed_get+0x14>
10006fb8:	2256      	movs	r2, #86	@ 0x56
10006fba:	4342      	muls	r2, r0
10006fbc:	4b04      	ldr	r3, [pc, #16]	@ (10006fd0 <tuh_speed_get+0x20>)
10006fbe:	189b      	adds	r3, r3, r2
10006fc0:	78d8      	ldrb	r0, [r3, #3]
10006fc2:	4770      	bx	lr
10006fc4:	4b03      	ldr	r3, [pc, #12]	@ (10006fd4 <tuh_speed_get+0x24>)
10006fc6:	78d8      	ldrb	r0, [r3, #3]
10006fc8:	0700      	lsls	r0, r0, #28
10006fca:	0f00      	lsrs	r0, r0, #28
10006fcc:	e7f9      	b.n	10006fc2 <tuh_speed_get+0x12>
10006fce:	46c0      	nop			@ (mov r8, r8)
10006fd0:	20003518 	.word	0x20003518
10006fd4:	20002548 	.word	0x20002548

10006fd8 <tuh_get_ep0_size>:
10006fd8:	3801      	subs	r0, #1
10006fda:	b2c3      	uxtb	r3, r0
10006fdc:	2b10      	cmp	r3, #16
10006fde:	d805      	bhi.n	10006fec <tuh_get_ep0_size+0x14>
10006fe0:	2256      	movs	r2, #86	@ 0x56
10006fe2:	4342      	muls	r2, r0
10006fe4:	4b02      	ldr	r3, [pc, #8]	@ (10006ff0 <tuh_get_ep0_size+0x18>)
10006fe6:	189b      	adds	r3, r3, r2
10006fe8:	7958      	ldrb	r0, [r3, #5]
10006fea:	4770      	bx	lr
10006fec:	2008      	movs	r0, #8
10006fee:	e7fc      	b.n	10006fea <tuh_get_ep0_size+0x12>
10006ff0:	20003518 	.word	0x20003518

10006ff4 <tuh_get_hub_addr_port>:
10006ff4:	3801      	subs	r0, #1
10006ff6:	b2c3      	uxtb	r3, r0
10006ff8:	b510      	push	{r4, lr}
10006ffa:	2b10      	cmp	r3, #16
10006ffc:	d809      	bhi.n	10007012 <tuh_get_hub_addr_port+0x1e>
10006ffe:	2456      	movs	r4, #86	@ 0x56
10007000:	4360      	muls	r0, r4
10007002:	4b05      	ldr	r3, [pc, #20]	@ (10007018 <tuh_get_hub_addr_port+0x24>)
10007004:	1818      	adds	r0, r3, r0
10007006:	7843      	ldrb	r3, [r0, #1]
10007008:	700b      	strb	r3, [r1, #0]
1000700a:	7883      	ldrb	r3, [r0, #2]
1000700c:	2001      	movs	r0, #1
1000700e:	7013      	strb	r3, [r2, #0]
10007010:	bd10      	pop	{r4, pc}
10007012:	2000      	movs	r0, #0
10007014:	e7fc      	b.n	10007010 <tuh_get_hub_addr_port+0x1c>
10007016:	46c0      	nop			@ (mov r8, r8)
10007018:	20003518 	.word	0x20003518

1000701c <tuh_init>:
1000701c:	b5f8      	push	{r3, r4, r5, r6, r7, lr}
1000701e:	46ce      	mov	lr, r9
10007020:	4647      	mov	r7, r8
10007022:	b580      	push	{r7, lr}
10007024:	4e3a      	ldr	r6, [pc, #232]	@ (10007110 <tuh_init+0xf4>)
10007026:	0005      	movs	r5, r0
10007028:	7833      	ldrb	r3, [r6, #0]
1000702a:	4298      	cmp	r0, r3
1000702c:	d00e      	beq.n	1000704c <tuh_init+0x30>
1000702e:	2bff      	cmp	r3, #255	@ 0xff
10007030:	d00e      	beq.n	10007050 <tuh_init+0x34>
10007032:	0028      	movs	r0, r5
10007034:	7035      	strb	r5, [r6, #0]
10007036:	f7fe fe51 	bl	10005cdc <hcd_init>
1000703a:	2800      	cmp	r0, #0
1000703c:	d103      	bne.n	10007046 <tuh_init+0x2a>
1000703e:	bcc0      	pop	{r6, r7}
10007040:	46b9      	mov	r9, r7
10007042:	46b0      	mov	r8, r6
10007044:	bdf8      	pop	{r3, r4, r5, r6, r7, pc}
10007046:	0028      	movs	r0, r5
10007048:	f7ff f8cc 	bl	100061e4 <hcd_int_enable>
1000704c:	2001      	movs	r0, #1
1000704e:	e7f6      	b.n	1000703e <tuh_init+0x22>
10007050:	4c30      	ldr	r4, [pc, #192]	@ (10007114 <tuh_init+0xf8>)
10007052:	0020      	movs	r0, r4
10007054:	3c14      	subs	r4, #20
10007056:	f7fa ff03 	bl	10001e60 <critical_section_init>
1000705a:	0020      	movs	r0, r4
1000705c:	f002 ffdc 	bl	1000a018 <tu_fifo_clear>
10007060:	4b2d      	ldr	r3, [pc, #180]	@ (10007118 <tuh_init+0xfc>)
10007062:	601c      	str	r4, [r3, #0]
10007064:	4c2d      	ldr	r4, [pc, #180]	@ (1000711c <tuh_init+0x100>)
10007066:	0020      	movs	r0, r4
10007068:	f7fa feec 	bl	10001e44 <mutex_init>
1000706c:	4b2c      	ldr	r3, [pc, #176]	@ (10007120 <tuh_init+0x104>)
1000706e:	4f2d      	ldr	r7, [pc, #180]	@ (10007124 <tuh_init+0x108>)
10007070:	601c      	str	r4, [r3, #0]
10007072:	4b2d      	ldr	r3, [pc, #180]	@ (10007128 <tuh_init+0x10c>)
10007074:	2b00      	cmp	r3, #0
10007076:	d004      	beq.n	10007082 <tuh_init+0x66>
10007078:	0038      	movs	r0, r7
1000707a:	f7f9 fe8b 	bl	10000d94 <usbh_app_driver_get_cb>
1000707e:	4b2b      	ldr	r3, [pc, #172]	@ (1000712c <tuh_init+0x110>)
10007080:	6018      	str	r0, [r3, #0]
10007082:	2200      	movs	r2, #0
10007084:	4b2a      	ldr	r3, [pc, #168]	@ (10007130 <tuh_init+0x114>)
10007086:	4c2b      	ldr	r4, [pc, #172]	@ (10007134 <tuh_init+0x118>)
10007088:	601a      	str	r2, [r3, #0]
1000708a:	2100      	movs	r1, #0
1000708c:	4a2a      	ldr	r2, [pc, #168]	@ (10007138 <tuh_init+0x11c>)
1000708e:	0020      	movs	r0, r4
10007090:	f7fc fac6 	bl	10003620 <__wrap_memset>
10007094:	2218      	movs	r2, #24
10007096:	2100      	movs	r1, #0
10007098:	4828      	ldr	r0, [pc, #160]	@ (1000713c <tuh_init+0x120>)
1000709a:	f7fc fac1 	bl	10003620 <__wrap_memset>
1000709e:	4b26      	ldr	r3, [pc, #152]	@ (10007138 <tuh_init+0x11c>)
100070a0:	4698      	mov	r8, r3
100070a2:	44a0      	add	r8, r4
100070a4:	2256      	movs	r2, #86	@ 0x56
100070a6:	2100      	movs	r1, #0
100070a8:	0020      	movs	r0, r4
100070aa:	f7fc fab9 	bl	10003620 <__wrap_memset>
100070ae:	0020      	movs	r0, r4
100070b0:	2208      	movs	r2, #8
100070b2:	21ff      	movs	r1, #255	@ 0xff
100070b4:	300d      	adds	r0, #13
100070b6:	f7fc fab3 	bl	10003620 <__wrap_memset>
100070ba:	0020      	movs	r0, r4
100070bc:	2220      	movs	r2, #32
100070be:	21ff      	movs	r1, #255	@ 0xff
100070c0:	3015      	adds	r0, #21
100070c2:	3456      	adds	r4, #86	@ 0x56
100070c4:	f7fc faac 	bl	10003620 <__wrap_memset>
100070c8:	45a0      	cmp	r8, r4
100070ca:	d1eb      	bne.n	100070a4 <tuh_init+0x88>
100070cc:	491c      	ldr	r1, [pc, #112]	@ (10007140 <tuh_init+0x124>)
100070ce:	2400      	movs	r4, #0
100070d0:	4689      	mov	r9, r1
100070d2:	4916      	ldr	r1, [pc, #88]	@ (1000712c <tuh_init+0x110>)
100070d4:	2300      	movs	r3, #0
100070d6:	4688      	mov	r8, r1
100070d8:	783a      	ldrb	r2, [r7, #0]
100070da:	e010      	b.n	100070fe <tuh_init+0xe2>
100070dc:	4643      	mov	r3, r8
100070de:	00e1      	lsls	r1, r4, #3
100070e0:	681b      	ldr	r3, [r3, #0]
100070e2:	1b09      	subs	r1, r1, r4
100070e4:	0089      	lsls	r1, r1, #2
100070e6:	185b      	adds	r3, r3, r1
100070e8:	2b00      	cmp	r3, #0
100070ea:	d002      	beq.n	100070f2 <tuh_init+0xd6>
100070ec:	685b      	ldr	r3, [r3, #4]
100070ee:	4798      	blx	r3
100070f0:	783a      	ldrb	r2, [r7, #0]
100070f2:	3401      	adds	r4, #1
100070f4:	b2e4      	uxtb	r4, r4
100070f6:	1c51      	adds	r1, r2, #1
100070f8:	0023      	movs	r3, r4
100070fa:	42a1      	cmp	r1, r4
100070fc:	db99      	blt.n	10007032 <tuh_init+0x16>
100070fe:	42a2      	cmp	r2, r4
10007100:	d8ec      	bhi.n	100070dc <tuh_init+0xc0>
10007102:	1a9a      	subs	r2, r3, r2
10007104:	00d3      	lsls	r3, r2, #3
10007106:	1a9b      	subs	r3, r3, r2
10007108:	009b      	lsls	r3, r3, #2
1000710a:	444b      	add	r3, r9
1000710c:	e7ee      	b.n	100070ec <tuh_init+0xd0>
1000710e:	46c0      	nop			@ (mov r8, r8)
10007110:	20000994 	.word	0x20000994
10007114:	2000098c 	.word	0x2000098c
10007118:	20003adc 	.word	0x20003adc
1000711c:	20003ad4 	.word	0x20003ad4
10007120:	20003ad0 	.word	0x20003ad0
10007124:	2000426a 	.word	0x2000426a
10007128:	10000d95 	.word	0x10000d95
1000712c:	2000252c 	.word	0x2000252c
10007130:	20002548 	.word	0x20002548
10007134:	20003518 	.word	0x20003518
10007138:	000005b6 	.word	0x000005b6
1000713c:	20002530 	.word	0x20002530
10007140:	1000b694 	.word	0x1000b694

10007144 <tuh_control_xfer>:
10007144:	b5f0      	push	{r4, r5, r6, r7, lr}
10007146:	46ce      	mov	lr, r9
10007148:	4647      	mov	r7, r8
1000714a:	b580      	push	{r7, lr}
1000714c:	7843      	ldrb	r3, [r0, #1]
1000714e:	0004      	movs	r4, r0
10007150:	b083      	sub	sp, #12
10007152:	2b00      	cmp	r3, #0
10007154:	d114      	bne.n	10007180 <tuh_control_xfer+0x3c>
10007156:	6883      	ldr	r3, [r0, #8]
10007158:	2b00      	cmp	r3, #0
1000715a:	d011      	beq.n	10007180 <tuh_control_xfer+0x3c>
1000715c:	7805      	ldrb	r5, [r0, #0]
1000715e:	2d00      	cmp	r5, #0
10007160:	d015      	beq.n	1000718e <tuh_control_xfer+0x4a>
10007162:	1e69      	subs	r1, r5, #1
10007164:	b2cb      	uxtb	r3, r1
10007166:	2b10      	cmp	r3, #16
10007168:	d806      	bhi.n	10007178 <tuh_control_xfer+0x34>
1000716a:	2256      	movs	r2, #86	@ 0x56
1000716c:	434a      	muls	r2, r1
1000716e:	4b3e      	ldr	r3, [pc, #248]	@ (10007268 <tuh_control_xfer+0x124>)
10007170:	189b      	adds	r3, r3, r2
10007172:	791b      	ldrb	r3, [r3, #4]
10007174:	07db      	lsls	r3, r3, #31
10007176:	d503      	bpl.n	10007180 <tuh_control_xfer+0x3c>
10007178:	4e3c      	ldr	r6, [pc, #240]	@ (1000726c <tuh_control_xfer+0x128>)
1000717a:	7d73      	ldrb	r3, [r6, #21]
1000717c:	2b00      	cmp	r3, #0
1000717e:	d00e      	beq.n	1000719e <tuh_control_xfer+0x5a>
10007180:	2500      	movs	r5, #0
10007182:	0028      	movs	r0, r5
10007184:	b003      	add	sp, #12
10007186:	bcc0      	pop	{r6, r7}
10007188:	46b9      	mov	r9, r7
1000718a:	46b0      	mov	r8, r6
1000718c:	bdf0      	pop	{r4, r5, r6, r7, pc}
1000718e:	4b38      	ldr	r3, [pc, #224]	@ (10007270 <tuh_control_xfer+0x12c>)
10007190:	78db      	ldrb	r3, [r3, #3]
10007192:	06db      	lsls	r3, r3, #27
10007194:	d5f4      	bpl.n	10007180 <tuh_control_xfer+0x3c>
10007196:	4e35      	ldr	r6, [pc, #212]	@ (1000726c <tuh_control_xfer+0x128>)
10007198:	7d73      	ldrb	r3, [r6, #21]
1000719a:	2b00      	cmp	r3, #0
1000719c:	d1f0      	bne.n	10007180 <tuh_control_xfer+0x3c>
1000719e:	2101      	movs	r1, #1
100071a0:	4f34      	ldr	r7, [pc, #208]	@ (10007274 <tuh_control_xfer+0x130>)
100071a2:	4249      	negs	r1, r1
100071a4:	6838      	ldr	r0, [r7, #0]
100071a6:	f003 ff3f 	bl	1000b028 <__mutex_enter_timeout_ms_veneer>
100071aa:	7d73      	ldrb	r3, [r6, #21]
100071ac:	683f      	ldr	r7, [r7, #0]
100071ae:	b2da      	uxtb	r2, r3
100071b0:	2b00      	cmp	r3, #0
100071b2:	d003      	beq.n	100071bc <tuh_control_xfer+0x78>
100071b4:	0038      	movs	r0, r7
100071b6:	f003 ff1f 	bl	1000aff8 <__mutex_exit_veneer>
100071ba:	e7e1      	b.n	10007180 <tuh_control_xfer+0x3c>
100071bc:	2301      	movs	r3, #1
100071be:	7535      	strb	r5, [r6, #20]
100071c0:	7573      	strb	r3, [r6, #21]
100071c2:	68a1      	ldr	r1, [r4, #8]
100071c4:	82f2      	strh	r2, [r6, #22]
100071c6:	0030      	movs	r0, r6
100071c8:	2208      	movs	r2, #8
100071ca:	f7fc fa2f 	bl	1000362c <__wrap___aeabi_memcpy>
100071ce:	68e3      	ldr	r3, [r4, #12]
100071d0:	0038      	movs	r0, r7
100071d2:	60b3      	str	r3, [r6, #8]
100071d4:	6923      	ldr	r3, [r4, #16]
100071d6:	60f3      	str	r3, [r6, #12]
100071d8:	6963      	ldr	r3, [r4, #20]
100071da:	6133      	str	r3, [r6, #16]
100071dc:	f003 ff0c 	bl	1000aff8 <__mutex_exit_veneer>
100071e0:	1e69      	subs	r1, r5, #1
100071e2:	b2cb      	uxtb	r3, r1
100071e4:	2b10      	cmp	r3, #16
100071e6:	d83b      	bhi.n	10007260 <tuh_control_xfer+0x11c>
100071e8:	2256      	movs	r2, #86	@ 0x56
100071ea:	434a      	muls	r2, r1
100071ec:	4b1e      	ldr	r3, [pc, #120]	@ (10007268 <tuh_control_xfer+0x124>)
100071ee:	5cd0      	ldrb	r0, [r2, r3]
100071f0:	6923      	ldr	r3, [r4, #16]
100071f2:	2b00      	cmp	r3, #0
100071f4:	d005      	beq.n	10007202 <tuh_control_xfer+0xbe>
100071f6:	0029      	movs	r1, r5
100071f8:	0032      	movs	r2, r6
100071fa:	f7ff faad 	bl	10006758 <hcd_setup_send>
100071fe:	0005      	movs	r5, r0
10007200:	e7bf      	b.n	10007182 <tuh_control_xfer+0x3e>
10007202:	466b      	mov	r3, sp
10007204:	1ddf      	adds	r7, r3, #7
10007206:	2304      	movs	r3, #4
10007208:	703b      	strb	r3, [r7, #0]
1000720a:	4b1b      	ldr	r3, [pc, #108]	@ (10007278 <tuh_control_xfer+0x134>)
1000720c:	0029      	movs	r1, r5
1000720e:	0032      	movs	r2, r6
10007210:	6137      	str	r7, [r6, #16]
10007212:	60f3      	str	r3, [r6, #12]
10007214:	f7ff faa0 	bl	10006758 <hcd_setup_send>
10007218:	1e05      	subs	r5, r0, #0
1000721a:	d0b1      	beq.n	10007180 <tuh_control_xfer+0x3c>
1000721c:	4b17      	ldr	r3, [pc, #92]	@ (1000727c <tuh_control_xfer+0x138>)
1000721e:	4698      	mov	r8, r3
10007220:	4b17      	ldr	r3, [pc, #92]	@ (10007280 <tuh_control_xfer+0x13c>)
10007222:	4699      	mov	r9, r3
10007224:	783b      	ldrb	r3, [r7, #0]
10007226:	2b04      	cmp	r3, #4
10007228:	d110      	bne.n	1000724c <tuh_control_xfer+0x108>
1000722a:	4643      	mov	r3, r8
1000722c:	781b      	ldrb	r3, [r3, #0]
1000722e:	2bff      	cmp	r3, #255	@ 0xff
10007230:	d0f8      	beq.n	10007224 <tuh_control_xfer+0xe0>
10007232:	464b      	mov	r3, r9
10007234:	6818      	ldr	r0, [r3, #0]
10007236:	f002 fd17 	bl	10009c68 <tu_fifo_empty>
1000723a:	2800      	cmp	r0, #0
1000723c:	d1f2      	bne.n	10007224 <tuh_control_xfer+0xe0>
1000723e:	4643      	mov	r3, r8
10007240:	781b      	ldrb	r3, [r3, #0]
10007242:	2bff      	cmp	r3, #255	@ 0xff
10007244:	d0ee      	beq.n	10007224 <tuh_control_xfer+0xe0>
10007246:	f000 f81d 	bl	10007284 <tuh_task_ext.part.0>
1000724a:	e7eb      	b.n	10007224 <tuh_control_xfer+0xe0>
1000724c:	6963      	ldr	r3, [r4, #20]
1000724e:	2b00      	cmp	r3, #0
10007250:	d001      	beq.n	10007256 <tuh_control_xfer+0x112>
10007252:	783a      	ldrb	r2, [r7, #0]
10007254:	701a      	strb	r2, [r3, #0]
10007256:	783b      	ldrb	r3, [r7, #0]
10007258:	70e3      	strb	r3, [r4, #3]
1000725a:	8af3      	ldrh	r3, [r6, #22]
1000725c:	6063      	str	r3, [r4, #4]
1000725e:	e790      	b.n	10007182 <tuh_control_xfer+0x3e>
10007260:	4b03      	ldr	r3, [pc, #12]	@ (10007270 <tuh_control_xfer+0x12c>)
10007262:	7818      	ldrb	r0, [r3, #0]
10007264:	e7c4      	b.n	100071f0 <tuh_control_xfer+0xac>
10007266:	46c0      	nop			@ (mov r8, r8)
10007268:	20003518 	.word	0x20003518
1000726c:	20002530 	.word	0x20002530
10007270:	20002548 	.word	0x20002548
10007274:	20003ad0 	.word	0x20003ad0
10007278:	10006bed 	.word	0x10006bed
1000727c:	20000994 	.word	0x20000994
10007280:	20003adc 	.word	0x20003adc

10007284 <tuh_task_ext.part.0>:
10007284:	b5f0      	push	{r4, r5, r6, r7, lr}
10007286:	464e      	mov	r6, r9
10007288:	4645      	mov	r5, r8
1000728a:	4657      	mov	r7, sl
1000728c:	46de      	mov	lr, fp
1000728e:	4b9a      	ldr	r3, [pc, #616]	@ (100074f8 <tuh_task_ext.part.0+0x274>)
10007290:	4681      	mov	r9, r0
10007292:	4698      	mov	r8, r3
10007294:	b5e0      	push	{r5, r6, r7, lr}
10007296:	4f99      	ldr	r7, [pc, #612]	@ (100074fc <tuh_task_ext.part.0+0x278>)
10007298:	b091      	sub	sp, #68	@ 0x44
1000729a:	4e99      	ldr	r6, [pc, #612]	@ (10007500 <tuh_task_ext.part.0+0x27c>)
1000729c:	ad07      	add	r5, sp, #28
1000729e:	683c      	ldr	r4, [r7, #0]
100072a0:	6962      	ldr	r2, [r4, #20]
100072a2:	f3ef 8110 	mrs	r1, PRIMASK
100072a6:	b672      	cpsid	i
100072a8:	6813      	ldr	r3, [r2, #0]
100072aa:	2b00      	cmp	r3, #0
100072ac:	d0fc      	beq.n	100072a8 <tuh_task_ext.part.0+0x24>
100072ae:	f3bf 8f5f 	dmb	sy
100072b2:	61a1      	str	r1, [r4, #24]
100072b4:	0020      	movs	r0, r4
100072b6:	0029      	movs	r1, r5
100072b8:	f002 fcde 	bl	10009c78 <tu_fifo_read>
100072bc:	6962      	ldr	r2, [r4, #20]
100072be:	69a3      	ldr	r3, [r4, #24]
100072c0:	f3bf 8f5f 	dmb	sy
100072c4:	2100      	movs	r1, #0
100072c6:	6011      	str	r1, [r2, #0]
100072c8:	f383 8810 	msr	PRIMASK, r3
100072cc:	2800      	cmp	r0, #0
100072ce:	d100      	bne.n	100072d2 <tuh_task_ext.part.0+0x4e>
100072d0:	e0bf      	b.n	10007452 <tuh_task_ext.part.0+0x1ce>
100072d2:	786b      	ldrb	r3, [r5, #1]
100072d4:	2b02      	cmp	r3, #2
100072d6:	d043      	beq.n	10007360 <tuh_task_ext.part.0+0xdc>
100072d8:	d80f      	bhi.n	100072fa <tuh_task_ext.part.0+0x76>
100072da:	2b00      	cmp	r3, #0
100072dc:	d015      	beq.n	1000730a <tuh_task_ext.part.0+0x86>
100072de:	7828      	ldrb	r0, [r5, #0]
100072e0:	796a      	ldrb	r2, [r5, #5]
100072e2:	7929      	ldrb	r1, [r5, #4]
100072e4:	f7ff fc86 	bl	10006bf4 <process_removing_device>
100072e8:	7928      	ldrb	r0, [r5, #4]
100072ea:	2800      	cmp	r0, #0
100072ec:	d0d7      	beq.n	1000729e <tuh_task_ext.part.0+0x1a>
100072ee:	796b      	ldrb	r3, [r5, #5]
100072f0:	2b00      	cmp	r3, #0
100072f2:	d0d4      	beq.n	1000729e <tuh_task_ext.part.0+0x1a>
100072f4:	f001 f92e 	bl	10008554 <hub_edpt_status_xfer>
100072f8:	e7d1      	b.n	1000729e <tuh_task_ext.part.0+0x1a>
100072fa:	2b03      	cmp	r3, #3
100072fc:	d1cf      	bne.n	1000729e <tuh_task_ext.part.0+0x1a>
100072fe:	686b      	ldr	r3, [r5, #4]
10007300:	2b00      	cmp	r3, #0
10007302:	d0cc      	beq.n	1000729e <tuh_task_ext.part.0+0x1a>
10007304:	68a8      	ldr	r0, [r5, #8]
10007306:	4798      	blx	r3
10007308:	e7c9      	b.n	1000729e <tuh_task_ext.part.0+0x1a>
1000730a:	78f3      	ldrb	r3, [r6, #3]
1000730c:	06db      	lsls	r3, r3, #27
1000730e:	d47f      	bmi.n	10007410 <tuh_task_ext.part.0+0x18c>
10007310:	2210      	movs	r2, #16
10007312:	78f3      	ldrb	r3, [r6, #3]
10007314:	792c      	ldrb	r4, [r5, #4]
10007316:	4313      	orrs	r3, r2
10007318:	70f3      	strb	r3, [r6, #3]
1000731a:	7828      	ldrb	r0, [r5, #0]
1000731c:	796b      	ldrb	r3, [r5, #5]
1000731e:	7030      	strb	r0, [r6, #0]
10007320:	7074      	strb	r4, [r6, #1]
10007322:	70b3      	strb	r3, [r6, #2]
10007324:	2c00      	cmp	r4, #0
10007326:	d166      	bne.n	100073f6 <tuh_task_ext.part.0+0x172>
10007328:	f7fe fd02 	bl	10005d30 <hcd_port_reset>
1000732c:	2032      	movs	r0, #50	@ 0x32
1000732e:	f7fb f83d 	bl	100023ac <sleep_ms>
10007332:	7830      	ldrb	r0, [r6, #0]
10007334:	f7fe fcfe 	bl	10005d34 <hcd_port_reset_end>
10007338:	20e1      	movs	r0, #225	@ 0xe1
1000733a:	0040      	lsls	r0, r0, #1
1000733c:	f7fb f836 	bl	100023ac <sleep_ms>
10007340:	7830      	ldrb	r0, [r6, #0]
10007342:	f7fe fcf9 	bl	10005d38 <hcd_port_connect_status>
10007346:	2800      	cmp	r0, #0
10007348:	d000      	beq.n	1000734c <tuh_task_ext.part.0+0xc8>
1000734a:	e089      	b.n	10007460 <tuh_task_ext.part.0+0x1dc>
1000734c:	2210      	movs	r2, #16
1000734e:	78f3      	ldrb	r3, [r6, #3]
10007350:	7870      	ldrb	r0, [r6, #1]
10007352:	4393      	bics	r3, r2
10007354:	70f3      	strb	r3, [r6, #3]
10007356:	2800      	cmp	r0, #0
10007358:	d0a1      	beq.n	1000729e <tuh_task_ext.part.0+0x1a>
1000735a:	f001 f8fb 	bl	10008554 <hub_edpt_status_xfer>
1000735e:	e79e      	b.n	1000729e <tuh_task_ext.part.0+0x1a>
10007360:	237f      	movs	r3, #127	@ 0x7f
10007362:	7929      	ldrb	r1, [r5, #4]
10007364:	78a8      	ldrb	r0, [r5, #2]
10007366:	400b      	ands	r3, r1
10007368:	2800      	cmp	r0, #0
1000736a:	d106      	bne.n	1000737a <tuh_task_ext.part.0+0xf6>
1000736c:	2b00      	cmp	r3, #0
1000736e:	d170      	bne.n	10007452 <tuh_task_ext.part.0+0x1ce>
10007370:	68aa      	ldr	r2, [r5, #8]
10007372:	7969      	ldrb	r1, [r5, #5]
10007374:	f7ff fcec 	bl	10006d50 <usbh_control_xfer_cb.isra.0>
10007378:	e791      	b.n	1000729e <tuh_task_ext.part.0+0x1a>
1000737a:	1e42      	subs	r2, r0, #1
1000737c:	b2d4      	uxtb	r4, r2
1000737e:	2c10      	cmp	r4, #16
10007380:	d867      	bhi.n	10007452 <tuh_task_ext.part.0+0x1ce>
10007382:	2456      	movs	r4, #86	@ 0x56
10007384:	4354      	muls	r4, r2
10007386:	4642      	mov	r2, r8
10007388:	46a4      	mov	ip, r4
1000738a:	4462      	add	r2, ip
1000738c:	7912      	ldrb	r2, [r2, #4]
1000738e:	07d2      	lsls	r2, r2, #31
10007390:	d55f      	bpl.n	10007452 <tuh_task_ext.part.0+0x1ce>
10007392:	005a      	lsls	r2, r3, #1
10007394:	4462      	add	r2, ip
10007396:	09cc      	lsrs	r4, r1, #7
10007398:	4442      	add	r2, r8
1000739a:	1912      	adds	r2, r2, r4
1000739c:	0014      	movs	r4, r2
1000739e:	3430      	adds	r4, #48	@ 0x30
100073a0:	9203      	str	r2, [sp, #12]
100073a2:	7962      	ldrb	r2, [r4, #5]
100073a4:	46a3      	mov	fp, r4
100073a6:	4694      	mov	ip, r2
100073a8:	2201      	movs	r2, #1
100073aa:	4692      	mov	sl, r2
100073ac:	4662      	mov	r2, ip
100073ae:	4654      	mov	r4, sl
100073b0:	43a2      	bics	r2, r4
100073b2:	465c      	mov	r4, fp
100073b4:	7162      	strb	r2, [r4, #5]
100073b6:	7962      	ldrb	r2, [r4, #5]
100073b8:	4694      	mov	ip, r2
100073ba:	2204      	movs	r2, #4
100073bc:	4692      	mov	sl, r2
100073be:	4662      	mov	r2, ip
100073c0:	4654      	mov	r4, sl
100073c2:	43a2      	bics	r2, r4
100073c4:	465c      	mov	r4, fp
100073c6:	7162      	strb	r2, [r4, #5]
100073c8:	2b00      	cmp	r3, #0
100073ca:	d0d1      	beq.n	10007370 <tuh_task_ext.part.0+0xec>
100073cc:	9b03      	ldr	r3, [sp, #12]
100073ce:	4a4d      	ldr	r2, [pc, #308]	@ (10007504 <tuh_task_ext.part.0+0x280>)
100073d0:	7d5b      	ldrb	r3, [r3, #21]
100073d2:	7812      	ldrb	r2, [r2, #0]
100073d4:	4293      	cmp	r3, r2
100073d6:	d200      	bcs.n	100073da <tuh_task_ext.part.0+0x156>
100073d8:	e079      	b.n	100074ce <tuh_task_ext.part.0+0x24a>
100073da:	1c54      	adds	r4, r2, #1
100073dc:	429c      	cmp	r4, r3
100073de:	db38      	blt.n	10007452 <tuh_task_ext.part.0+0x1ce>
100073e0:	1a9b      	subs	r3, r3, r2
100073e2:	00dc      	lsls	r4, r3, #3
100073e4:	1ae4      	subs	r4, r4, r3
100073e6:	4b48      	ldr	r3, [pc, #288]	@ (10007508 <tuh_task_ext.part.0+0x284>)
100073e8:	00a4      	lsls	r4, r4, #2
100073ea:	18e4      	adds	r4, r4, r3
100073ec:	68ab      	ldr	r3, [r5, #8]
100073ee:	796a      	ldrb	r2, [r5, #5]
100073f0:	6964      	ldr	r4, [r4, #20]
100073f2:	47a0      	blx	r4
100073f4:	e753      	b.n	1000729e <tuh_task_ext.part.0+0x1a>
100073f6:	20e1      	movs	r0, #225	@ 0xe1
100073f8:	2402      	movs	r4, #2
100073fa:	0040      	lsls	r0, r0, #1
100073fc:	f7fa ffd6 	bl	100023ac <sleep_ms>
10007400:	78b1      	ldrb	r1, [r6, #2]
10007402:	7870      	ldrb	r0, [r6, #1]
10007404:	4b41      	ldr	r3, [pc, #260]	@ (1000750c <tuh_task_ext.part.0+0x288>)
10007406:	4a42      	ldr	r2, [pc, #264]	@ (10007510 <tuh_task_ext.part.0+0x28c>)
10007408:	9400      	str	r4, [sp, #0]
1000740a:	f001 f831 	bl	10008470 <hub_port_get_status>
1000740e:	e746      	b.n	1000729e <tuh_task_ext.part.0+0x1a>
10007410:	6838      	ldr	r0, [r7, #0]
10007412:	f002 fc29 	bl	10009c68 <tu_fifo_empty>
10007416:	683c      	ldr	r4, [r7, #0]
10007418:	4682      	mov	sl, r0
1000741a:	6962      	ldr	r2, [r4, #20]
1000741c:	f3ef 8110 	mrs	r1, PRIMASK
10007420:	b672      	cpsid	i
10007422:	6813      	ldr	r3, [r2, #0]
10007424:	2b00      	cmp	r3, #0
10007426:	d0fc      	beq.n	10007422 <tuh_task_ext.part.0+0x19e>
10007428:	f3bf 8f5f 	dmb	sy
1000742c:	61a1      	str	r1, [r4, #24]
1000742e:	0020      	movs	r0, r4
10007430:	0029      	movs	r1, r5
10007432:	f002 fce3 	bl	10009dfc <tu_fifo_write>
10007436:	6962      	ldr	r2, [r4, #20]
10007438:	69a3      	ldr	r3, [r4, #24]
1000743a:	f3bf 8f5f 	dmb	sy
1000743e:	2100      	movs	r1, #0
10007440:	6011      	str	r1, [r2, #0]
10007442:	f383 8810 	msr	PRIMASK, r3
10007446:	2800      	cmp	r0, #0
10007448:	d14b      	bne.n	100074e2 <tuh_task_ext.part.0+0x25e>
1000744a:	4653      	mov	r3, sl
1000744c:	2b00      	cmp	r3, #0
1000744e:	d100      	bne.n	10007452 <tuh_task_ext.part.0+0x1ce>
10007450:	e725      	b.n	1000729e <tuh_task_ext.part.0+0x1a>
10007452:	b011      	add	sp, #68	@ 0x44
10007454:	bcf0      	pop	{r4, r5, r6, r7}
10007456:	46bb      	mov	fp, r7
10007458:	46b2      	mov	sl, r6
1000745a:	46a9      	mov	r9, r5
1000745c:	46a0      	mov	r8, r4
1000745e:	bdf0      	pop	{r4, r5, r6, r7, pc}
10007460:	7830      	ldrb	r0, [r6, #0]
10007462:	f7fe fc75 	bl	10005d50 <hcd_port_speed_get>
10007466:	220f      	movs	r2, #15
10007468:	0003      	movs	r3, r0
1000746a:	78f0      	ldrb	r0, [r6, #3]
1000746c:	4013      	ands	r3, r2
1000746e:	4390      	bics	r0, r2
10007470:	4318      	orrs	r0, r3
10007472:	4b28      	ldr	r3, [pc, #160]	@ (10007514 <tuh_task_ext.part.0+0x290>)
10007474:	70f0      	strb	r0, [r6, #3]
10007476:	701c      	strb	r4, [r3, #0]
10007478:	ab02      	add	r3, sp, #8
1000747a:	469c      	mov	ip, r3
1000747c:	2022      	movs	r0, #34	@ 0x22
1000747e:	2100      	movs	r1, #0
10007480:	3a0a      	subs	r2, #10
10007482:	4460      	add	r0, ip
10007484:	f7fc f8cc 	bl	10003620 <__wrap_memset>
10007488:	466a      	mov	r2, sp
1000748a:	4b23      	ldr	r3, [pc, #140]	@ (10007518 <tuh_task_ext.part.0+0x294>)
1000748c:	2100      	movs	r1, #0
1000748e:	8513      	strh	r3, [r2, #40]	@ 0x28
10007490:	2308      	movs	r3, #8
10007492:	7830      	ldrb	r0, [r6, #0]
10007494:	8593      	strh	r3, [r2, #44]	@ 0x2c
10007496:	aa0a      	add	r2, sp, #40	@ 0x28
10007498:	f7fe feaa 	bl	100061f0 <hcd_edpt_open>
1000749c:	2800      	cmp	r0, #0
1000749e:	d100      	bne.n	100074a2 <tuh_task_ext.part.0+0x21e>
100074a0:	e6fd      	b.n	1000729e <tuh_task_ext.part.0+0x1a>
100074a2:	4b1e      	ldr	r3, [pc, #120]	@ (1000751c <tuh_task_ext.part.0+0x298>)
100074a4:	2208      	movs	r2, #8
100074a6:	9305      	str	r3, [sp, #20]
100074a8:	2380      	movs	r3, #128	@ 0x80
100074aa:	2100      	movs	r1, #0
100074ac:	031b      	lsls	r3, r3, #12
100074ae:	a80a      	add	r0, sp, #40	@ 0x28
100074b0:	9306      	str	r3, [sp, #24]
100074b2:	f7fc f8b5 	bl	10003620 <__wrap_memset>
100074b6:	ab05      	add	r3, sp, #20
100074b8:	930c      	str	r3, [sp, #48]	@ 0x30
100074ba:	4b15      	ldr	r3, [pc, #84]	@ (10007510 <tuh_task_ext.part.0+0x28c>)
100074bc:	a80a      	add	r0, sp, #40	@ 0x28
100074be:	930d      	str	r3, [sp, #52]	@ 0x34
100074c0:	4b12      	ldr	r3, [pc, #72]	@ (1000750c <tuh_task_ext.part.0+0x288>)
100074c2:	930e      	str	r3, [sp, #56]	@ 0x38
100074c4:	2307      	movs	r3, #7
100074c6:	930f      	str	r3, [sp, #60]	@ 0x3c
100074c8:	f7ff fe3c 	bl	10007144 <tuh_control_xfer>
100074cc:	e6e7      	b.n	1000729e <tuh_task_ext.part.0+0x1a>
100074ce:	4a14      	ldr	r2, [pc, #80]	@ (10007520 <tuh_task_ext.part.0+0x29c>)
100074d0:	00dc      	lsls	r4, r3, #3
100074d2:	1ae3      	subs	r3, r4, r3
100074d4:	6814      	ldr	r4, [r2, #0]
100074d6:	009b      	lsls	r3, r3, #2
100074d8:	18e4      	adds	r4, r4, r3
100074da:	2c00      	cmp	r4, #0
100074dc:	d000      	beq.n	100074e0 <tuh_task_ext.part.0+0x25c>
100074de:	e785      	b.n	100073ec <tuh_task_ext.part.0+0x168>
100074e0:	e7b7      	b.n	10007452 <tuh_task_ext.part.0+0x1ce>
100074e2:	464a      	mov	r2, r9
100074e4:	7869      	ldrb	r1, [r5, #1]
100074e6:	7828      	ldrb	r0, [r5, #0]
100074e8:	f7ff fd44 	bl	10006f74 <tuh_event_hook_cb>
100074ec:	4653      	mov	r3, sl
100074ee:	2b00      	cmp	r3, #0
100074f0:	d100      	bne.n	100074f4 <tuh_task_ext.part.0+0x270>
100074f2:	e6d4      	b.n	1000729e <tuh_task_ext.part.0+0x1a>
100074f4:	e7ad      	b.n	10007452 <tuh_task_ext.part.0+0x1ce>
100074f6:	46c0      	nop			@ (mov r8, r8)
100074f8:	20003518 	.word	0x20003518
100074fc:	20003adc 	.word	0x20003adc
10007500:	20002548 	.word	0x20002548
10007504:	2000426a 	.word	0x2000426a
10007508:	1000b694 	.word	0x1000b694
1000750c:	1000753d 	.word	0x1000753d
10007510:	20003318 	.word	0x20003318
10007514:	2000426d 	.word	0x2000426d
10007518:	00000507 	.word	0x00000507
1000751c:	01000680 	.word	0x01000680
10007520:	2000252c 	.word	0x2000252c

10007524 <tuh_task_ext>:
10007524:	b510      	push	{r4, lr}
10007526:	4b04      	ldr	r3, [pc, #16]	@ (10007538 <tuh_task_ext+0x14>)
10007528:	0008      	movs	r0, r1
1000752a:	781b      	ldrb	r3, [r3, #0]
1000752c:	2bff      	cmp	r3, #255	@ 0xff
1000752e:	d001      	beq.n	10007534 <tuh_task_ext+0x10>
10007530:	f7ff fea8 	bl	10007284 <tuh_task_ext.part.0>
10007534:	bd10      	pop	{r4, pc}
10007536:	46c0      	nop			@ (mov r8, r8)
10007538:	20000994 	.word	0x20000994

1000753c <process_enumeration>:
1000753c:	b5f0      	push	{r4, r5, r6, r7, lr}
1000753e:	464e      	mov	r6, r9
10007540:	46de      	mov	lr, fp
10007542:	4657      	mov	r7, sl
10007544:	4645      	mov	r5, r8
10007546:	b5e0      	push	{r5, r6, r7, lr}
10007548:	78c6      	ldrb	r6, [r0, #3]
1000754a:	0004      	movs	r4, r0
1000754c:	b093      	sub	sp, #76	@ 0x4c
1000754e:	2e00      	cmp	r6, #0
10007550:	d10b      	bne.n	1000756a <process_enumeration+0x2e>
10007552:	4bd2      	ldr	r3, [pc, #840]	@ (1000789c <process_enumeration+0x360>)
10007554:	701e      	strb	r6, [r3, #0]
10007556:	7803      	ldrb	r3, [r0, #0]
10007558:	9303      	str	r3, [sp, #12]
1000755a:	6943      	ldr	r3, [r0, #20]
1000755c:	2b0c      	cmp	r3, #12
1000755e:	d900      	bls.n	10007562 <process_enumeration+0x26>
10007560:	e232      	b.n	100079c8 <process_enumeration+0x48c>
10007562:	4acf      	ldr	r2, [pc, #828]	@ (100078a0 <process_enumeration+0x364>)
10007564:	009b      	lsls	r3, r3, #2
10007566:	58d3      	ldr	r3, [r2, r3]
10007568:	469f      	mov	pc, r3
1000756a:	4dce      	ldr	r5, [pc, #824]	@ (100078a4 <process_enumeration+0x368>)
1000756c:	78eb      	ldrb	r3, [r5, #3]
1000756e:	06db      	lsls	r3, r3, #27
10007570:	d50d      	bpl.n	1000758e <process_enumeration+0x52>
10007572:	4aca      	ldr	r2, [pc, #808]	@ (1000789c <process_enumeration+0x360>)
10007574:	7813      	ldrb	r3, [r2, #0]
10007576:	2b02      	cmp	r3, #2
10007578:	d809      	bhi.n	1000758e <process_enumeration+0x52>
1000757a:	2064      	movs	r0, #100	@ 0x64
1000757c:	3301      	adds	r3, #1
1000757e:	7013      	strb	r3, [r2, #0]
10007580:	f7fa ff14 	bl	100023ac <sleep_ms>
10007584:	0020      	movs	r0, r4
10007586:	f7ff fddd 	bl	10007144 <tuh_control_xfer>
1000758a:	2800      	cmp	r0, #0
1000758c:	d107      	bne.n	1000759e <process_enumeration+0x62>
1000758e:	2210      	movs	r2, #16
10007590:	78eb      	ldrb	r3, [r5, #3]
10007592:	7868      	ldrb	r0, [r5, #1]
10007594:	4393      	bics	r3, r2
10007596:	70eb      	strb	r3, [r5, #3]
10007598:	2800      	cmp	r0, #0
1000759a:	d000      	beq.n	1000759e <process_enumeration+0x62>
1000759c:	e21d      	b.n	100079da <process_enumeration+0x49e>
1000759e:	b013      	add	sp, #76	@ 0x4c
100075a0:	bcf0      	pop	{r4, r5, r6, r7}
100075a2:	46bb      	mov	fp, r7
100075a4:	46b2      	mov	sl, r6
100075a6:	46a9      	mov	r9, r5
100075a8:	46a0      	mov	r8, r4
100075aa:	bdf0      	pop	{r4, r5, r6, r7, pc}
100075ac:	2201      	movs	r2, #1
100075ae:	4bbe      	ldr	r3, [pc, #760]	@ (100078a8 <process_enumeration+0x36c>)
100075b0:	7819      	ldrb	r1, [r3, #0]
100075b2:	420a      	tst	r2, r1
100075b4:	d100      	bne.n	100075b8 <process_enumeration+0x7c>
100075b6:	e207      	b.n	100079c8 <process_enumeration+0x48c>
100075b8:	7858      	ldrb	r0, [r3, #1]
100075ba:	2102      	movs	r1, #2
100075bc:	0744      	lsls	r4, r0, #29
100075be:	d401      	bmi.n	100075c4 <process_enumeration+0x88>
100075c0:	0841      	lsrs	r1, r0, #1
100075c2:	4011      	ands	r1, r2
100075c4:	240f      	movs	r4, #15
100075c6:	4ab7      	ldr	r2, [pc, #732]	@ (100078a4 <process_enumeration+0x368>)
100075c8:	7898      	ldrb	r0, [r3, #2]
100075ca:	78d3      	ldrb	r3, [r2, #3]
100075cc:	43a3      	bics	r3, r4
100075ce:	430b      	orrs	r3, r1
100075d0:	70d3      	strb	r3, [r2, #3]
100075d2:	06c0      	lsls	r0, r0, #27
100075d4:	d5e3      	bpl.n	1000759e <process_enumeration+0x62>
100075d6:	7891      	ldrb	r1, [r2, #2]
100075d8:	7850      	ldrb	r0, [r2, #1]
100075da:	2203      	movs	r2, #3
100075dc:	4bb3      	ldr	r3, [pc, #716]	@ (100078ac <process_enumeration+0x370>)
100075de:	9200      	str	r2, [sp, #0]
100075e0:	3211      	adds	r2, #17
100075e2:	f000 ff21 	bl	10008428 <hub_port_clear_feature>
100075e6:	e7da      	b.n	1000759e <process_enumeration+0x62>
100075e8:	ab08      	add	r3, sp, #32
100075ea:	469c      	mov	ip, r3
100075ec:	2012      	movs	r0, #18
100075ee:	2205      	movs	r2, #5
100075f0:	2100      	movs	r1, #0
100075f2:	4460      	add	r0, ip
100075f4:	f7fc f814 	bl	10003620 <__wrap_memset>
100075f8:	466a      	mov	r2, sp
100075fa:	4bad      	ldr	r3, [pc, #692]	@ (100078b0 <process_enumeration+0x374>)
100075fc:	2100      	movs	r1, #0
100075fe:	8613      	strh	r3, [r2, #48]	@ 0x30
10007600:	2308      	movs	r3, #8
10007602:	8693      	strh	r3, [r2, #52]	@ 0x34
10007604:	4ba7      	ldr	r3, [pc, #668]	@ (100078a4 <process_enumeration+0x368>)
10007606:	aa0c      	add	r2, sp, #48	@ 0x30
10007608:	7818      	ldrb	r0, [r3, #0]
1000760a:	f7fe fdf1 	bl	100061f0 <hcd_edpt_open>
1000760e:	2800      	cmp	r0, #0
10007610:	d0c5      	beq.n	1000759e <process_enumeration+0x62>
10007612:	4ba8      	ldr	r3, [pc, #672]	@ (100078b4 <process_enumeration+0x378>)
10007614:	2208      	movs	r2, #8
10007616:	930a      	str	r3, [sp, #40]	@ 0x28
10007618:	2380      	movs	r3, #128	@ 0x80
1000761a:	2100      	movs	r1, #0
1000761c:	031b      	lsls	r3, r3, #12
1000761e:	a80c      	add	r0, sp, #48	@ 0x30
10007620:	930b      	str	r3, [sp, #44]	@ 0x2c
10007622:	f7fb fffd 	bl	10003620 <__wrap_memset>
10007626:	ab0a      	add	r3, sp, #40	@ 0x28
10007628:	930e      	str	r3, [sp, #56]	@ 0x38
1000762a:	4b9f      	ldr	r3, [pc, #636]	@ (100078a8 <process_enumeration+0x36c>)
1000762c:	a80c      	add	r0, sp, #48	@ 0x30
1000762e:	930f      	str	r3, [sp, #60]	@ 0x3c
10007630:	4b9e      	ldr	r3, [pc, #632]	@ (100078ac <process_enumeration+0x370>)
10007632:	9310      	str	r3, [sp, #64]	@ 0x40
10007634:	2307      	movs	r3, #7
10007636:	9311      	str	r3, [sp, #68]	@ 0x44
10007638:	f7ff fd84 	bl	10007144 <tuh_control_xfer>
1000763c:	e7af      	b.n	1000759e <process_enumeration+0x62>
1000763e:	2406      	movs	r4, #6
10007640:	2032      	movs	r0, #50	@ 0x32
10007642:	f7fa feb3 	bl	100023ac <sleep_ms>
10007646:	4897      	ldr	r0, [pc, #604]	@ (100078a4 <process_enumeration+0x368>)
10007648:	4b98      	ldr	r3, [pc, #608]	@ (100078ac <process_enumeration+0x370>)
1000764a:	7881      	ldrb	r1, [r0, #2]
1000764c:	4a96      	ldr	r2, [pc, #600]	@ (100078a8 <process_enumeration+0x36c>)
1000764e:	7840      	ldrb	r0, [r0, #1]
10007650:	9400      	str	r4, [sp, #0]
10007652:	f000 ff0d 	bl	10008470 <hub_port_get_status>
10007656:	e7a2      	b.n	1000759e <process_enumeration+0x62>
10007658:	4b93      	ldr	r3, [pc, #588]	@ (100078a8 <process_enumeration+0x36c>)
1000765a:	789b      	ldrb	r3, [r3, #2]
1000765c:	06db      	lsls	r3, r3, #27
1000765e:	d59e      	bpl.n	1000759e <process_enumeration+0x62>
10007660:	4a90      	ldr	r2, [pc, #576]	@ (100078a4 <process_enumeration+0x368>)
10007662:	4b92      	ldr	r3, [pc, #584]	@ (100078ac <process_enumeration+0x370>)
10007664:	7891      	ldrb	r1, [r2, #2]
10007666:	7850      	ldrb	r0, [r2, #1]
10007668:	2207      	movs	r2, #7
1000766a:	9200      	str	r2, [sp, #0]
1000766c:	320d      	adds	r2, #13
1000766e:	f000 fedb 	bl	10008428 <hub_port_clear_feature>
10007672:	e794      	b.n	1000759e <process_enumeration+0x62>
10007674:	4b8c      	ldr	r3, [pc, #560]	@ (100078a8 <process_enumeration+0x36c>)
10007676:	4c90      	ldr	r4, [pc, #576]	@ (100078b8 <process_enumeration+0x37c>)
10007678:	791a      	ldrb	r2, [r3, #4]
1000767a:	2a09      	cmp	r2, #9
1000767c:	d100      	bne.n	10007680 <process_enumeration+0x144>
1000767e:	e1af      	b.n	100079e0 <process_enumeration+0x4a4>
10007680:	7922      	ldrb	r2, [r4, #4]
10007682:	2001      	movs	r0, #1
10007684:	07d2      	lsls	r2, r2, #31
10007686:	d552      	bpl.n	1000772e <process_enumeration+0x1f2>
10007688:	225a      	movs	r2, #90	@ 0x5a
1000768a:	5ca2      	ldrb	r2, [r4, r2]
1000768c:	07d2      	lsls	r2, r2, #31
1000768e:	d400      	bmi.n	10007692 <process_enumeration+0x156>
10007690:	e275      	b.n	10007b7e <process_enumeration+0x642>
10007692:	22b0      	movs	r2, #176	@ 0xb0
10007694:	5ca2      	ldrb	r2, [r4, r2]
10007696:	07d2      	lsls	r2, r2, #31
10007698:	d400      	bmi.n	1000769c <process_enumeration+0x160>
1000769a:	e25e      	b.n	10007b5a <process_enumeration+0x61e>
1000769c:	2283      	movs	r2, #131	@ 0x83
1000769e:	0052      	lsls	r2, r2, #1
100076a0:	5ca2      	ldrb	r2, [r4, r2]
100076a2:	07d2      	lsls	r2, r2, #31
100076a4:	d400      	bmi.n	100076a8 <process_enumeration+0x16c>
100076a6:	e25a      	b.n	10007b5e <process_enumeration+0x622>
100076a8:	22ae      	movs	r2, #174	@ 0xae
100076aa:	0052      	lsls	r2, r2, #1
100076ac:	5ca2      	ldrb	r2, [r4, r2]
100076ae:	07d2      	lsls	r2, r2, #31
100076b0:	d400      	bmi.n	100076b4 <process_enumeration+0x178>
100076b2:	e256      	b.n	10007b62 <process_enumeration+0x626>
100076b4:	22d9      	movs	r2, #217	@ 0xd9
100076b6:	0052      	lsls	r2, r2, #1
100076b8:	5ca2      	ldrb	r2, [r4, r2]
100076ba:	07d2      	lsls	r2, r2, #31
100076bc:	d400      	bmi.n	100076c0 <process_enumeration+0x184>
100076be:	e252      	b.n	10007b66 <process_enumeration+0x62a>
100076c0:	2282      	movs	r2, #130	@ 0x82
100076c2:	0092      	lsls	r2, r2, #2
100076c4:	5ca2      	ldrb	r2, [r4, r2]
100076c6:	07d2      	lsls	r2, r2, #31
100076c8:	d400      	bmi.n	100076cc <process_enumeration+0x190>
100076ca:	e256      	b.n	10007b7a <process_enumeration+0x63e>
100076cc:	4a7b      	ldr	r2, [pc, #492]	@ (100078bc <process_enumeration+0x380>)
100076ce:	5ca2      	ldrb	r2, [r4, r2]
100076d0:	07d2      	lsls	r2, r2, #31
100076d2:	d400      	bmi.n	100076d6 <process_enumeration+0x19a>
100076d4:	e255      	b.n	10007b82 <process_enumeration+0x646>
100076d6:	22ad      	movs	r2, #173	@ 0xad
100076d8:	0092      	lsls	r2, r2, #2
100076da:	5ca2      	ldrb	r2, [r4, r2]
100076dc:	07d2      	lsls	r2, r2, #31
100076de:	d400      	bmi.n	100076e2 <process_enumeration+0x1a6>
100076e0:	e251      	b.n	10007b86 <process_enumeration+0x64a>
100076e2:	4a77      	ldr	r2, [pc, #476]	@ (100078c0 <process_enumeration+0x384>)
100076e4:	5ca2      	ldrb	r2, [r4, r2]
100076e6:	07d2      	lsls	r2, r2, #31
100076e8:	d400      	bmi.n	100076ec <process_enumeration+0x1b0>
100076ea:	e258      	b.n	10007b9e <process_enumeration+0x662>
100076ec:	22d8      	movs	r2, #216	@ 0xd8
100076ee:	0092      	lsls	r2, r2, #2
100076f0:	5ca2      	ldrb	r2, [r4, r2]
100076f2:	07d2      	lsls	r2, r2, #31
100076f4:	d400      	bmi.n	100076f8 <process_enumeration+0x1bc>
100076f6:	e254      	b.n	10007ba2 <process_enumeration+0x666>
100076f8:	4a72      	ldr	r2, [pc, #456]	@ (100078c4 <process_enumeration+0x388>)
100076fa:	5ca2      	ldrb	r2, [r4, r2]
100076fc:	07d2      	lsls	r2, r2, #31
100076fe:	d400      	bmi.n	10007702 <process_enumeration+0x1c6>
10007700:	e253      	b.n	10007baa <process_enumeration+0x66e>
10007702:	4a71      	ldr	r2, [pc, #452]	@ (100078c8 <process_enumeration+0x38c>)
10007704:	5ca2      	ldrb	r2, [r4, r2]
10007706:	07d2      	lsls	r2, r2, #31
10007708:	d400      	bmi.n	1000770c <process_enumeration+0x1d0>
1000770a:	e24c      	b.n	10007ba6 <process_enumeration+0x66a>
1000770c:	4a6f      	ldr	r2, [pc, #444]	@ (100078cc <process_enumeration+0x390>)
1000770e:	5ca2      	ldrb	r2, [r4, r2]
10007710:	07d2      	lsls	r2, r2, #31
10007712:	d400      	bmi.n	10007716 <process_enumeration+0x1da>
10007714:	e254      	b.n	10007bc0 <process_enumeration+0x684>
10007716:	2297      	movs	r2, #151	@ 0x97
10007718:	00d2      	lsls	r2, r2, #3
1000771a:	5ca2      	ldrb	r2, [r4, r2]
1000771c:	07d2      	lsls	r2, r2, #31
1000771e:	d400      	bmi.n	10007722 <process_enumeration+0x1e6>
10007720:	e24c      	b.n	10007bbc <process_enumeration+0x680>
10007722:	4a6b      	ldr	r2, [pc, #428]	@ (100078d0 <process_enumeration+0x394>)
10007724:	2010      	movs	r0, #16
10007726:	5ca2      	ldrb	r2, [r4, r2]
10007728:	07d2      	lsls	r2, r2, #31
1000772a:	d500      	bpl.n	1000772e <process_enumeration+0x1f2>
1000772c:	e737      	b.n	1000759e <process_enumeration+0x62>
1000772e:	2256      	movs	r2, #86	@ 0x56
10007730:	1e45      	subs	r5, r0, #1
10007732:	436a      	muls	r2, r5
10007734:	495b      	ldr	r1, [pc, #364]	@ (100078a4 <process_enumeration+0x368>)
10007736:	18a2      	adds	r2, r4, r2
10007738:	880e      	ldrh	r6, [r1, #0]
1000773a:	ad0a      	add	r5, sp, #40	@ 0x28
1000773c:	8016      	strh	r6, [r2, #0]
1000773e:	788c      	ldrb	r4, [r1, #2]
10007740:	78c9      	ldrb	r1, [r1, #3]
10007742:	7094      	strb	r4, [r2, #2]
10007744:	2401      	movs	r4, #1
10007746:	0709      	lsls	r1, r1, #28
10007748:	0f09      	lsrs	r1, r1, #28
1000774a:	70d1      	strb	r1, [r2, #3]
1000774c:	7911      	ldrb	r1, [r2, #4]
1000774e:	4321      	orrs	r1, r4
10007750:	7111      	strb	r1, [r2, #4]
10007752:	79db      	ldrb	r3, [r3, #7]
10007754:	ac0c      	add	r4, sp, #48	@ 0x30
10007756:	7153      	strb	r3, [r2, #5]
10007758:	23a0      	movs	r3, #160	@ 0xa0
1000775a:	00db      	lsls	r3, r3, #3
1000775c:	802b      	strh	r3, [r5, #0]
1000775e:	2300      	movs	r3, #0
10007760:	8068      	strh	r0, [r5, #2]
10007762:	2210      	movs	r2, #16
10007764:	2100      	movs	r1, #0
10007766:	0020      	movs	r0, r4
10007768:	930b      	str	r3, [sp, #44]	@ 0x2c
1000776a:	f7fb ff59 	bl	10003620 <__wrap_memset>
1000776e:	4b4f      	ldr	r3, [pc, #316]	@ (100078ac <process_enumeration+0x370>)
10007770:	0020      	movs	r0, r4
10007772:	9310      	str	r3, [sp, #64]	@ 0x40
10007774:	2308      	movs	r3, #8
10007776:	950e      	str	r5, [sp, #56]	@ 0x38
10007778:	9311      	str	r3, [sp, #68]	@ 0x44
1000777a:	f7ff fce3 	bl	10007144 <tuh_control_xfer>
1000777e:	e70e      	b.n	1000759e <process_enumeration+0x62>
10007780:	2002      	movs	r0, #2
10007782:	f7fa fe13 	bl	100023ac <sleep_ms>
10007786:	68a3      	ldr	r3, [r4, #8]
10007788:	789f      	ldrb	r7, [r3, #2]
1000778a:	1e7b      	subs	r3, r7, #1
1000778c:	b2da      	uxtb	r2, r3
1000778e:	2a10      	cmp	r2, #16
10007790:	d900      	bls.n	10007794 <process_enumeration+0x258>
10007792:	e704      	b.n	1000759e <process_enumeration+0x62>
10007794:	2656      	movs	r6, #86	@ 0x56
10007796:	2202      	movs	r2, #2
10007798:	435e      	muls	r6, r3
1000779a:	4d47      	ldr	r5, [pc, #284]	@ (100078b8 <process_enumeration+0x37c>)
1000779c:	2100      	movs	r1, #0
1000779e:	19ac      	adds	r4, r5, r6
100077a0:	7923      	ldrb	r3, [r4, #4]
100077a2:	4313      	orrs	r3, r2
100077a4:	7123      	strb	r3, [r4, #4]
100077a6:	4b3f      	ldr	r3, [pc, #252]	@ (100078a4 <process_enumeration+0x368>)
100077a8:	7818      	ldrb	r0, [r3, #0]
100077aa:	f7fe fae3 	bl	10005d74 <hcd_device_close>
100077ae:	7963      	ldrb	r3, [r4, #5]
100077b0:	2012      	movs	r0, #18
100077b2:	4698      	mov	r8, r3
100077b4:	ab08      	add	r3, sp, #32
100077b6:	469c      	mov	ip, r3
100077b8:	2205      	movs	r2, #5
100077ba:	2100      	movs	r1, #0
100077bc:	4460      	add	r0, ip
100077be:	f7fb ff2f 	bl	10003620 <__wrap_memset>
100077c2:	4b3b      	ldr	r3, [pc, #236]	@ (100078b0 <process_enumeration+0x374>)
100077c4:	ac0c      	add	r4, sp, #48	@ 0x30
100077c6:	8023      	strh	r3, [r4, #0]
100077c8:	4643      	mov	r3, r8
100077ca:	0022      	movs	r2, r4
100077cc:	0039      	movs	r1, r7
100077ce:	5d70      	ldrb	r0, [r6, r5]
100077d0:	80a3      	strh	r3, [r4, #4]
100077d2:	f7fe fd0d 	bl	100061f0 <hcd_edpt_open>
100077d6:	2800      	cmp	r0, #0
100077d8:	d100      	bne.n	100077dc <process_enumeration+0x2a0>
100077da:	e6e0      	b.n	1000759e <process_enumeration+0x62>
100077dc:	4b35      	ldr	r3, [pc, #212]	@ (100078b4 <process_enumeration+0x378>)
100077de:	2208      	movs	r2, #8
100077e0:	930a      	str	r3, [sp, #40]	@ 0x28
100077e2:	2390      	movs	r3, #144	@ 0x90
100077e4:	2100      	movs	r1, #0
100077e6:	035b      	lsls	r3, r3, #13
100077e8:	0020      	movs	r0, r4
100077ea:	930b      	str	r3, [sp, #44]	@ 0x2c
100077ec:	f7fb ff18 	bl	10003620 <__wrap_memset>
100077f0:	ab0a      	add	r3, sp, #40	@ 0x28
100077f2:	7027      	strb	r7, [r4, #0]
100077f4:	930e      	str	r3, [sp, #56]	@ 0x38
100077f6:	4b2c      	ldr	r3, [pc, #176]	@ (100078a8 <process_enumeration+0x36c>)
100077f8:	0020      	movs	r0, r4
100077fa:	930f      	str	r3, [sp, #60]	@ 0x3c
100077fc:	4b2b      	ldr	r3, [pc, #172]	@ (100078ac <process_enumeration+0x370>)
100077fe:	9310      	str	r3, [sp, #64]	@ 0x40
10007800:	2309      	movs	r3, #9
10007802:	9311      	str	r3, [sp, #68]	@ 0x44
10007804:	f7ff fc9e 	bl	10007144 <tuh_control_xfer>
10007808:	e6c9      	b.n	1000759e <process_enumeration+0x62>
1000780a:	9e03      	ldr	r6, [sp, #12]
1000780c:	1e71      	subs	r1, r6, #1
1000780e:	b2cb      	uxtb	r3, r1
10007810:	2b10      	cmp	r3, #16
10007812:	d900      	bls.n	10007816 <process_enumeration+0x2da>
10007814:	e6c3      	b.n	1000759e <process_enumeration+0x62>
10007816:	2256      	movs	r2, #86	@ 0x56
10007818:	434a      	muls	r2, r1
1000781a:	4d23      	ldr	r5, [pc, #140]	@ (100078a8 <process_enumeration+0x36c>)
1000781c:	4b26      	ldr	r3, [pc, #152]	@ (100078b8 <process_enumeration+0x37c>)
1000781e:	8928      	ldrh	r0, [r5, #8]
10007820:	1899      	adds	r1, r3, r2
10007822:	80c8      	strh	r0, [r1, #6]
10007824:	8968      	ldrh	r0, [r5, #10]
10007826:	ac0c      	add	r4, sp, #48	@ 0x30
10007828:	8108      	strh	r0, [r1, #8]
1000782a:	89e8      	ldrh	r0, [r5, #14]
1000782c:	2208      	movs	r2, #8
1000782e:	8148      	strh	r0, [r1, #10]
10007830:	7c2b      	ldrb	r3, [r5, #16]
10007832:	0020      	movs	r0, r4
10007834:	730b      	strb	r3, [r1, #12]
10007836:	4b27      	ldr	r3, [pc, #156]	@ (100078d4 <process_enumeration+0x398>)
10007838:	2100      	movs	r1, #0
1000783a:	930a      	str	r3, [sp, #40]	@ 0x28
1000783c:	2390      	movs	r3, #144	@ 0x90
1000783e:	031b      	lsls	r3, r3, #12
10007840:	930b      	str	r3, [sp, #44]	@ 0x2c
10007842:	f7fb feed 	bl	10003620 <__wrap_memset>
10007846:	ab0a      	add	r3, sp, #40	@ 0x28
10007848:	7026      	strb	r6, [r4, #0]
1000784a:	930e      	str	r3, [sp, #56]	@ 0x38
1000784c:	4b17      	ldr	r3, [pc, #92]	@ (100078ac <process_enumeration+0x370>)
1000784e:	0020      	movs	r0, r4
10007850:	9310      	str	r3, [sp, #64]	@ 0x40
10007852:	230a      	movs	r3, #10
10007854:	950f      	str	r5, [sp, #60]	@ 0x3c
10007856:	9311      	str	r3, [sp, #68]	@ 0x44
10007858:	f7ff fc74 	bl	10007144 <tuh_control_xfer>
1000785c:	e69f      	b.n	1000759e <process_enumeration+0x62>
1000785e:	2280      	movs	r2, #128	@ 0x80
10007860:	4d11      	ldr	r5, [pc, #68]	@ (100078a8 <process_enumeration+0x36c>)
10007862:	0092      	lsls	r2, r2, #2
10007864:	886b      	ldrh	r3, [r5, #2]
10007866:	4293      	cmp	r3, r2
10007868:	d900      	bls.n	1000786c <process_enumeration+0x330>
1000786a:	e698      	b.n	1000759e <process_enumeration+0x62>
1000786c:	4a19      	ldr	r2, [pc, #100]	@ (100078d4 <process_enumeration+0x398>)
1000786e:	ae0a      	add	r6, sp, #40	@ 0x28
10007870:	920a      	str	r2, [sp, #40]	@ 0x28
10007872:	2200      	movs	r2, #0
10007874:	ac0c      	add	r4, sp, #48	@ 0x30
10007876:	80b2      	strh	r2, [r6, #4]
10007878:	80f3      	strh	r3, [r6, #6]
1000787a:	2100      	movs	r1, #0
1000787c:	0020      	movs	r0, r4
1000787e:	3208      	adds	r2, #8
10007880:	f7fb fece 	bl	10003620 <__wrap_memset>
10007884:	9b03      	ldr	r3, [sp, #12]
10007886:	0020      	movs	r0, r4
10007888:	7023      	strb	r3, [r4, #0]
1000788a:	4b08      	ldr	r3, [pc, #32]	@ (100078ac <process_enumeration+0x370>)
1000788c:	960e      	str	r6, [sp, #56]	@ 0x38
1000788e:	9310      	str	r3, [sp, #64]	@ 0x40
10007890:	230b      	movs	r3, #11
10007892:	950f      	str	r5, [sp, #60]	@ 0x3c
10007894:	9311      	str	r3, [sp, #68]	@ 0x44
10007896:	f7ff fc55 	bl	10007144 <tuh_control_xfer>
1000789a:	e680      	b.n	1000759e <process_enumeration+0x62>
1000789c:	2000426d 	.word	0x2000426d
100078a0:	1000b660 	.word	0x1000b660
100078a4:	20002548 	.word	0x20002548
100078a8:	20003318 	.word	0x20003318
100078ac:	1000753d 	.word	0x1000753d
100078b0:	00000507 	.word	0x00000507
100078b4:	01000680 	.word	0x01000680
100078b8:	20003518 	.word	0x20003518
100078bc:	0000025e 	.word	0x0000025e
100078c0:	0000030a 	.word	0x0000030a
100078c4:	000003b6 	.word	0x000003b6
100078c8:	0000040c 	.word	0x0000040c
100078cc:	00000462 	.word	0x00000462
100078d0:	0000050e 	.word	0x0000050e
100078d4:	02000680 	.word	0x02000680
100078d8:	4bbc      	ldr	r3, [pc, #752]	@ (10007bcc <process_enumeration+0x690>)
100078da:	ac0c      	add	r4, sp, #48	@ 0x30
100078dc:	930a      	str	r3, [sp, #40]	@ 0x28
100078de:	2300      	movs	r3, #0
100078e0:	2210      	movs	r2, #16
100078e2:	2100      	movs	r1, #0
100078e4:	0020      	movs	r0, r4
100078e6:	930b      	str	r3, [sp, #44]	@ 0x2c
100078e8:	f7fb fe9a 	bl	10003620 <__wrap_memset>
100078ec:	9b03      	ldr	r3, [sp, #12]
100078ee:	0020      	movs	r0, r4
100078f0:	7023      	strb	r3, [r4, #0]
100078f2:	ab0a      	add	r3, sp, #40	@ 0x28
100078f4:	930e      	str	r3, [sp, #56]	@ 0x38
100078f6:	4bb6      	ldr	r3, [pc, #728]	@ (10007bd0 <process_enumeration+0x694>)
100078f8:	9310      	str	r3, [sp, #64]	@ 0x40
100078fa:	230c      	movs	r3, #12
100078fc:	9311      	str	r3, [sp, #68]	@ 0x44
100078fe:	f7ff fc21 	bl	10007144 <tuh_control_xfer>
10007902:	e64c      	b.n	1000759e <process_enumeration+0x62>
10007904:	9903      	ldr	r1, [sp, #12]
10007906:	1e4f      	subs	r7, r1, #1
10007908:	b2fb      	uxtb	r3, r7
1000790a:	2b10      	cmp	r3, #16
1000790c:	d900      	bls.n	10007910 <process_enumeration+0x3d4>
1000790e:	e646      	b.n	1000759e <process_enumeration+0x62>
10007910:	2356      	movs	r3, #86	@ 0x56
10007912:	2004      	movs	r0, #4
10007914:	437b      	muls	r3, r7
10007916:	4caf      	ldr	r4, [pc, #700]	@ (10007bd4 <process_enumeration+0x698>)
10007918:	469b      	mov	fp, r3
1000791a:	18e2      	adds	r2, r4, r3
1000791c:	7913      	ldrb	r3, [r2, #4]
1000791e:	4303      	orrs	r3, r0
10007920:	7113      	strb	r3, [r2, #4]
10007922:	4bad      	ldr	r3, [pc, #692]	@ (10007bd8 <process_enumeration+0x69c>)
10007924:	885a      	ldrh	r2, [r3, #2]
10007926:	781d      	ldrb	r5, [r3, #0]
10007928:	18d2      	adds	r2, r2, r3
1000792a:	18ed      	adds	r5, r5, r3
1000792c:	9205      	str	r2, [sp, #20]
1000792e:	4bab      	ldr	r3, [pc, #684]	@ (10007bdc <process_enumeration+0x6a0>)
10007930:	42aa      	cmp	r2, r5
10007932:	d800      	bhi.n	10007936 <process_enumeration+0x3fa>
10007934:	e129      	b.n	10007b8a <process_enumeration+0x64e>
10007936:	46a0      	mov	r8, r4
10007938:	4689      	mov	r9, r1
1000793a:	469a      	mov	sl, r3
1000793c:	4ba8      	ldr	r3, [pc, #672]	@ (10007be0 <process_enumeration+0x6a4>)
1000793e:	9608      	str	r6, [sp, #32]
10007940:	9709      	str	r7, [sp, #36]	@ 0x24
10007942:	9304      	str	r3, [sp, #16]
10007944:	786b      	ldrb	r3, [r5, #1]
10007946:	2701      	movs	r7, #1
10007948:	2b0b      	cmp	r3, #11
1000794a:	d103      	bne.n	10007954 <process_enumeration+0x418>
1000794c:	782b      	ldrb	r3, [r5, #0]
1000794e:	78ef      	ldrb	r7, [r5, #3]
10007950:	18ed      	adds	r5, r5, r3
10007952:	786b      	ldrb	r3, [r5, #1]
10007954:	2b04      	cmp	r3, #4
10007956:	d000      	beq.n	1000795a <process_enumeration+0x41e>
10007958:	e621      	b.n	1000759e <process_enumeration+0x62>
1000795a:	9b05      	ldr	r3, [sp, #20]
1000795c:	0039      	movs	r1, r7
1000795e:	1b5a      	subs	r2, r3, r5
10007960:	0028      	movs	r0, r5
10007962:	b292      	uxth	r2, r2
10007964:	f002 f90e 	bl	10009b84 <tu_desc_get_interface_total_len>
10007968:	2808      	cmp	r0, #8
1000796a:	d800      	bhi.n	1000796e <process_enumeration+0x432>
1000796c:	e617      	b.n	1000759e <process_enumeration+0x62>
1000796e:	4653      	mov	r3, sl
10007970:	464c      	mov	r4, r9
10007972:	781a      	ldrb	r2, [r3, #0]
10007974:	9307      	str	r3, [sp, #28]
10007976:	2600      	movs	r6, #0
10007978:	2300      	movs	r3, #0
1000797a:	4681      	mov	r9, r0
1000797c:	9706      	str	r7, [sp, #24]
1000797e:	e019      	b.n	100079b4 <process_enumeration+0x478>
10007980:	4b98      	ldr	r3, [pc, #608]	@ (10007be4 <process_enumeration+0x6a8>)
10007982:	00f1      	lsls	r1, r6, #3
10007984:	681b      	ldr	r3, [r3, #0]
10007986:	1b89      	subs	r1, r1, r6
10007988:	0089      	lsls	r1, r1, #2
1000798a:	185b      	adds	r3, r3, r1
1000798c:	2b00      	cmp	r3, #0
1000798e:	d00b      	beq.n	100079a8 <process_enumeration+0x46c>
10007990:	4642      	mov	r2, r8
10007992:	4659      	mov	r1, fp
10007994:	68df      	ldr	r7, [r3, #12]
10007996:	5c50      	ldrb	r0, [r2, r1]
10007998:	464b      	mov	r3, r9
1000799a:	002a      	movs	r2, r5
1000799c:	0021      	movs	r1, r4
1000799e:	47b8      	blx	r7
100079a0:	2800      	cmp	r0, #0
100079a2:	d146      	bne.n	10007a32 <process_enumeration+0x4f6>
100079a4:	4653      	mov	r3, sl
100079a6:	781a      	ldrb	r2, [r3, #0]
100079a8:	3601      	adds	r6, #1
100079aa:	b2f6      	uxtb	r6, r6
100079ac:	1c51      	adds	r1, r2, #1
100079ae:	0033      	movs	r3, r6
100079b0:	428e      	cmp	r6, r1
100079b2:	dc1c      	bgt.n	100079ee <process_enumeration+0x4b2>
100079b4:	4296      	cmp	r6, r2
100079b6:	d3e3      	bcc.n	10007980 <process_enumeration+0x444>
100079b8:	1a9a      	subs	r2, r3, r2
100079ba:	00d3      	lsls	r3, r2, #3
100079bc:	1a9b      	subs	r3, r3, r2
100079be:	9a04      	ldr	r2, [sp, #16]
100079c0:	009b      	lsls	r3, r3, #2
100079c2:	4694      	mov	ip, r2
100079c4:	4463      	add	r3, ip
100079c6:	e7e3      	b.n	10007990 <process_enumeration+0x454>
100079c8:	2110      	movs	r1, #16
100079ca:	4b87      	ldr	r3, [pc, #540]	@ (10007be8 <process_enumeration+0x6ac>)
100079cc:	78da      	ldrb	r2, [r3, #3]
100079ce:	7858      	ldrb	r0, [r3, #1]
100079d0:	438a      	bics	r2, r1
100079d2:	70da      	strb	r2, [r3, #3]
100079d4:	2800      	cmp	r0, #0
100079d6:	d100      	bne.n	100079da <process_enumeration+0x49e>
100079d8:	e5e1      	b.n	1000759e <process_enumeration+0x62>
100079da:	f000 fdbb 	bl	10008554 <hub_edpt_status_xfer>
100079de:	e5de      	b.n	1000759e <process_enumeration+0x62>
100079e0:	4a82      	ldr	r2, [pc, #520]	@ (10007bec <process_enumeration+0x6b0>)
100079e2:	2011      	movs	r0, #17
100079e4:	5ca2      	ldrb	r2, [r4, r2]
100079e6:	07d2      	lsls	r2, r2, #31
100079e8:	d500      	bpl.n	100079ec <process_enumeration+0x4b0>
100079ea:	e5d8      	b.n	1000759e <process_enumeration+0x62>
100079ec:	e69f      	b.n	1000772e <process_enumeration+0x1f2>
100079ee:	464b      	mov	r3, r9
100079f0:	46a1      	mov	r9, r4
100079f2:	001c      	movs	r4, r3
100079f4:	9b05      	ldr	r3, [sp, #20]
100079f6:	192d      	adds	r5, r5, r4
100079f8:	42ab      	cmp	r3, r5
100079fa:	d8a3      	bhi.n	10007944 <process_enumeration+0x408>
100079fc:	4644      	mov	r4, r8
100079fe:	9e08      	ldr	r6, [sp, #32]
10007a00:	9f09      	ldr	r7, [sp, #36]	@ 0x24
10007a02:	9b07      	ldr	r3, [sp, #28]
10007a04:	781a      	ldrb	r2, [r3, #0]
10007a06:	4b77      	ldr	r3, [pc, #476]	@ (10007be4 <process_enumeration+0x6a8>)
10007a08:	1c50      	adds	r0, r2, #1
10007a0a:	6819      	ldr	r1, [r3, #0]
10007a0c:	2356      	movs	r3, #86	@ 0x56
10007a0e:	437b      	muls	r3, r7
10007a10:	18e3      	adds	r3, r4, r3
10007a12:	7b5d      	ldrb	r5, [r3, #13]
10007a14:	42aa      	cmp	r2, r5
10007a16:	d82a      	bhi.n	10007a6e <process_enumeration+0x532>
10007a18:	42a8      	cmp	r0, r5
10007a1a:	db2e      	blt.n	10007a7a <process_enumeration+0x53e>
10007a1c:	1aad      	subs	r5, r5, r2
10007a1e:	00eb      	lsls	r3, r5, #3
10007a20:	4a6f      	ldr	r2, [pc, #444]	@ (10007be0 <process_enumeration+0x6a4>)
10007a22:	1b5b      	subs	r3, r3, r5
10007a24:	009b      	lsls	r3, r3, #2
10007a26:	189b      	adds	r3, r3, r2
10007a28:	0031      	movs	r1, r6
10007a2a:	691b      	ldr	r3, [r3, #16]
10007a2c:	9803      	ldr	r0, [sp, #12]
10007a2e:	4798      	blx	r3
10007a30:	e5b5      	b.n	1000759e <process_enumeration+0x62>
10007a32:	464b      	mov	r3, r9
10007a34:	9f06      	ldr	r7, [sp, #24]
10007a36:	46a1      	mov	r9, r4
10007a38:	001c      	movs	r4, r3
10007a3a:	2f00      	cmp	r7, #0
10007a3c:	d00e      	beq.n	10007a5c <process_enumeration+0x520>
10007a3e:	4640      	mov	r0, r8
10007a40:	78ab      	ldrb	r3, [r5, #2]
10007a42:	4458      	add	r0, fp
10007a44:	18ff      	adds	r7, r7, r3
10007a46:	b2ff      	uxtb	r7, r7
10007a48:	18c2      	adds	r2, r0, r3
10007a4a:	7b51      	ldrb	r1, [r2, #13]
10007a4c:	29ff      	cmp	r1, #255	@ 0xff
10007a4e:	d000      	beq.n	10007a52 <process_enumeration+0x516>
10007a50:	e5a5      	b.n	1000759e <process_enumeration+0x62>
10007a52:	3301      	adds	r3, #1
10007a54:	b2db      	uxtb	r3, r3
10007a56:	7356      	strb	r6, [r2, #13]
10007a58:	42bb      	cmp	r3, r7
10007a5a:	d1f5      	bne.n	10007a48 <process_enumeration+0x50c>
10007a5c:	4658      	mov	r0, fp
10007a5e:	3015      	adds	r0, #21
10007a60:	0033      	movs	r3, r6
10007a62:	0022      	movs	r2, r4
10007a64:	0029      	movs	r1, r5
10007a66:	4440      	add	r0, r8
10007a68:	f002 f872 	bl	10009b50 <tu_edpt_bind_driver>
10007a6c:	e7c2      	b.n	100079f4 <process_enumeration+0x4b8>
10007a6e:	00eb      	lsls	r3, r5, #3
10007a70:	1b5b      	subs	r3, r3, r5
10007a72:	009b      	lsls	r3, r3, #2
10007a74:	18cb      	adds	r3, r1, r3
10007a76:	2b00      	cmp	r3, #0
10007a78:	d1d6      	bne.n	10007a28 <process_enumeration+0x4ec>
10007a7a:	2356      	movs	r3, #86	@ 0x56
10007a7c:	437b      	muls	r3, r7
10007a7e:	18e3      	adds	r3, r4, r3
10007a80:	7b9d      	ldrb	r5, [r3, #14]
10007a82:	42aa      	cmp	r2, r5
10007a84:	d84e      	bhi.n	10007b24 <process_enumeration+0x5e8>
10007a86:	2601      	movs	r6, #1
10007a88:	42a8      	cmp	r0, r5
10007a8a:	dac7      	bge.n	10007a1c <process_enumeration+0x4e0>
10007a8c:	2356      	movs	r3, #86	@ 0x56
10007a8e:	437b      	muls	r3, r7
10007a90:	18e3      	adds	r3, r4, r3
10007a92:	7bdd      	ldrb	r5, [r3, #15]
10007a94:	42aa      	cmp	r2, r5
10007a96:	d84d      	bhi.n	10007b34 <process_enumeration+0x5f8>
10007a98:	2602      	movs	r6, #2
10007a9a:	42a8      	cmp	r0, r5
10007a9c:	dabe      	bge.n	10007a1c <process_enumeration+0x4e0>
10007a9e:	2356      	movs	r3, #86	@ 0x56
10007aa0:	437b      	muls	r3, r7
10007aa2:	18e3      	adds	r3, r4, r3
10007aa4:	7c1d      	ldrb	r5, [r3, #16]
10007aa6:	42aa      	cmp	r2, r5
10007aa8:	d84c      	bhi.n	10007b44 <process_enumeration+0x608>
10007aaa:	2603      	movs	r6, #3
10007aac:	42a8      	cmp	r0, r5
10007aae:	dab5      	bge.n	10007a1c <process_enumeration+0x4e0>
10007ab0:	2356      	movs	r3, #86	@ 0x56
10007ab2:	437b      	muls	r3, r7
10007ab4:	18e3      	adds	r3, r4, r3
10007ab6:	7c5d      	ldrb	r5, [r3, #17]
10007ab8:	42aa      	cmp	r2, r5
10007aba:	d856      	bhi.n	10007b6a <process_enumeration+0x62e>
10007abc:	2604      	movs	r6, #4
10007abe:	42a8      	cmp	r0, r5
10007ac0:	daac      	bge.n	10007a1c <process_enumeration+0x4e0>
10007ac2:	2356      	movs	r3, #86	@ 0x56
10007ac4:	437b      	muls	r3, r7
10007ac6:	18e3      	adds	r3, r4, r3
10007ac8:	7c9d      	ldrb	r5, [r3, #18]
10007aca:	42aa      	cmp	r2, r5
10007acc:	d85f      	bhi.n	10007b8e <process_enumeration+0x652>
10007ace:	2605      	movs	r6, #5
10007ad0:	42a8      	cmp	r0, r5
10007ad2:	daa3      	bge.n	10007a1c <process_enumeration+0x4e0>
10007ad4:	2356      	movs	r3, #86	@ 0x56
10007ad6:	437b      	muls	r3, r7
10007ad8:	18e3      	adds	r3, r4, r3
10007ada:	7cdd      	ldrb	r5, [r3, #19]
10007adc:	42aa      	cmp	r2, r5
10007ade:	d866      	bhi.n	10007bae <process_enumeration+0x672>
10007ae0:	2606      	movs	r6, #6
10007ae2:	42a8      	cmp	r0, r5
10007ae4:	da9a      	bge.n	10007a1c <process_enumeration+0x4e0>
10007ae6:	2356      	movs	r3, #86	@ 0x56
10007ae8:	437b      	muls	r3, r7
10007aea:	18e3      	adds	r3, r4, r3
10007aec:	7d1d      	ldrb	r5, [r3, #20]
10007aee:	4295      	cmp	r5, r2
10007af0:	d268      	bcs.n	10007bc4 <process_enumeration+0x688>
10007af2:	231c      	movs	r3, #28
10007af4:	436b      	muls	r3, r5
10007af6:	18cb      	adds	r3, r1, r3
10007af8:	2607      	movs	r6, #7
10007afa:	2b00      	cmp	r3, #0
10007afc:	d194      	bne.n	10007a28 <process_enumeration+0x4ec>
10007afe:	2110      	movs	r1, #16
10007b00:	4b39      	ldr	r3, [pc, #228]	@ (10007be8 <process_enumeration+0x6ac>)
10007b02:	78da      	ldrb	r2, [r3, #3]
10007b04:	7858      	ldrb	r0, [r3, #1]
10007b06:	438a      	bics	r2, r1
10007b08:	70da      	strb	r2, [r3, #3]
10007b0a:	2800      	cmp	r0, #0
10007b0c:	d122      	bne.n	10007b54 <process_enumeration+0x618>
10007b0e:	9803      	ldr	r0, [sp, #12]
10007b10:	2811      	cmp	r0, #17
10007b12:	d100      	bne.n	10007b16 <process_enumeration+0x5da>
10007b14:	e543      	b.n	1000759e <process_enumeration+0x62>
10007b16:	4b36      	ldr	r3, [pc, #216]	@ (10007bf0 <process_enumeration+0x6b4>)
10007b18:	2b00      	cmp	r3, #0
10007b1a:	d100      	bne.n	10007b1e <process_enumeration+0x5e2>
10007b1c:	e53f      	b.n	1000759e <process_enumeration+0x62>
10007b1e:	e000      	b.n	10007b22 <process_enumeration+0x5e6>
10007b20:	bf00      	nop
10007b22:	e53c      	b.n	1000759e <process_enumeration+0x62>
10007b24:	00eb      	lsls	r3, r5, #3
10007b26:	1b5b      	subs	r3, r3, r5
10007b28:	009b      	lsls	r3, r3, #2
10007b2a:	18cb      	adds	r3, r1, r3
10007b2c:	2b00      	cmp	r3, #0
10007b2e:	d0ad      	beq.n	10007a8c <process_enumeration+0x550>
10007b30:	2601      	movs	r6, #1
10007b32:	e779      	b.n	10007a28 <process_enumeration+0x4ec>
10007b34:	00eb      	lsls	r3, r5, #3
10007b36:	1b5b      	subs	r3, r3, r5
10007b38:	009b      	lsls	r3, r3, #2
10007b3a:	18cb      	adds	r3, r1, r3
10007b3c:	2b00      	cmp	r3, #0
10007b3e:	d0ae      	beq.n	10007a9e <process_enumeration+0x562>
10007b40:	2602      	movs	r6, #2
10007b42:	e771      	b.n	10007a28 <process_enumeration+0x4ec>
10007b44:	00eb      	lsls	r3, r5, #3
10007b46:	1b5b      	subs	r3, r3, r5
10007b48:	009b      	lsls	r3, r3, #2
10007b4a:	18cb      	adds	r3, r1, r3
10007b4c:	2b00      	cmp	r3, #0
10007b4e:	d0af      	beq.n	10007ab0 <process_enumeration+0x574>
10007b50:	2603      	movs	r6, #3
10007b52:	e769      	b.n	10007a28 <process_enumeration+0x4ec>
10007b54:	f000 fcfe 	bl	10008554 <hub_edpt_status_xfer>
10007b58:	e7d9      	b.n	10007b0e <process_enumeration+0x5d2>
10007b5a:	2003      	movs	r0, #3
10007b5c:	e5e7      	b.n	1000772e <process_enumeration+0x1f2>
10007b5e:	2004      	movs	r0, #4
10007b60:	e5e5      	b.n	1000772e <process_enumeration+0x1f2>
10007b62:	2005      	movs	r0, #5
10007b64:	e5e3      	b.n	1000772e <process_enumeration+0x1f2>
10007b66:	2006      	movs	r0, #6
10007b68:	e5e1      	b.n	1000772e <process_enumeration+0x1f2>
10007b6a:	00eb      	lsls	r3, r5, #3
10007b6c:	1b5b      	subs	r3, r3, r5
10007b6e:	009b      	lsls	r3, r3, #2
10007b70:	18cb      	adds	r3, r1, r3
10007b72:	2b00      	cmp	r3, #0
10007b74:	d0a5      	beq.n	10007ac2 <process_enumeration+0x586>
10007b76:	2604      	movs	r6, #4
10007b78:	e756      	b.n	10007a28 <process_enumeration+0x4ec>
10007b7a:	2007      	movs	r0, #7
10007b7c:	e5d7      	b.n	1000772e <process_enumeration+0x1f2>
10007b7e:	2002      	movs	r0, #2
10007b80:	e5d5      	b.n	1000772e <process_enumeration+0x1f2>
10007b82:	2008      	movs	r0, #8
10007b84:	e5d3      	b.n	1000772e <process_enumeration+0x1f2>
10007b86:	2009      	movs	r0, #9
10007b88:	e5d1      	b.n	1000772e <process_enumeration+0x1f2>
10007b8a:	9307      	str	r3, [sp, #28]
10007b8c:	e739      	b.n	10007a02 <process_enumeration+0x4c6>
10007b8e:	00eb      	lsls	r3, r5, #3
10007b90:	1b5b      	subs	r3, r3, r5
10007b92:	009b      	lsls	r3, r3, #2
10007b94:	18cb      	adds	r3, r1, r3
10007b96:	2b00      	cmp	r3, #0
10007b98:	d09c      	beq.n	10007ad4 <process_enumeration+0x598>
10007b9a:	2605      	movs	r6, #5
10007b9c:	e744      	b.n	10007a28 <process_enumeration+0x4ec>
10007b9e:	200a      	movs	r0, #10
10007ba0:	e5c5      	b.n	1000772e <process_enumeration+0x1f2>
10007ba2:	200b      	movs	r0, #11
10007ba4:	e5c3      	b.n	1000772e <process_enumeration+0x1f2>
10007ba6:	200d      	movs	r0, #13
10007ba8:	e5c1      	b.n	1000772e <process_enumeration+0x1f2>
10007baa:	200c      	movs	r0, #12
10007bac:	e5bf      	b.n	1000772e <process_enumeration+0x1f2>
10007bae:	231c      	movs	r3, #28
10007bb0:	436b      	muls	r3, r5
10007bb2:	18cb      	adds	r3, r1, r3
10007bb4:	2b00      	cmp	r3, #0
10007bb6:	d096      	beq.n	10007ae6 <process_enumeration+0x5aa>
10007bb8:	2606      	movs	r6, #6
10007bba:	e735      	b.n	10007a28 <process_enumeration+0x4ec>
10007bbc:	200f      	movs	r0, #15
10007bbe:	e5b6      	b.n	1000772e <process_enumeration+0x1f2>
10007bc0:	200e      	movs	r0, #14
10007bc2:	e5b4      	b.n	1000772e <process_enumeration+0x1f2>
10007bc4:	42a8      	cmp	r0, r5
10007bc6:	db9a      	blt.n	10007afe <process_enumeration+0x5c2>
10007bc8:	2607      	movs	r6, #7
10007bca:	e727      	b.n	10007a1c <process_enumeration+0x4e0>
10007bcc:	00010900 	.word	0x00010900
10007bd0:	1000753d 	.word	0x1000753d
10007bd4:	20003518 	.word	0x20003518
10007bd8:	20003318 	.word	0x20003318
10007bdc:	2000426a 	.word	0x2000426a
10007be0:	1000b694 	.word	0x1000b694
10007be4:	2000252c 	.word	0x2000252c
10007be8:	20002548 	.word	0x20002548
10007bec:	00000564 	.word	0x00000564
10007bf0:	00000000 	.word	0x00000000

10007bf4 <usbh_get_rhport>:
10007bf4:	3801      	subs	r0, #1
10007bf6:	b2c3      	uxtb	r3, r0
10007bf8:	2b10      	cmp	r3, #16
10007bfa:	d804      	bhi.n	10007c06 <usbh_get_rhport+0x12>
10007bfc:	2256      	movs	r2, #86	@ 0x56
10007bfe:	4342      	muls	r2, r0
10007c00:	4b02      	ldr	r3, [pc, #8]	@ (10007c0c <usbh_get_rhport+0x18>)
10007c02:	5cd0      	ldrb	r0, [r2, r3]
10007c04:	4770      	bx	lr
10007c06:	4b02      	ldr	r3, [pc, #8]	@ (10007c10 <usbh_get_rhport+0x1c>)
10007c08:	7818      	ldrb	r0, [r3, #0]
10007c0a:	e7fb      	b.n	10007c04 <usbh_get_rhport+0x10>
10007c0c:	20003518 	.word	0x20003518
10007c10:	20002548 	.word	0x20002548

10007c14 <usbh_get_enum_buf>:
10007c14:	4800      	ldr	r0, [pc, #0]	@ (10007c18 <usbh_get_enum_buf+0x4>)
10007c16:	4770      	bx	lr
10007c18:	20003318 	.word	0x20003318

10007c1c <usbh_edpt_claim>:
10007c1c:	3801      	subs	r0, #1
10007c1e:	b2c2      	uxtb	r2, r0
10007c20:	b570      	push	{r4, r5, r6, lr}
10007c22:	2a10      	cmp	r2, #16
10007c24:	d817      	bhi.n	10007c56 <usbh_edpt_claim+0x3a>
10007c26:	2256      	movs	r2, #86	@ 0x56
10007c28:	4342      	muls	r2, r0
10007c2a:	4c0c      	ldr	r4, [pc, #48]	@ (10007c5c <usbh_edpt_claim+0x40>)
10007c2c:	18a3      	adds	r3, r4, r2
10007c2e:	791b      	ldrb	r3, [r3, #4]
10007c30:	07db      	lsls	r3, r3, #31
10007c32:	0fd8      	lsrs	r0, r3, #31
10007c34:	2b00      	cmp	r3, #0
10007c36:	d100      	bne.n	10007c3a <usbh_edpt_claim+0x1e>
10007c38:	bd70      	pop	{r4, r5, r6, pc}
10007c3a:	207f      	movs	r0, #127	@ 0x7f
10007c3c:	4b08      	ldr	r3, [pc, #32]	@ (10007c60 <usbh_edpt_claim+0x44>)
10007c3e:	4008      	ands	r0, r1
10007c40:	681d      	ldr	r5, [r3, #0]
10007c42:	09cb      	lsrs	r3, r1, #7
10007c44:	3335      	adds	r3, #53	@ 0x35
10007c46:	0040      	lsls	r0, r0, #1
10007c48:	18c0      	adds	r0, r0, r3
10007c4a:	1880      	adds	r0, r0, r2
10007c4c:	0029      	movs	r1, r5
10007c4e:	1900      	adds	r0, r0, r4
10007c50:	f001 fefc 	bl	10009a4c <tu_edpt_claim>
10007c54:	e7f0      	b.n	10007c38 <usbh_edpt_claim+0x1c>
10007c56:	2000      	movs	r0, #0
10007c58:	e7ee      	b.n	10007c38 <usbh_edpt_claim+0x1c>
10007c5a:	46c0      	nop			@ (mov r8, r8)
10007c5c:	20003518 	.word	0x20003518
10007c60:	20003ad0 	.word	0x20003ad0

10007c64 <usbh_edpt_release>:
10007c64:	3801      	subs	r0, #1
10007c66:	b2c2      	uxtb	r2, r0
10007c68:	b570      	push	{r4, r5, r6, lr}
10007c6a:	2a10      	cmp	r2, #16
10007c6c:	d817      	bhi.n	10007c9e <usbh_edpt_release+0x3a>
10007c6e:	2256      	movs	r2, #86	@ 0x56
10007c70:	4342      	muls	r2, r0
10007c72:	4c0c      	ldr	r4, [pc, #48]	@ (10007ca4 <usbh_edpt_release+0x40>)
10007c74:	18a3      	adds	r3, r4, r2
10007c76:	791b      	ldrb	r3, [r3, #4]
10007c78:	07db      	lsls	r3, r3, #31
10007c7a:	0fd8      	lsrs	r0, r3, #31
10007c7c:	2b00      	cmp	r3, #0
10007c7e:	d100      	bne.n	10007c82 <usbh_edpt_release+0x1e>
10007c80:	bd70      	pop	{r4, r5, r6, pc}
10007c82:	207f      	movs	r0, #127	@ 0x7f
10007c84:	4b08      	ldr	r3, [pc, #32]	@ (10007ca8 <usbh_edpt_release+0x44>)
10007c86:	4008      	ands	r0, r1
10007c88:	681d      	ldr	r5, [r3, #0]
10007c8a:	09cb      	lsrs	r3, r1, #7
10007c8c:	3335      	adds	r3, #53	@ 0x35
10007c8e:	0040      	lsls	r0, r0, #1
10007c90:	18c0      	adds	r0, r0, r3
10007c92:	1880      	adds	r0, r0, r2
10007c94:	0029      	movs	r1, r5
10007c96:	1900      	adds	r0, r0, r4
10007c98:	f001 ff00 	bl	10009a9c <tu_edpt_release>
10007c9c:	e7f0      	b.n	10007c80 <usbh_edpt_release+0x1c>
10007c9e:	2000      	movs	r0, #0
10007ca0:	e7ee      	b.n	10007c80 <usbh_edpt_release+0x1c>
10007ca2:	46c0      	nop			@ (mov r8, r8)
10007ca4:	20003518 	.word	0x20003518
10007ca8:	20003ad0 	.word	0x20003ad0

10007cac <usbh_edpt_xfer_with_callback>:
10007cac:	b5f0      	push	{r4, r5, r6, r7, lr}
10007cae:	46c6      	mov	lr, r8
10007cb0:	b500      	push	{lr}
10007cb2:	0005      	movs	r5, r0
10007cb4:	3801      	subs	r0, #1
10007cb6:	b2c4      	uxtb	r4, r0
10007cb8:	4698      	mov	r8, r3
10007cba:	b082      	sub	sp, #8
10007cbc:	2c10      	cmp	r4, #16
10007cbe:	d80d      	bhi.n	10007cdc <usbh_edpt_xfer_with_callback+0x30>
10007cc0:	2356      	movs	r3, #86	@ 0x56
10007cc2:	247f      	movs	r4, #127	@ 0x7f
10007cc4:	4358      	muls	r0, r3
10007cc6:	400c      	ands	r4, r1
10007cc8:	4f13      	ldr	r7, [pc, #76]	@ (10007d18 <usbh_edpt_xfer_with_callback+0x6c>)
10007cca:	0064      	lsls	r4, r4, #1
10007ccc:	1824      	adds	r4, r4, r0
10007cce:	09ce      	lsrs	r6, r1, #7
10007cd0:	193c      	adds	r4, r7, r4
10007cd2:	19a4      	adds	r4, r4, r6
10007cd4:	3430      	adds	r4, #48	@ 0x30
10007cd6:	7966      	ldrb	r6, [r4, #5]
10007cd8:	07f6      	lsls	r6, r6, #31
10007cda:	d504      	bpl.n	10007ce6 <usbh_edpt_xfer_with_callback+0x3a>
10007cdc:	2000      	movs	r0, #0
10007cde:	b002      	add	sp, #8
10007ce0:	bc80      	pop	{r7}
10007ce2:	46b8      	mov	r8, r7
10007ce4:	bdf0      	pop	{r4, r5, r6, r7, pc}
10007ce6:	2301      	movs	r3, #1
10007ce8:	469c      	mov	ip, r3
10007cea:	4663      	mov	r3, ip
10007cec:	7966      	ldrb	r6, [r4, #5]
10007cee:	431e      	orrs	r6, r3
10007cf0:	4643      	mov	r3, r8
10007cf2:	7166      	strb	r6, [r4, #5]
10007cf4:	5dc0      	ldrb	r0, [r0, r7]
10007cf6:	9300      	str	r3, [sp, #0]
10007cf8:	0013      	movs	r3, r2
10007cfa:	000a      	movs	r2, r1
10007cfc:	0029      	movs	r1, r5
10007cfe:	f7fe fbbb 	bl	10006478 <hcd_edpt_xfer>
10007d02:	2800      	cmp	r0, #0
10007d04:	d1eb      	bne.n	10007cde <usbh_edpt_xfer_with_callback+0x32>
10007d06:	2201      	movs	r2, #1
10007d08:	7963      	ldrb	r3, [r4, #5]
10007d0a:	4393      	bics	r3, r2
10007d0c:	7163      	strb	r3, [r4, #5]
10007d0e:	7963      	ldrb	r3, [r4, #5]
10007d10:	3203      	adds	r2, #3
10007d12:	4393      	bics	r3, r2
10007d14:	7163      	strb	r3, [r4, #5]
10007d16:	e7e1      	b.n	10007cdc <usbh_edpt_xfer_with_callback+0x30>
10007d18:	20003518 	.word	0x20003518

10007d1c <tuh_edpt_open>:
10007d1c:	b5f8      	push	{r3, r4, r5, r6, r7, lr}
10007d1e:	1e43      	subs	r3, r0, #1
10007d20:	b2da      	uxtb	r2, r3
10007d22:	0004      	movs	r4, r0
10007d24:	000d      	movs	r5, r1
10007d26:	2a10      	cmp	r2, #16
10007d28:	d811      	bhi.n	10007d4e <tuh_edpt_open+0x32>
10007d2a:	2656      	movs	r6, #86	@ 0x56
10007d2c:	435e      	muls	r6, r3
10007d2e:	4f0d      	ldr	r7, [pc, #52]	@ (10007d64 <tuh_edpt_open+0x48>)
10007d30:	0028      	movs	r0, r5
10007d32:	19bb      	adds	r3, r7, r6
10007d34:	78d9      	ldrb	r1, [r3, #3]
10007d36:	f001 fecd 	bl	10009ad4 <tu_edpt_validate>
10007d3a:	2800      	cmp	r0, #0
10007d3c:	d005      	beq.n	10007d4a <tuh_edpt_open+0x2e>
10007d3e:	5df0      	ldrb	r0, [r6, r7]
10007d40:	002a      	movs	r2, r5
10007d42:	0021      	movs	r1, r4
10007d44:	f7fe fa54 	bl	100061f0 <hcd_edpt_open>
10007d48:	bdf8      	pop	{r3, r4, r5, r6, r7, pc}
10007d4a:	2000      	movs	r0, #0
10007d4c:	e7fc      	b.n	10007d48 <tuh_edpt_open+0x2c>
10007d4e:	4e06      	ldr	r6, [pc, #24]	@ (10007d68 <tuh_edpt_open+0x4c>)
10007d50:	0028      	movs	r0, r5
10007d52:	78f1      	ldrb	r1, [r6, #3]
10007d54:	0709      	lsls	r1, r1, #28
10007d56:	0f09      	lsrs	r1, r1, #28
10007d58:	f001 febc 	bl	10009ad4 <tu_edpt_validate>
10007d5c:	2800      	cmp	r0, #0
10007d5e:	d0f4      	beq.n	10007d4a <tuh_edpt_open+0x2e>
10007d60:	7830      	ldrb	r0, [r6, #0]
10007d62:	e7ed      	b.n	10007d40 <tuh_edpt_open+0x24>
10007d64:	20003518 	.word	0x20003518
10007d68:	20002548 	.word	0x20002548

10007d6c <tuh_descriptor_get_hid_report>:
10007d6c:	b5f0      	push	{r4, r5, r6, r7, lr}
10007d6e:	4657      	mov	r7, sl
10007d70:	464e      	mov	r6, r9
10007d72:	4645      	mov	r5, r8
10007d74:	46de      	mov	lr, fp
10007d76:	b5e0      	push	{r5, r6, r7, lr}
10007d78:	b083      	sub	sp, #12
10007d7a:	0004      	movs	r4, r0
10007d7c:	a80c      	add	r0, sp, #48	@ 0x30
10007d7e:	001e      	movs	r6, r3
10007d80:	c808      	ldmia	r0!, {r3}
10007d82:	4688      	mov	r8, r1
10007d84:	4699      	mov	r9, r3
10007d86:	8803      	ldrh	r3, [r0, #0]
10007d88:	0017      	movs	r7, r2
10007d8a:	469a      	mov	sl, r3
10007d8c:	2c00      	cmp	r4, #0
10007d8e:	d110      	bne.n	10007db2 <tuh_descriptor_get_hid_report+0x46>
10007d90:	4b41      	ldr	r3, [pc, #260]	@ (10007e98 <tuh_descriptor_get_hid_report+0x12c>)
10007d92:	78db      	ldrb	r3, [r3, #3]
10007d94:	06db      	lsls	r3, r3, #27
10007d96:	d503      	bpl.n	10007da0 <tuh_descriptor_get_hid_report+0x34>
10007d98:	4d40      	ldr	r5, [pc, #256]	@ (10007e9c <tuh_descriptor_get_hid_report+0x130>)
10007d9a:	7d6b      	ldrb	r3, [r5, #21]
10007d9c:	2b00      	cmp	r3, #0
10007d9e:	d017      	beq.n	10007dd0 <tuh_descriptor_get_hid_report+0x64>
10007da0:	2400      	movs	r4, #0
10007da2:	0020      	movs	r0, r4
10007da4:	b003      	add	sp, #12
10007da6:	bcf0      	pop	{r4, r5, r6, r7}
10007da8:	46bb      	mov	fp, r7
10007daa:	46b2      	mov	sl, r6
10007dac:	46a9      	mov	r9, r5
10007dae:	46a0      	mov	r8, r4
10007db0:	bdf0      	pop	{r4, r5, r6, r7, pc}
10007db2:	1e61      	subs	r1, r4, #1
10007db4:	b2cb      	uxtb	r3, r1
10007db6:	2b10      	cmp	r3, #16
10007db8:	d8ee      	bhi.n	10007d98 <tuh_descriptor_get_hid_report+0x2c>
10007dba:	2256      	movs	r2, #86	@ 0x56
10007dbc:	434a      	muls	r2, r1
10007dbe:	4b38      	ldr	r3, [pc, #224]	@ (10007ea0 <tuh_descriptor_get_hid_report+0x134>)
10007dc0:	189b      	adds	r3, r3, r2
10007dc2:	791b      	ldrb	r3, [r3, #4]
10007dc4:	07db      	lsls	r3, r3, #31
10007dc6:	d5eb      	bpl.n	10007da0 <tuh_descriptor_get_hid_report+0x34>
10007dc8:	4d34      	ldr	r5, [pc, #208]	@ (10007e9c <tuh_descriptor_get_hid_report+0x130>)
10007dca:	7d6b      	ldrb	r3, [r5, #21]
10007dcc:	2b00      	cmp	r3, #0
10007dce:	d1e7      	bne.n	10007da0 <tuh_descriptor_get_hid_report+0x34>
10007dd0:	4b34      	ldr	r3, [pc, #208]	@ (10007ea4 <tuh_descriptor_get_hid_report+0x138>)
10007dd2:	2101      	movs	r1, #1
10007dd4:	469b      	mov	fp, r3
10007dd6:	6818      	ldr	r0, [r3, #0]
10007dd8:	4249      	negs	r1, r1
10007dda:	f003 f925 	bl	1000b028 <__mutex_enter_timeout_ms_veneer>
10007dde:	4659      	mov	r1, fp
10007de0:	7d6b      	ldrb	r3, [r5, #21]
10007de2:	6808      	ldr	r0, [r1, #0]
10007de4:	b2da      	uxtb	r2, r3
10007de6:	2b00      	cmp	r3, #0
10007de8:	d002      	beq.n	10007df0 <tuh_descriptor_get_hid_report+0x84>
10007dea:	f003 f905 	bl	1000aff8 <__mutex_exit_veneer>
10007dee:	e7d7      	b.n	10007da0 <tuh_descriptor_get_hid_report+0x34>
10007df0:	2301      	movs	r3, #1
10007df2:	756b      	strb	r3, [r5, #21]
10007df4:	4b2c      	ldr	r3, [pc, #176]	@ (10007ea8 <tuh_descriptor_get_hid_report+0x13c>)
10007df6:	82ea      	strh	r2, [r5, #22]
10007df8:	802b      	strh	r3, [r5, #0]
10007dfa:	4643      	mov	r3, r8
10007dfc:	80ab      	strh	r3, [r5, #4]
10007dfe:	4653      	mov	r3, sl
10007e00:	80eb      	strh	r3, [r5, #6]
10007e02:	464b      	mov	r3, r9
10007e04:	60ab      	str	r3, [r5, #8]
10007e06:	9b0e      	ldr	r3, [sp, #56]	@ 0x38
10007e08:	023a      	lsls	r2, r7, #8
10007e0a:	60eb      	str	r3, [r5, #12]
10007e0c:	9b0f      	ldr	r3, [sp, #60]	@ 0x3c
10007e0e:	4332      	orrs	r2, r6
10007e10:	612b      	str	r3, [r5, #16]
10007e12:	752c      	strb	r4, [r5, #20]
10007e14:	806a      	strh	r2, [r5, #2]
10007e16:	f003 f8ef 	bl	1000aff8 <__mutex_exit_veneer>
10007e1a:	1e61      	subs	r1, r4, #1
10007e1c:	b2cb      	uxtb	r3, r1
10007e1e:	2b10      	cmp	r3, #16
10007e20:	d837      	bhi.n	10007e92 <tuh_descriptor_get_hid_report+0x126>
10007e22:	2256      	movs	r2, #86	@ 0x56
10007e24:	434a      	muls	r2, r1
10007e26:	4b1e      	ldr	r3, [pc, #120]	@ (10007ea0 <tuh_descriptor_get_hid_report+0x134>)
10007e28:	5cd0      	ldrb	r0, [r2, r3]
10007e2a:	9b0e      	ldr	r3, [sp, #56]	@ 0x38
10007e2c:	2b00      	cmp	r3, #0
10007e2e:	d005      	beq.n	10007e3c <tuh_descriptor_get_hid_report+0xd0>
10007e30:	0021      	movs	r1, r4
10007e32:	002a      	movs	r2, r5
10007e34:	f7fe fc90 	bl	10006758 <hcd_setup_send>
10007e38:	0004      	movs	r4, r0
10007e3a:	e7b2      	b.n	10007da2 <tuh_descriptor_get_hid_report+0x36>
10007e3c:	466b      	mov	r3, sp
10007e3e:	1dde      	adds	r6, r3, #7
10007e40:	2304      	movs	r3, #4
10007e42:	7033      	strb	r3, [r6, #0]
10007e44:	4b19      	ldr	r3, [pc, #100]	@ (10007eac <tuh_descriptor_get_hid_report+0x140>)
10007e46:	0021      	movs	r1, r4
10007e48:	002a      	movs	r2, r5
10007e4a:	612e      	str	r6, [r5, #16]
10007e4c:	60eb      	str	r3, [r5, #12]
10007e4e:	f7fe fc83 	bl	10006758 <hcd_setup_send>
10007e52:	1e04      	subs	r4, r0, #0
10007e54:	d0a4      	beq.n	10007da0 <tuh_descriptor_get_hid_report+0x34>
10007e56:	4b16      	ldr	r3, [pc, #88]	@ (10007eb0 <tuh_descriptor_get_hid_report+0x144>)
10007e58:	4f16      	ldr	r7, [pc, #88]	@ (10007eb4 <tuh_descriptor_get_hid_report+0x148>)
10007e5a:	4698      	mov	r8, r3
10007e5c:	7833      	ldrb	r3, [r6, #0]
10007e5e:	2b04      	cmp	r3, #4
10007e60:	d10e      	bne.n	10007e80 <tuh_descriptor_get_hid_report+0x114>
10007e62:	783b      	ldrb	r3, [r7, #0]
10007e64:	2bff      	cmp	r3, #255	@ 0xff
10007e66:	d0f9      	beq.n	10007e5c <tuh_descriptor_get_hid_report+0xf0>
10007e68:	4643      	mov	r3, r8
10007e6a:	6818      	ldr	r0, [r3, #0]
10007e6c:	f001 fefc 	bl	10009c68 <tu_fifo_empty>
10007e70:	2800      	cmp	r0, #0
10007e72:	d1f3      	bne.n	10007e5c <tuh_descriptor_get_hid_report+0xf0>
10007e74:	783b      	ldrb	r3, [r7, #0]
10007e76:	2bff      	cmp	r3, #255	@ 0xff
10007e78:	d0f0      	beq.n	10007e5c <tuh_descriptor_get_hid_report+0xf0>
10007e7a:	f7ff fa03 	bl	10007284 <tuh_task_ext.part.0>
10007e7e:	e7ed      	b.n	10007e5c <tuh_descriptor_get_hid_report+0xf0>
10007e80:	9b0f      	ldr	r3, [sp, #60]	@ 0x3c
10007e82:	2b00      	cmp	r3, #0
10007e84:	d002      	beq.n	10007e8c <tuh_descriptor_get_hid_report+0x120>
10007e86:	001a      	movs	r2, r3
10007e88:	7833      	ldrb	r3, [r6, #0]
10007e8a:	7013      	strb	r3, [r2, #0]
10007e8c:	7833      	ldrb	r3, [r6, #0]
10007e8e:	8aeb      	ldrh	r3, [r5, #22]
10007e90:	e787      	b.n	10007da2 <tuh_descriptor_get_hid_report+0x36>
10007e92:	4b01      	ldr	r3, [pc, #4]	@ (10007e98 <tuh_descriptor_get_hid_report+0x12c>)
10007e94:	7818      	ldrb	r0, [r3, #0]
10007e96:	e7c8      	b.n	10007e2a <tuh_descriptor_get_hid_report+0xbe>
10007e98:	20002548 	.word	0x20002548
10007e9c:	20002530 	.word	0x20002530
10007ea0:	20003518 	.word	0x20003518
10007ea4:	20003ad0 	.word	0x20003ad0
10007ea8:	00000681 	.word	0x00000681
10007eac:	10006bed 	.word	0x10006bed
10007eb0:	20003adc 	.word	0x20003adc
10007eb4:	20000994 	.word	0x20000994

10007eb8 <usbh_driver_set_config_complete>:
10007eb8:	b5f0      	push	{r4, r5, r6, r7, lr}
10007eba:	0004      	movs	r4, r0
10007ebc:	46c6      	mov	lr, r8
10007ebe:	1e63      	subs	r3, r4, #1
10007ec0:	b2da      	uxtb	r2, r3
10007ec2:	0008      	movs	r0, r1
10007ec4:	b500      	push	{lr}
10007ec6:	2a10      	cmp	r2, #16
10007ec8:	d900      	bls.n	10007ecc <usbh_driver_set_config_complete+0x14>
10007eca:	e08d      	b.n	10007fe8 <usbh_driver_set_config_complete+0x130>
10007ecc:	2256      	movs	r2, #86	@ 0x56
10007ece:	435a      	muls	r2, r3
10007ed0:	4b5a      	ldr	r3, [pc, #360]	@ (1000803c <usbh_driver_set_config_complete+0x184>)
10007ed2:	18d2      	adds	r2, r2, r3
10007ed4:	1c41      	adds	r1, r0, #1
10007ed6:	b2c9      	uxtb	r1, r1
10007ed8:	2907      	cmp	r1, #7
10007eda:	d900      	bls.n	10007ede <usbh_driver_set_config_complete+0x26>
10007edc:	e09e      	b.n	1000801c <usbh_driver_set_config_complete+0x164>
10007ede:	4b58      	ldr	r3, [pc, #352]	@ (10008040 <usbh_driver_set_config_complete+0x188>)
10007ee0:	781d      	ldrb	r5, [r3, #0]
10007ee2:	1c6b      	adds	r3, r5, #1
10007ee4:	4698      	mov	r8, r3
10007ee6:	4b57      	ldr	r3, [pc, #348]	@ (10008044 <usbh_driver_set_config_complete+0x18c>)
10007ee8:	681f      	ldr	r7, [r3, #0]
10007eea:	1853      	adds	r3, r2, r1
10007eec:	7b5b      	ldrb	r3, [r3, #13]
10007eee:	429d      	cmp	r5, r3
10007ef0:	d95e      	bls.n	10007fb0 <usbh_driver_set_config_complete+0xf8>
10007ef2:	00de      	lsls	r6, r3, #3
10007ef4:	1af3      	subs	r3, r6, r3
10007ef6:	009b      	lsls	r3, r3, #2
10007ef8:	18fb      	adds	r3, r7, r3
10007efa:	2b00      	cmp	r3, #0
10007efc:	d160      	bne.n	10007fc0 <usbh_driver_set_config_complete+0x108>
10007efe:	1c81      	adds	r1, r0, #2
10007f00:	b2c9      	uxtb	r1, r1
10007f02:	2908      	cmp	r1, #8
10007f04:	d043      	beq.n	10007f8e <usbh_driver_set_config_complete+0xd6>
10007f06:	1853      	adds	r3, r2, r1
10007f08:	7b5b      	ldrb	r3, [r3, #13]
10007f0a:	429d      	cmp	r5, r3
10007f0c:	d85e      	bhi.n	10007fcc <usbh_driver_set_config_complete+0x114>
10007f0e:	4598      	cmp	r8, r3
10007f10:	da50      	bge.n	10007fb4 <usbh_driver_set_config_complete+0xfc>
10007f12:	1cc1      	adds	r1, r0, #3
10007f14:	b2c9      	uxtb	r1, r1
10007f16:	2908      	cmp	r1, #8
10007f18:	d039      	beq.n	10007f8e <usbh_driver_set_config_complete+0xd6>
10007f1a:	1853      	adds	r3, r2, r1
10007f1c:	7b5b      	ldrb	r3, [r3, #13]
10007f1e:	429d      	cmp	r5, r3
10007f20:	d85b      	bhi.n	10007fda <usbh_driver_set_config_complete+0x122>
10007f22:	4598      	cmp	r8, r3
10007f24:	da46      	bge.n	10007fb4 <usbh_driver_set_config_complete+0xfc>
10007f26:	1d01      	adds	r1, r0, #4
10007f28:	b2c9      	uxtb	r1, r1
10007f2a:	2908      	cmp	r1, #8
10007f2c:	d02f      	beq.n	10007f8e <usbh_driver_set_config_complete+0xd6>
10007f2e:	1853      	adds	r3, r2, r1
10007f30:	7b5b      	ldrb	r3, [r3, #13]
10007f32:	429d      	cmp	r5, r3
10007f34:	d85d      	bhi.n	10007ff2 <usbh_driver_set_config_complete+0x13a>
10007f36:	4598      	cmp	r8, r3
10007f38:	da3c      	bge.n	10007fb4 <usbh_driver_set_config_complete+0xfc>
10007f3a:	1d41      	adds	r1, r0, #5
10007f3c:	b2c9      	uxtb	r1, r1
10007f3e:	2908      	cmp	r1, #8
10007f40:	d025      	beq.n	10007f8e <usbh_driver_set_config_complete+0xd6>
10007f42:	1853      	adds	r3, r2, r1
10007f44:	7b5b      	ldrb	r3, [r3, #13]
10007f46:	429d      	cmp	r5, r3
10007f48:	d85a      	bhi.n	10008000 <usbh_driver_set_config_complete+0x148>
10007f4a:	4598      	cmp	r8, r3
10007f4c:	da32      	bge.n	10007fb4 <usbh_driver_set_config_complete+0xfc>
10007f4e:	1d81      	adds	r1, r0, #6
10007f50:	b2c9      	uxtb	r1, r1
10007f52:	2908      	cmp	r1, #8
10007f54:	d01b      	beq.n	10007f8e <usbh_driver_set_config_complete+0xd6>
10007f56:	1853      	adds	r3, r2, r1
10007f58:	7b5b      	ldrb	r3, [r3, #13]
10007f5a:	429d      	cmp	r5, r3
10007f5c:	d857      	bhi.n	1000800e <usbh_driver_set_config_complete+0x156>
10007f5e:	4598      	cmp	r8, r3
10007f60:	da28      	bge.n	10007fb4 <usbh_driver_set_config_complete+0xfc>
10007f62:	1dc1      	adds	r1, r0, #7
10007f64:	b2c9      	uxtb	r1, r1
10007f66:	2908      	cmp	r1, #8
10007f68:	d011      	beq.n	10007f8e <usbh_driver_set_config_complete+0xd6>
10007f6a:	1853      	adds	r3, r2, r1
10007f6c:	7b5b      	ldrb	r3, [r3, #13]
10007f6e:	429d      	cmp	r5, r3
10007f70:	d857      	bhi.n	10008022 <usbh_driver_set_config_complete+0x16a>
10007f72:	4598      	cmp	r8, r3
10007f74:	da1e      	bge.n	10007fb4 <usbh_driver_set_config_complete+0xfc>
10007f76:	28ff      	cmp	r0, #255	@ 0xff
10007f78:	d109      	bne.n	10007f8e <usbh_driver_set_config_complete+0xd6>
10007f7a:	7d12      	ldrb	r2, [r2, #20]
10007f7c:	42aa      	cmp	r2, r5
10007f7e:	d257      	bcs.n	10008030 <usbh_driver_set_config_complete+0x178>
10007f80:	00d3      	lsls	r3, r2, #3
10007f82:	1a9b      	subs	r3, r3, r2
10007f84:	009b      	lsls	r3, r3, #2
10007f86:	18fb      	adds	r3, r7, r3
10007f88:	2107      	movs	r1, #7
10007f8a:	2b00      	cmp	r3, #0
10007f8c:	d118      	bne.n	10007fc0 <usbh_driver_set_config_complete+0x108>
10007f8e:	2110      	movs	r1, #16
10007f90:	4b2d      	ldr	r3, [pc, #180]	@ (10008048 <usbh_driver_set_config_complete+0x190>)
10007f92:	78da      	ldrb	r2, [r3, #3]
10007f94:	7858      	ldrb	r0, [r3, #1]
10007f96:	438a      	bics	r2, r1
10007f98:	70da      	strb	r2, [r3, #3]
10007f9a:	2800      	cmp	r0, #0
10007f9c:	d126      	bne.n	10007fec <usbh_driver_set_config_complete+0x134>
10007f9e:	2c10      	cmp	r4, #16
10007fa0:	d811      	bhi.n	10007fc6 <usbh_driver_set_config_complete+0x10e>
10007fa2:	4b2a      	ldr	r3, [pc, #168]	@ (1000804c <usbh_driver_set_config_complete+0x194>)
10007fa4:	2b00      	cmp	r3, #0
10007fa6:	d00e      	beq.n	10007fc6 <usbh_driver_set_config_complete+0x10e>
10007fa8:	0020      	movs	r0, r4
10007faa:	e000      	b.n	10007fae <usbh_driver_set_config_complete+0xf6>
10007fac:	bf00      	nop
10007fae:	e00a      	b.n	10007fc6 <usbh_driver_set_config_complete+0x10e>
10007fb0:	4598      	cmp	r8, r3
10007fb2:	dba4      	blt.n	10007efe <usbh_driver_set_config_complete+0x46>
10007fb4:	1b5d      	subs	r5, r3, r5
10007fb6:	00eb      	lsls	r3, r5, #3
10007fb8:	4a25      	ldr	r2, [pc, #148]	@ (10008050 <usbh_driver_set_config_complete+0x198>)
10007fba:	1b5b      	subs	r3, r3, r5
10007fbc:	009b      	lsls	r3, r3, #2
10007fbe:	189b      	adds	r3, r3, r2
10007fc0:	0020      	movs	r0, r4
10007fc2:	691b      	ldr	r3, [r3, #16]
10007fc4:	4798      	blx	r3
10007fc6:	bc80      	pop	{r7}
10007fc8:	46b8      	mov	r8, r7
10007fca:	bdf0      	pop	{r4, r5, r6, r7, pc}
10007fcc:	00de      	lsls	r6, r3, #3
10007fce:	1af3      	subs	r3, r6, r3
10007fd0:	009b      	lsls	r3, r3, #2
10007fd2:	18fb      	adds	r3, r7, r3
10007fd4:	2b00      	cmp	r3, #0
10007fd6:	d09c      	beq.n	10007f12 <usbh_driver_set_config_complete+0x5a>
10007fd8:	e7f2      	b.n	10007fc0 <usbh_driver_set_config_complete+0x108>
10007fda:	00de      	lsls	r6, r3, #3
10007fdc:	1af3      	subs	r3, r6, r3
10007fde:	009b      	lsls	r3, r3, #2
10007fe0:	18fb      	adds	r3, r7, r3
10007fe2:	2b00      	cmp	r3, #0
10007fe4:	d09f      	beq.n	10007f26 <usbh_driver_set_config_complete+0x6e>
10007fe6:	e7eb      	b.n	10007fc0 <usbh_driver_set_config_complete+0x108>
10007fe8:	2200      	movs	r2, #0
10007fea:	e773      	b.n	10007ed4 <usbh_driver_set_config_complete+0x1c>
10007fec:	f000 fab2 	bl	10008554 <hub_edpt_status_xfer>
10007ff0:	e7d5      	b.n	10007f9e <usbh_driver_set_config_complete+0xe6>
10007ff2:	00de      	lsls	r6, r3, #3
10007ff4:	1af3      	subs	r3, r6, r3
10007ff6:	009b      	lsls	r3, r3, #2
10007ff8:	18fb      	adds	r3, r7, r3
10007ffa:	2b00      	cmp	r3, #0
10007ffc:	d09d      	beq.n	10007f3a <usbh_driver_set_config_complete+0x82>
10007ffe:	e7df      	b.n	10007fc0 <usbh_driver_set_config_complete+0x108>
10008000:	00de      	lsls	r6, r3, #3
10008002:	1af3      	subs	r3, r6, r3
10008004:	009b      	lsls	r3, r3, #2
10008006:	18fb      	adds	r3, r7, r3
10008008:	2b00      	cmp	r3, #0
1000800a:	d0a0      	beq.n	10007f4e <usbh_driver_set_config_complete+0x96>
1000800c:	e7d8      	b.n	10007fc0 <usbh_driver_set_config_complete+0x108>
1000800e:	00de      	lsls	r6, r3, #3
10008010:	1af3      	subs	r3, r6, r3
10008012:	009b      	lsls	r3, r3, #2
10008014:	18fb      	adds	r3, r7, r3
10008016:	2b00      	cmp	r3, #0
10008018:	d0a3      	beq.n	10007f62 <usbh_driver_set_config_complete+0xaa>
1000801a:	e7d1      	b.n	10007fc0 <usbh_driver_set_config_complete+0x108>
1000801c:	2908      	cmp	r1, #8
1000801e:	d1d2      	bne.n	10007fc6 <usbh_driver_set_config_complete+0x10e>
10008020:	e7b5      	b.n	10007f8e <usbh_driver_set_config_complete+0xd6>
10008022:	00de      	lsls	r6, r3, #3
10008024:	1af3      	subs	r3, r6, r3
10008026:	009b      	lsls	r3, r3, #2
10008028:	18fb      	adds	r3, r7, r3
1000802a:	2b00      	cmp	r3, #0
1000802c:	d0a3      	beq.n	10007f76 <usbh_driver_set_config_complete+0xbe>
1000802e:	e7c7      	b.n	10007fc0 <usbh_driver_set_config_complete+0x108>
10008030:	0013      	movs	r3, r2
10008032:	4590      	cmp	r8, r2
10008034:	dbab      	blt.n	10007f8e <usbh_driver_set_config_complete+0xd6>
10008036:	2107      	movs	r1, #7
10008038:	e7bc      	b.n	10007fb4 <usbh_driver_set_config_complete+0xfc>
1000803a:	46c0      	nop			@ (mov r8, r8)
1000803c:	20003518 	.word	0x20003518
10008040:	2000426a 	.word	0x2000426a
10008044:	2000252c 	.word	0x2000252c
10008048:	20002548 	.word	0x20002548
1000804c:	00000000 	.word	0x00000000
10008050:	1000b694 	.word	0x1000b694

10008054 <connection_port_reset_complete>:
10008054:	b570      	push	{r4, r5, r6, lr}
10008056:	78c3      	ldrb	r3, [r0, #3]
10008058:	b084      	sub	sp, #16
1000805a:	2b00      	cmp	r3, #0
1000805c:	d112      	bne.n	10008084 <connection_port_reset_complete+0x30>
1000805e:	ac01      	add	r4, sp, #4
10008060:	7805      	ldrb	r5, [r0, #0]
10008062:	6883      	ldr	r3, [r0, #8]
10008064:	2100      	movs	r1, #0
10008066:	220c      	movs	r2, #12
10008068:	0020      	movs	r0, r4
1000806a:	791e      	ldrb	r6, [r3, #4]
1000806c:	f7fb fad8 	bl	10003620 <__wrap_memset>
10008070:	0028      	movs	r0, r5
10008072:	f7ff fdbf 	bl	10007bf4 <usbh_get_rhport>
10008076:	2100      	movs	r1, #0
10008078:	7020      	strb	r0, [r4, #0]
1000807a:	0020      	movs	r0, r4
1000807c:	7125      	strb	r5, [r4, #4]
1000807e:	7166      	strb	r6, [r4, #5]
10008080:	f002 ffe2 	bl	1000b048 <__hcd_event_handler_veneer>
10008084:	b004      	add	sp, #16
10008086:	bd70      	pop	{r4, r5, r6, pc}

10008088 <hub_clear_feature_complete_stub>:
10008088:	b510      	push	{r4, lr}
1000808a:	78c3      	ldrb	r3, [r0, #3]
1000808c:	b082      	sub	sp, #8
1000808e:	2b00      	cmp	r3, #0
10008090:	d10d      	bne.n	100080ae <hub_clear_feature_complete_stub+0x26>
10008092:	7800      	ldrb	r0, [r0, #0]
10008094:	4907      	ldr	r1, [pc, #28]	@ (100080b4 <hub_clear_feature_complete_stub+0x2c>)
10008096:	0004      	movs	r4, r0
10008098:	3c11      	subs	r4, #17
1000809a:	0124      	lsls	r4, r4, #4
1000809c:	1d22      	adds	r2, r4, #4
1000809e:	1852      	adds	r2, r2, r1
100080a0:	1909      	adds	r1, r1, r4
100080a2:	7849      	ldrb	r1, [r1, #1]
100080a4:	9301      	str	r3, [sp, #4]
100080a6:	9300      	str	r3, [sp, #0]
100080a8:	3301      	adds	r3, #1
100080aa:	f7ff fdff 	bl	10007cac <usbh_edpt_xfer_with_callback>
100080ae:	b002      	add	sp, #8
100080b0:	bd10      	pop	{r4, pc}
100080b2:	46c0      	nop			@ (mov r8, r8)
100080b4:	20004100 	.word	0x20004100

100080b8 <config_set_port_power>:
100080b8:	b570      	push	{r4, r5, r6, lr}
100080ba:	78c5      	ldrb	r5, [r0, #3]
100080bc:	b088      	sub	sp, #32
100080be:	2d00      	cmp	r5, #0
100080c0:	d11b      	bne.n	100080fa <config_set_port_power+0x42>
100080c2:	7806      	ldrb	r6, [r0, #0]
100080c4:	4b0e      	ldr	r3, [pc, #56]	@ (10008100 <config_set_port_power+0x48>)
100080c6:	0032      	movs	r2, r6
100080c8:	3a11      	subs	r2, #17
100080ca:	0112      	lsls	r2, r2, #4
100080cc:	189b      	adds	r3, r3, r2
100080ce:	4a0d      	ldr	r2, [pc, #52]	@ (10008104 <config_set_port_power+0x4c>)
100080d0:	ac02      	add	r4, sp, #8
100080d2:	7892      	ldrb	r2, [r2, #2]
100080d4:	2100      	movs	r1, #0
100080d6:	709a      	strb	r2, [r3, #2]
100080d8:	4b0b      	ldr	r3, [pc, #44]	@ (10008108 <config_set_port_power+0x50>)
100080da:	2210      	movs	r2, #16
100080dc:	9300      	str	r3, [sp, #0]
100080de:	2301      	movs	r3, #1
100080e0:	0020      	movs	r0, r4
100080e2:	9301      	str	r3, [sp, #4]
100080e4:	f7fb fa9c 	bl	10003620 <__wrap_memset>
100080e8:	466b      	mov	r3, sp
100080ea:	9304      	str	r3, [sp, #16]
100080ec:	4b07      	ldr	r3, [pc, #28]	@ (1000810c <config_set_port_power+0x54>)
100080ee:	0020      	movs	r0, r4
100080f0:	7026      	strb	r6, [r4, #0]
100080f2:	9306      	str	r3, [sp, #24]
100080f4:	9507      	str	r5, [sp, #28]
100080f6:	f7ff f825 	bl	10007144 <tuh_control_xfer>
100080fa:	b008      	add	sp, #32
100080fc:	bd70      	pop	{r4, r5, r6, pc}
100080fe:	46c0      	nop			@ (mov r8, r8)
10008100:	20004100 	.word	0x20004100
10008104:	2000254c 	.word	0x2000254c
10008108:	00080323 	.word	0x00080323
1000810c:	10008111 	.word	0x10008111

10008110 <config_port_power_complete>:
10008110:	b5f0      	push	{r4, r5, r6, r7, lr}
10008112:	78c4      	ldrb	r4, [r0, #3]
10008114:	b08b      	sub	sp, #44	@ 0x2c
10008116:	2c00      	cmp	r4, #0
10008118:	d129      	bne.n	1000816e <config_port_power_complete+0x5e>
1000811a:	7805      	ldrb	r5, [r0, #0]
1000811c:	6883      	ldr	r3, [r0, #8]
1000811e:	002e      	movs	r6, r5
10008120:	791a      	ldrb	r2, [r3, #4]
10008122:	4f1c      	ldr	r7, [pc, #112]	@ (10008194 <config_port_power_complete+0x84>)
10008124:	795b      	ldrb	r3, [r3, #5]
10008126:	3e11      	subs	r6, #17
10008128:	0136      	lsls	r6, r6, #4
1000812a:	021b      	lsls	r3, r3, #8
1000812c:	19b9      	adds	r1, r7, r6
1000812e:	4313      	orrs	r3, r2
10008130:	788a      	ldrb	r2, [r1, #2]
10008132:	429a      	cmp	r2, r3
10008134:	d01d      	beq.n	10008172 <config_port_power_complete+0x62>
10008136:	3301      	adds	r3, #1
10008138:	b2db      	uxtb	r3, r3
1000813a:	001a      	movs	r2, r3
1000813c:	1e51      	subs	r1, r2, #1
1000813e:	418a      	sbcs	r2, r1
10008140:	2103      	movs	r1, #3
10008142:	4252      	negs	r2, r2
10008144:	4011      	ands	r1, r2
10008146:	4a14      	ldr	r2, [pc, #80]	@ (10008198 <config_port_power_complete+0x88>)
10008148:	ae04      	add	r6, sp, #16
1000814a:	430a      	orrs	r2, r1
1000814c:	af02      	add	r7, sp, #8
1000814e:	9202      	str	r2, [sp, #8]
10008150:	2100      	movs	r1, #0
10008152:	2210      	movs	r2, #16
10008154:	0030      	movs	r0, r6
10008156:	80bb      	strh	r3, [r7, #4]
10008158:	80fc      	strh	r4, [r7, #6]
1000815a:	f7fb fa61 	bl	10003620 <__wrap_memset>
1000815e:	4b0f      	ldr	r3, [pc, #60]	@ (1000819c <config_port_power_complete+0x8c>)
10008160:	0030      	movs	r0, r6
10008162:	7035      	strb	r5, [r6, #0]
10008164:	9706      	str	r7, [sp, #24]
10008166:	9308      	str	r3, [sp, #32]
10008168:	9409      	str	r4, [sp, #36]	@ 0x24
1000816a:	f7fe ffeb 	bl	10007144 <tuh_control_xfer>
1000816e:	b00b      	add	sp, #44	@ 0x2c
10008170:	bdf0      	pop	{r4, r5, r6, r7, pc}
10008172:	1d32      	adds	r2, r6, #4
10008174:	7849      	ldrb	r1, [r1, #1]
10008176:	2301      	movs	r3, #1
10008178:	0028      	movs	r0, r5
1000817a:	19d2      	adds	r2, r2, r7
1000817c:	9401      	str	r4, [sp, #4]
1000817e:	9400      	str	r4, [sp, #0]
10008180:	f7ff fd94 	bl	10007cac <usbh_edpt_xfer_with_callback>
10008184:	2800      	cmp	r0, #0
10008186:	d0f2      	beq.n	1000816e <config_port_power_complete+0x5e>
10008188:	0028      	movs	r0, r5
1000818a:	5df1      	ldrb	r1, [r6, r7]
1000818c:	f7ff fe94 	bl	10007eb8 <usbh_driver_set_config_complete>
10008190:	e7ed      	b.n	1000816e <config_port_power_complete+0x5e>
10008192:	46c0      	nop			@ (mov r8, r8)
10008194:	20004100 	.word	0x20004100
10008198:	00080320 	.word	0x00080320
1000819c:	10008111 	.word	0x10008111

100081a0 <connection_clear_conn_change_complete>:
100081a0:	b5f0      	push	{r4, r5, r6, r7, lr}
100081a2:	78c5      	ldrb	r5, [r0, #3]
100081a4:	b089      	sub	sp, #36	@ 0x24
100081a6:	2d00      	cmp	r5, #0
100081a8:	d129      	bne.n	100081fe <connection_clear_conn_change_complete+0x5e>
100081aa:	7806      	ldrb	r6, [r0, #0]
100081ac:	2701      	movs	r7, #1
100081ae:	0032      	movs	r2, r6
100081b0:	6883      	ldr	r3, [r0, #8]
100081b2:	3a11      	subs	r2, #17
100081b4:	791c      	ldrb	r4, [r3, #4]
100081b6:	7959      	ldrb	r1, [r3, #5]
100081b8:	4b1b      	ldr	r3, [pc, #108]	@ (10008228 <connection_clear_conn_change_complete+0x88>)
100081ba:	0112      	lsls	r2, r2, #4
100081bc:	189b      	adds	r3, r3, r2
100081be:	7a1b      	ldrb	r3, [r3, #8]
100081c0:	0209      	lsls	r1, r1, #8
100081c2:	4321      	orrs	r1, r4
100081c4:	421f      	tst	r7, r3
100081c6:	d01c      	beq.n	10008202 <connection_clear_conn_change_complete+0x62>
100081c8:	1e63      	subs	r3, r4, #1
100081ca:	419c      	sbcs	r4, r3
100081cc:	2303      	movs	r3, #3
100081ce:	4264      	negs	r4, r4
100081d0:	4023      	ands	r3, r4
100081d2:	4c16      	ldr	r4, [pc, #88]	@ (1000822c <connection_clear_conn_change_complete+0x8c>)
100081d4:	466f      	mov	r7, sp
100081d6:	431c      	orrs	r4, r3
100081d8:	23ff      	movs	r3, #255	@ 0xff
100081da:	9400      	str	r4, [sp, #0]
100081dc:	ac02      	add	r4, sp, #8
100081de:	400b      	ands	r3, r1
100081e0:	2210      	movs	r2, #16
100081e2:	2100      	movs	r1, #0
100081e4:	0020      	movs	r0, r4
100081e6:	80bb      	strh	r3, [r7, #4]
100081e8:	80fd      	strh	r5, [r7, #6]
100081ea:	f7fb fa19 	bl	10003620 <__wrap_memset>
100081ee:	4b10      	ldr	r3, [pc, #64]	@ (10008230 <connection_clear_conn_change_complete+0x90>)
100081f0:	7026      	strb	r6, [r4, #0]
100081f2:	0020      	movs	r0, r4
100081f4:	9704      	str	r7, [sp, #16]
100081f6:	9306      	str	r3, [sp, #24]
100081f8:	9507      	str	r5, [sp, #28]
100081fa:	f7fe ffa3 	bl	10007144 <tuh_control_xfer>
100081fe:	b009      	add	sp, #36	@ 0x24
10008200:	bdf0      	pop	{r4, r5, r6, r7, pc}
10008202:	ad02      	add	r5, sp, #8
10008204:	220c      	movs	r2, #12
10008206:	2100      	movs	r1, #0
10008208:	0028      	movs	r0, r5
1000820a:	f7fb fa09 	bl	10003620 <__wrap_memset>
1000820e:	0030      	movs	r0, r6
10008210:	f7ff fcf0 	bl	10007bf4 <usbh_get_rhport>
10008214:	2100      	movs	r1, #0
10008216:	7028      	strb	r0, [r5, #0]
10008218:	706f      	strb	r7, [r5, #1]
1000821a:	0028      	movs	r0, r5
1000821c:	712e      	strb	r6, [r5, #4]
1000821e:	716c      	strb	r4, [r5, #5]
10008220:	f002 ff12 	bl	1000b048 <__hcd_event_handler_veneer>
10008224:	e7eb      	b.n	100081fe <connection_clear_conn_change_complete+0x5e>
10008226:	46c0      	nop			@ (mov r8, r8)
10008228:	20004100 	.word	0x20004100
1000822c:	00040320 	.word	0x00040320
10008230:	10008055 	.word	0x10008055

10008234 <hub_get_status_complete>:
10008234:	b570      	push	{r4, r5, r6, lr}
10008236:	78c3      	ldrb	r3, [r0, #3]
10008238:	b088      	sub	sp, #32
1000823a:	2b00      	cmp	r3, #0
1000823c:	d111      	bne.n	10008262 <hub_get_status_complete+0x2e>
1000823e:	6883      	ldr	r3, [r0, #8]
10008240:	791c      	ldrb	r4, [r3, #4]
10008242:	2c00      	cmp	r4, #0
10008244:	d10d      	bne.n	10008262 <hub_get_status_complete+0x2e>
10008246:	7805      	ldrb	r5, [r0, #0]
10008248:	4a1a      	ldr	r2, [pc, #104]	@ (100082b4 <hub_get_status_complete+0x80>)
1000824a:	002b      	movs	r3, r5
1000824c:	3b11      	subs	r3, #17
1000824e:	011b      	lsls	r3, r3, #4
10008250:	189b      	adds	r3, r3, r2
10008252:	2201      	movs	r2, #1
10008254:	0016      	movs	r6, r2
10008256:	799b      	ldrb	r3, [r3, #6]
10008258:	401e      	ands	r6, r3
1000825a:	421a      	tst	r2, r3
1000825c:	d116      	bne.n	1000828c <hub_get_status_complete+0x58>
1000825e:	079b      	lsls	r3, r3, #30
10008260:	d401      	bmi.n	10008266 <hub_get_status_complete+0x32>
10008262:	b008      	add	sp, #32
10008264:	bd70      	pop	{r4, r5, r6, pc}
10008266:	ac02      	add	r4, sp, #8
10008268:	4b13      	ldr	r3, [pc, #76]	@ (100082b8 <hub_get_status_complete+0x84>)
1000826a:	2210      	movs	r2, #16
1000826c:	2100      	movs	r1, #0
1000826e:	0020      	movs	r0, r4
10008270:	9300      	str	r3, [sp, #0]
10008272:	9601      	str	r6, [sp, #4]
10008274:	f7fb f9d4 	bl	10003620 <__wrap_memset>
10008278:	466b      	mov	r3, sp
1000827a:	7025      	strb	r5, [r4, #0]
1000827c:	9304      	str	r3, [sp, #16]
1000827e:	4b0f      	ldr	r3, [pc, #60]	@ (100082bc <hub_get_status_complete+0x88>)
10008280:	0020      	movs	r0, r4
10008282:	9306      	str	r3, [sp, #24]
10008284:	9607      	str	r6, [sp, #28]
10008286:	f7fe ff5d 	bl	10007144 <tuh_control_xfer>
1000828a:	e7ea      	b.n	10008262 <hub_get_status_complete+0x2e>
1000828c:	2390      	movs	r3, #144	@ 0x90
1000828e:	ae02      	add	r6, sp, #8
10008290:	005b      	lsls	r3, r3, #1
10008292:	2100      	movs	r1, #0
10008294:	0030      	movs	r0, r6
10008296:	320f      	adds	r2, #15
10008298:	9300      	str	r3, [sp, #0]
1000829a:	9401      	str	r4, [sp, #4]
1000829c:	f7fb f9c0 	bl	10003620 <__wrap_memset>
100082a0:	466b      	mov	r3, sp
100082a2:	7035      	strb	r5, [r6, #0]
100082a4:	9304      	str	r3, [sp, #16]
100082a6:	4b05      	ldr	r3, [pc, #20]	@ (100082bc <hub_get_status_complete+0x88>)
100082a8:	0030      	movs	r0, r6
100082aa:	9306      	str	r3, [sp, #24]
100082ac:	9407      	str	r4, [sp, #28]
100082ae:	f7fe ff49 	bl	10007144 <tuh_control_xfer>
100082b2:	e7d6      	b.n	10008262 <hub_get_status_complete+0x2e>
100082b4:	20004108 	.word	0x20004108
100082b8:	00010120 	.word	0x00010120
100082bc:	10008089 	.word	0x10008089

100082c0 <hub_port_get_status_complete>:
100082c0:	b5f0      	push	{r4, r5, r6, r7, lr}
100082c2:	46c6      	mov	lr, r8
100082c4:	b500      	push	{lr}
100082c6:	78c4      	ldrb	r4, [r0, #3]
100082c8:	b08a      	sub	sp, #40	@ 0x28
100082ca:	2c00      	cmp	r4, #0
100082cc:	d143      	bne.n	10008356 <hub_port_get_status_complete+0x96>
100082ce:	7805      	ldrb	r5, [r0, #0]
100082d0:	6883      	ldr	r3, [r0, #8]
100082d2:	002a      	movs	r2, r5
100082d4:	7918      	ldrb	r0, [r3, #4]
100082d6:	795e      	ldrb	r6, [r3, #5]
100082d8:	3a11      	subs	r2, #17
100082da:	4b4b      	ldr	r3, [pc, #300]	@ (10008408 <hub_port_get_status_complete+0x148>)
100082dc:	0112      	lsls	r2, r2, #4
100082de:	4698      	mov	r8, r3
100082e0:	4694      	mov	ip, r2
100082e2:	2101      	movs	r1, #1
100082e4:	44c4      	add	ip, r8
100082e6:	4663      	mov	r3, ip
100082e8:	000f      	movs	r7, r1
100082ea:	7a9b      	ldrb	r3, [r3, #10]
100082ec:	0236      	lsls	r6, r6, #8
100082ee:	4306      	orrs	r6, r0
100082f0:	401f      	ands	r7, r3
100082f2:	4219      	tst	r1, r3
100082f4:	d133      	bne.n	1000835e <hub_port_get_status_complete+0x9e>
100082f6:	2102      	movs	r1, #2
100082f8:	000c      	movs	r4, r1
100082fa:	401c      	ands	r4, r3
100082fc:	4219      	tst	r1, r3
100082fe:	d152      	bne.n	100083a6 <hub_port_get_status_complete+0xe6>
10008300:	2104      	movs	r1, #4
10008302:	000f      	movs	r7, r1
10008304:	401f      	ands	r7, r3
10008306:	4219      	tst	r1, r3
10008308:	d145      	bne.n	10008396 <hub_port_get_status_complete+0xd6>
1000830a:	2108      	movs	r1, #8
1000830c:	000c      	movs	r4, r1
1000830e:	401c      	ands	r4, r3
10008310:	4219      	tst	r1, r3
10008312:	d000      	beq.n	10008316 <hub_port_get_status_complete+0x56>
10008314:	e071      	b.n	100083fa <hub_port_get_status_complete+0x13a>
10008316:	2110      	movs	r1, #16
10008318:	000f      	movs	r7, r1
1000831a:	401f      	ands	r7, r3
1000831c:	4219      	tst	r1, r3
1000831e:	d061      	beq.n	100083e4 <hub_port_get_status_complete+0x124>
10008320:	1e43      	subs	r3, r0, #1
10008322:	4198      	sbcs	r0, r3
10008324:	2203      	movs	r2, #3
10008326:	4b39      	ldr	r3, [pc, #228]	@ (1000840c <hub_port_get_status_complete+0x14c>)
10008328:	4241      	negs	r1, r0
1000832a:	400a      	ands	r2, r1
1000832c:	4313      	orrs	r3, r2
1000832e:	9302      	str	r3, [sp, #8]
10008330:	23ff      	movs	r3, #255	@ 0xff
10008332:	af02      	add	r7, sp, #8
10008334:	4033      	ands	r3, r6
10008336:	ae04      	add	r6, sp, #16
10008338:	80bb      	strh	r3, [r7, #4]
1000833a:	2210      	movs	r2, #16
1000833c:	2100      	movs	r1, #0
1000833e:	0030      	movs	r0, r6
10008340:	80fc      	strh	r4, [r7, #6]
10008342:	f7fb f96d 	bl	10003620 <__wrap_memset>
10008346:	4b32      	ldr	r3, [pc, #200]	@ (10008410 <hub_port_get_status_complete+0x150>)
10008348:	7035      	strb	r5, [r6, #0]
1000834a:	0030      	movs	r0, r6
1000834c:	9706      	str	r7, [sp, #24]
1000834e:	9308      	str	r3, [sp, #32]
10008350:	9409      	str	r4, [sp, #36]	@ 0x24
10008352:	f7fe fef7 	bl	10007144 <tuh_control_xfer>
10008356:	b00a      	add	sp, #40	@ 0x28
10008358:	bc80      	pop	{r7}
1000835a:	46b8      	mov	r8, r7
1000835c:	bdf0      	pop	{r4, r5, r6, r7, pc}
1000835e:	1e43      	subs	r3, r0, #1
10008360:	4198      	sbcs	r0, r3
10008362:	4241      	negs	r1, r0
10008364:	2003      	movs	r0, #3
10008366:	23ff      	movs	r3, #255	@ 0xff
10008368:	4008      	ands	r0, r1
1000836a:	492a      	ldr	r1, [pc, #168]	@ (10008414 <hub_port_get_status_complete+0x154>)
1000836c:	af02      	add	r7, sp, #8
1000836e:	4033      	ands	r3, r6
10008370:	4301      	orrs	r1, r0
10008372:	ae04      	add	r6, sp, #16
10008374:	9102      	str	r1, [sp, #8]
10008376:	2210      	movs	r2, #16
10008378:	80bb      	strh	r3, [r7, #4]
1000837a:	2100      	movs	r1, #0
1000837c:	0030      	movs	r0, r6
1000837e:	80fc      	strh	r4, [r7, #6]
10008380:	f7fb f94e 	bl	10003620 <__wrap_memset>
10008384:	4b24      	ldr	r3, [pc, #144]	@ (10008418 <hub_port_get_status_complete+0x158>)
10008386:	7035      	strb	r5, [r6, #0]
10008388:	0030      	movs	r0, r6
1000838a:	9706      	str	r7, [sp, #24]
1000838c:	9308      	str	r3, [sp, #32]
1000838e:	9409      	str	r4, [sp, #36]	@ 0x24
10008390:	f7fe fed8 	bl	10007144 <tuh_control_xfer>
10008394:	e7df      	b.n	10008356 <hub_port_get_status_complete+0x96>
10008396:	1e43      	subs	r3, r0, #1
10008398:	4198      	sbcs	r0, r3
1000839a:	3901      	subs	r1, #1
1000839c:	4b1f      	ldr	r3, [pc, #124]	@ (1000841c <hub_port_get_status_complete+0x15c>)
1000839e:	4240      	negs	r0, r0
100083a0:	4001      	ands	r1, r0
100083a2:	430b      	orrs	r3, r1
100083a4:	e7c3      	b.n	1000832e <hub_port_get_status_complete+0x6e>
100083a6:	1e43      	subs	r3, r0, #1
100083a8:	4198      	sbcs	r0, r3
100083aa:	3101      	adds	r1, #1
100083ac:	4240      	negs	r0, r0
100083ae:	4b1c      	ldr	r3, [pc, #112]	@ (10008420 <hub_port_get_status_complete+0x160>)
100083b0:	4001      	ands	r1, r0
100083b2:	430b      	orrs	r3, r1
100083b4:	9302      	str	r3, [sp, #8]
100083b6:	ab02      	add	r3, sp, #8
100083b8:	4698      	mov	r8, r3
100083ba:	23ff      	movs	r3, #255	@ 0xff
100083bc:	4642      	mov	r2, r8
100083be:	4033      	ands	r3, r6
100083c0:	ac04      	add	r4, sp, #16
100083c2:	8093      	strh	r3, [r2, #4]
100083c4:	80d7      	strh	r7, [r2, #6]
100083c6:	2100      	movs	r1, #0
100083c8:	2210      	movs	r2, #16
100083ca:	0020      	movs	r0, r4
100083cc:	f7fb f928 	bl	10003620 <__wrap_memset>
100083d0:	4643      	mov	r3, r8
100083d2:	7025      	strb	r5, [r4, #0]
100083d4:	9306      	str	r3, [sp, #24]
100083d6:	4b0e      	ldr	r3, [pc, #56]	@ (10008410 <hub_port_get_status_complete+0x150>)
100083d8:	0020      	movs	r0, r4
100083da:	9308      	str	r3, [sp, #32]
100083dc:	9709      	str	r7, [sp, #36]	@ 0x24
100083de:	f7fe feb1 	bl	10007144 <tuh_control_xfer>
100083e2:	e7b8      	b.n	10008356 <hub_port_get_status_complete+0x96>
100083e4:	4663      	mov	r3, ip
100083e6:	3204      	adds	r2, #4
100083e8:	7859      	ldrb	r1, [r3, #1]
100083ea:	0028      	movs	r0, r5
100083ec:	2301      	movs	r3, #1
100083ee:	4442      	add	r2, r8
100083f0:	9701      	str	r7, [sp, #4]
100083f2:	9700      	str	r7, [sp, #0]
100083f4:	f7ff fc5a 	bl	10007cac <usbh_edpt_xfer_with_callback>
100083f8:	e7ad      	b.n	10008356 <hub_port_get_status_complete+0x96>
100083fa:	1e43      	subs	r3, r0, #1
100083fc:	4198      	sbcs	r0, r3
100083fe:	3905      	subs	r1, #5
10008400:	4240      	negs	r0, r0
10008402:	4b08      	ldr	r3, [pc, #32]	@ (10008424 <hub_port_get_status_complete+0x164>)
10008404:	4001      	ands	r1, r0
10008406:	e7d4      	b.n	100083b2 <hub_port_get_status_complete+0xf2>
10008408:	20004100 	.word	0x20004100
1000840c:	00140120 	.word	0x00140120
10008410:	10008089 	.word	0x10008089
10008414:	00100120 	.word	0x00100120
10008418:	100081a1 	.word	0x100081a1
1000841c:	00120120 	.word	0x00120120
10008420:	00110120 	.word	0x00110120
10008424:	00130120 	.word	0x00130120

10008428 <hub_port_clear_feature>:
10008428:	b5f0      	push	{r4, r5, r6, r7, lr}
1000842a:	001e      	movs	r6, r3
1000842c:	000b      	movs	r3, r1
1000842e:	0007      	movs	r7, r0
10008430:	1e58      	subs	r0, r3, #1
10008432:	4183      	sbcs	r3, r0
10008434:	2003      	movs	r0, #3
10008436:	425b      	negs	r3, r3
10008438:	4018      	ands	r0, r3
1000843a:	2390      	movs	r3, #144	@ 0x90
1000843c:	b089      	sub	sp, #36	@ 0x24
1000843e:	466d      	mov	r5, sp
10008440:	005b      	lsls	r3, r3, #1
10008442:	4303      	orrs	r3, r0
10008444:	802b      	strh	r3, [r5, #0]
10008446:	2300      	movs	r3, #0
10008448:	ac02      	add	r4, sp, #8
1000844a:	806a      	strh	r2, [r5, #2]
1000844c:	80a9      	strh	r1, [r5, #4]
1000844e:	2210      	movs	r2, #16
10008450:	2100      	movs	r1, #0
10008452:	0020      	movs	r0, r4
10008454:	80eb      	strh	r3, [r5, #6]
10008456:	f7fb f8e3 	bl	10003620 <__wrap_memset>
1000845a:	9b0e      	ldr	r3, [sp, #56]	@ 0x38
1000845c:	0020      	movs	r0, r4
1000845e:	7027      	strb	r7, [r4, #0]
10008460:	9504      	str	r5, [sp, #16]
10008462:	9606      	str	r6, [sp, #24]
10008464:	9307      	str	r3, [sp, #28]
10008466:	f7fe fe6d 	bl	10007144 <tuh_control_xfer>
1000846a:	b009      	add	sp, #36	@ 0x24
1000846c:	bdf0      	pop	{r4, r5, r6, r7, pc}
1000846e:	46c0      	nop			@ (mov r8, r8)

10008470 <hub_port_get_status>:
10008470:	b5f0      	push	{r4, r5, r6, r7, lr}
10008472:	001d      	movs	r5, r3
10008474:	000b      	movs	r3, r1
10008476:	0016      	movs	r6, r2
10008478:	1e5a      	subs	r2, r3, #1
1000847a:	4193      	sbcs	r3, r2
1000847c:	2403      	movs	r4, #3
1000847e:	46c6      	mov	lr, r8
10008480:	425b      	negs	r3, r3
10008482:	401c      	ands	r4, r3
10008484:	23a0      	movs	r3, #160	@ 0xa0
10008486:	b500      	push	{lr}
10008488:	b088      	sub	sp, #32
1000848a:	431c      	orrs	r4, r3
1000848c:	466b      	mov	r3, sp
1000848e:	466a      	mov	r2, sp
10008490:	8099      	strh	r1, [r3, #4]
10008492:	2304      	movs	r3, #4
10008494:	9400      	str	r4, [sp, #0]
10008496:	ac02      	add	r4, sp, #8
10008498:	0007      	movs	r7, r0
1000849a:	2100      	movs	r1, #0
1000849c:	80d3      	strh	r3, [r2, #6]
1000849e:	0020      	movs	r0, r4
100084a0:	2208      	movs	r2, #8
100084a2:	f7fb f8bd 	bl	10003620 <__wrap_memset>
100084a6:	466b      	mov	r3, sp
100084a8:	9304      	str	r3, [sp, #16]
100084aa:	9b0e      	ldr	r3, [sp, #56]	@ 0x38
100084ac:	0020      	movs	r0, r4
100084ae:	7027      	strb	r7, [r4, #0]
100084b0:	9605      	str	r6, [sp, #20]
100084b2:	9506      	str	r5, [sp, #24]
100084b4:	9307      	str	r3, [sp, #28]
100084b6:	f7fe fe45 	bl	10007144 <tuh_control_xfer>
100084ba:	b008      	add	sp, #32
100084bc:	bc80      	pop	{r7}
100084be:	46b8      	mov	r8, r7
100084c0:	bdf0      	pop	{r4, r5, r6, r7, pc}
100084c2:	46c0      	nop			@ (mov r8, r8)

100084c4 <hub_init>:
100084c4:	b510      	push	{r4, lr}
100084c6:	2210      	movs	r2, #16
100084c8:	2100      	movs	r1, #0
100084ca:	4802      	ldr	r0, [pc, #8]	@ (100084d4 <hub_init+0x10>)
100084cc:	f7fb f8a8 	bl	10003620 <__wrap_memset>
100084d0:	2001      	movs	r0, #1
100084d2:	bd10      	pop	{r4, pc}
100084d4:	20004100 	.word	0x20004100

100084d8 <hub_deinit>:
100084d8:	2001      	movs	r0, #1
100084da:	4770      	bx	lr

100084dc <hub_open>:
100084dc:	b570      	push	{r4, r5, r6, lr}
100084de:	0014      	movs	r4, r2
100084e0:	7952      	ldrb	r2, [r2, #5]
100084e2:	000d      	movs	r5, r1
100084e4:	2a09      	cmp	r2, #9
100084e6:	d110      	bne.n	1000850a <hub_open+0x2e>
100084e8:	79a2      	ldrb	r2, [r4, #6]
100084ea:	2a00      	cmp	r2, #0
100084ec:	d10d      	bne.n	1000850a <hub_open+0x2e>
100084ee:	79e2      	ldrb	r2, [r4, #7]
100084f0:	2a01      	cmp	r2, #1
100084f2:	d80a      	bhi.n	1000850a <hub_open+0x2e>
100084f4:	2b0f      	cmp	r3, #15
100084f6:	d908      	bls.n	1000850a <hub_open+0x2e>
100084f8:	7826      	ldrb	r6, [r4, #0]
100084fa:	19a6      	adds	r6, r4, r6
100084fc:	7873      	ldrb	r3, [r6, #1]
100084fe:	2b05      	cmp	r3, #5
10008500:	d103      	bne.n	1000850a <hub_open+0x2e>
10008502:	78f3      	ldrb	r3, [r6, #3]
10008504:	43db      	mvns	r3, r3
10008506:	079b      	lsls	r3, r3, #30
10008508:	d001      	beq.n	1000850e <hub_open+0x32>
1000850a:	2000      	movs	r0, #0
1000850c:	bd70      	pop	{r4, r5, r6, pc}
1000850e:	0031      	movs	r1, r6
10008510:	0028      	movs	r0, r5
10008512:	f7ff fc03 	bl	10007d1c <tuh_edpt_open>
10008516:	2800      	cmp	r0, #0
10008518:	d0f7      	beq.n	1000850a <hub_open+0x2e>
1000851a:	78a2      	ldrb	r2, [r4, #2]
1000851c:	4b03      	ldr	r3, [pc, #12]	@ (1000852c <hub_open+0x50>)
1000851e:	3d11      	subs	r5, #17
10008520:	0129      	lsls	r1, r5, #4
10008522:	54ca      	strb	r2, [r1, r3]
10008524:	78b2      	ldrb	r2, [r6, #2]
10008526:	185b      	adds	r3, r3, r1
10008528:	705a      	strb	r2, [r3, #1]
1000852a:	e7ef      	b.n	1000850c <hub_open+0x30>
1000852c:	20004100 	.word	0x20004100

10008530 <hub_close>:
10008530:	b510      	push	{r4, lr}
10008532:	2810      	cmp	r0, #16
10008534:	d906      	bls.n	10008544 <hub_close+0x14>
10008536:	4a06      	ldr	r2, [pc, #24]	@ (10008550 <hub_close+0x20>)
10008538:	3811      	subs	r0, #17
1000853a:	0100      	lsls	r0, r0, #4
1000853c:	1810      	adds	r0, r2, r0
1000853e:	7843      	ldrb	r3, [r0, #1]
10008540:	2b00      	cmp	r3, #0
10008542:	d100      	bne.n	10008546 <hub_close+0x16>
10008544:	bd10      	pop	{r4, pc}
10008546:	2210      	movs	r2, #16
10008548:	2100      	movs	r1, #0
1000854a:	f7fb f869 	bl	10003620 <__wrap_memset>
1000854e:	e7f9      	b.n	10008544 <hub_close+0x14>
10008550:	20004100 	.word	0x20004100

10008554 <hub_edpt_status_xfer>:
10008554:	0001      	movs	r1, r0
10008556:	3911      	subs	r1, #17
10008558:	4b07      	ldr	r3, [pc, #28]	@ (10008578 <hub_edpt_status_xfer+0x24>)
1000855a:	0109      	lsls	r1, r1, #4
1000855c:	1d0a      	adds	r2, r1, #4
1000855e:	18d2      	adds	r2, r2, r3
10008560:	185b      	adds	r3, r3, r1
10008562:	7859      	ldrb	r1, [r3, #1]
10008564:	2300      	movs	r3, #0
10008566:	b500      	push	{lr}
10008568:	b083      	sub	sp, #12
1000856a:	9301      	str	r3, [sp, #4]
1000856c:	9300      	str	r3, [sp, #0]
1000856e:	3301      	adds	r3, #1
10008570:	f7ff fb9c 	bl	10007cac <usbh_edpt_xfer_with_callback>
10008574:	b003      	add	sp, #12
10008576:	bd00      	pop	{pc}
10008578:	20004100 	.word	0x20004100

1000857c <hub_set_config>:
1000857c:	0002      	movs	r2, r0
1000857e:	b570      	push	{r4, r5, r6, lr}
10008580:	4b0f      	ldr	r3, [pc, #60]	@ (100085c0 <hub_set_config+0x44>)
10008582:	3a11      	subs	r2, #17
10008584:	0112      	lsls	r2, r2, #4
10008586:	5cd3      	ldrb	r3, [r2, r3]
10008588:	0004      	movs	r4, r0
1000858a:	b088      	sub	sp, #32
1000858c:	2000      	movs	r0, #0
1000858e:	428b      	cmp	r3, r1
10008590:	d001      	beq.n	10008596 <hub_set_config+0x1a>
10008592:	b008      	add	sp, #32
10008594:	bd70      	pop	{r4, r5, r6, pc}
10008596:	466a      	mov	r2, sp
10008598:	4b0a      	ldr	r3, [pc, #40]	@ (100085c4 <hub_set_config+0x48>)
1000859a:	466e      	mov	r6, sp
1000859c:	cb03      	ldmia	r3!, {r0, r1}
1000859e:	c203      	stmia	r2!, {r0, r1}
100085a0:	0015      	movs	r5, r2
100085a2:	2100      	movs	r1, #0
100085a4:	2218      	movs	r2, #24
100085a6:	0028      	movs	r0, r5
100085a8:	f7fb f83a 	bl	10003620 <__wrap_memset>
100085ac:	4b06      	ldr	r3, [pc, #24]	@ (100085c8 <hub_set_config+0x4c>)
100085ae:	0028      	movs	r0, r5
100085b0:	60eb      	str	r3, [r5, #12]
100085b2:	4b06      	ldr	r3, [pc, #24]	@ (100085cc <hub_set_config+0x50>)
100085b4:	702c      	strb	r4, [r5, #0]
100085b6:	60ae      	str	r6, [r5, #8]
100085b8:	612b      	str	r3, [r5, #16]
100085ba:	f7fe fdc3 	bl	10007144 <tuh_control_xfer>
100085be:	e7e8      	b.n	10008592 <hub_set_config+0x16>
100085c0:	20004100 	.word	0x20004100
100085c4:	1000b6cc 	.word	0x1000b6cc
100085c8:	2000254c 	.word	0x2000254c
100085cc:	100080b9 	.word	0x100080b9

100085d0 <hub_xfer_cb>:
100085d0:	b5f0      	push	{r4, r5, r6, r7, lr}
100085d2:	4647      	mov	r7, r8
100085d4:	46ce      	mov	lr, r9
100085d6:	b580      	push	{r7, lr}
100085d8:	0006      	movs	r6, r0
100085da:	0017      	movs	r7, r2
100085dc:	b08b      	sub	sp, #44	@ 0x2c
100085de:	2a00      	cmp	r2, #0
100085e0:	d000      	beq.n	100085e4 <hub_xfer_cb+0x14>
100085e2:	e06f      	b.n	100086c4 <hub_xfer_cb+0xf4>
100085e4:	0004      	movs	r4, r0
100085e6:	4b3d      	ldr	r3, [pc, #244]	@ (100086dc <hub_xfer_cb+0x10c>)
100085e8:	3c11      	subs	r4, #17
100085ea:	0124      	lsls	r4, r4, #4
100085ec:	4698      	mov	r8, r3
100085ee:	46a1      	mov	r9, r4
100085f0:	44c1      	add	r9, r8
100085f2:	464b      	mov	r3, r9
100085f4:	791d      	ldrb	r5, [r3, #4]
100085f6:	2d00      	cmp	r5, #0
100085f8:	d066      	beq.n	100086c8 <hub_xfer_cb+0xf8>
100085fa:	07eb      	lsls	r3, r5, #31
100085fc:	d437      	bmi.n	1000866e <hub_xfer_cb+0x9e>
100085fe:	464b      	mov	r3, r9
10008600:	789a      	ldrb	r2, [r3, #2]
10008602:	2001      	movs	r0, #1
10008604:	2301      	movs	r3, #1
10008606:	2a00      	cmp	r2, #0
10008608:	d104      	bne.n	10008614 <hub_xfer_cb+0x44>
1000860a:	e055      	b.n	100086b8 <hub_xfer_cb+0xe8>
1000860c:	3301      	adds	r3, #1
1000860e:	b2db      	uxtb	r3, r3
10008610:	4293      	cmp	r3, r2
10008612:	d851      	bhi.n	100086b8 <hub_xfer_cb+0xe8>
10008614:	0029      	movs	r1, r5
10008616:	40d9      	lsrs	r1, r3
10008618:	4208      	tst	r0, r1
1000861a:	d0f7      	beq.n	1000860c <hub_xfer_cb+0x3c>
1000861c:	0019      	movs	r1, r3
1000861e:	1e4a      	subs	r2, r1, #1
10008620:	4191      	sbcs	r1, r2
10008622:	2203      	movs	r2, #3
10008624:	4249      	negs	r1, r1
10008626:	400a      	ands	r2, r1
10008628:	21a0      	movs	r1, #160	@ 0xa0
1000862a:	430a      	orrs	r2, r1
1000862c:	9202      	str	r2, [sp, #8]
1000862e:	aa02      	add	r2, sp, #8
10008630:	8093      	strh	r3, [r2, #4]
10008632:	2304      	movs	r3, #4
10008634:	4691      	mov	r9, r2
10008636:	ad04      	add	r5, sp, #16
10008638:	80d3      	strh	r3, [r2, #6]
1000863a:	2100      	movs	r1, #0
1000863c:	2208      	movs	r2, #8
1000863e:	0028      	movs	r0, r5
10008640:	f7fa ffee 	bl	10003620 <__wrap_memset>
10008644:	464b      	mov	r3, r9
10008646:	702e      	strb	r6, [r5, #0]
10008648:	0027      	movs	r7, r4
1000864a:	9306      	str	r3, [sp, #24]
1000864c:	4b24      	ldr	r3, [pc, #144]	@ (100086e0 <hub_xfer_cb+0x110>)
1000864e:	3708      	adds	r7, #8
10008650:	9308      	str	r3, [sp, #32]
10008652:	2300      	movs	r3, #0
10008654:	4447      	add	r7, r8
10008656:	0028      	movs	r0, r5
10008658:	9707      	str	r7, [sp, #28]
1000865a:	9309      	str	r3, [sp, #36]	@ 0x24
1000865c:	f7fe fd72 	bl	10007144 <tuh_control_xfer>
10008660:	2800      	cmp	r0, #0
10008662:	d129      	bne.n	100086b8 <hub_xfer_cb+0xe8>
10008664:	1d22      	adds	r2, r4, #4
10008666:	4444      	add	r4, r8
10008668:	7861      	ldrb	r1, [r4, #1]
1000866a:	4442      	add	r2, r8
1000866c:	e01e      	b.n	100086ac <hub_xfer_cb+0xdc>
1000866e:	23a0      	movs	r3, #160	@ 0xa0
10008670:	9302      	str	r3, [sp, #8]
10008672:	2380      	movs	r3, #128	@ 0x80
10008674:	ad04      	add	r5, sp, #16
10008676:	02db      	lsls	r3, r3, #11
10008678:	2208      	movs	r2, #8
1000867a:	2100      	movs	r1, #0
1000867c:	0028      	movs	r0, r5
1000867e:	9303      	str	r3, [sp, #12]
10008680:	f7fa ffce 	bl	10003620 <__wrap_memset>
10008684:	ab02      	add	r3, sp, #8
10008686:	702e      	strb	r6, [r5, #0]
10008688:	9306      	str	r3, [sp, #24]
1000868a:	0023      	movs	r3, r4
1000868c:	330c      	adds	r3, #12
1000868e:	4443      	add	r3, r8
10008690:	9307      	str	r3, [sp, #28]
10008692:	4b14      	ldr	r3, [pc, #80]	@ (100086e4 <hub_xfer_cb+0x114>)
10008694:	0028      	movs	r0, r5
10008696:	9308      	str	r3, [sp, #32]
10008698:	9709      	str	r7, [sp, #36]	@ 0x24
1000869a:	f7fe fd53 	bl	10007144 <tuh_control_xfer>
1000869e:	2800      	cmp	r0, #0
100086a0:	d10a      	bne.n	100086b8 <hub_xfer_cb+0xe8>
100086a2:	464b      	mov	r3, r9
100086a4:	3404      	adds	r4, #4
100086a6:	0022      	movs	r2, r4
100086a8:	7859      	ldrb	r1, [r3, #1]
100086aa:	4442      	add	r2, r8
100086ac:	9001      	str	r0, [sp, #4]
100086ae:	9000      	str	r0, [sp, #0]
100086b0:	2301      	movs	r3, #1
100086b2:	0030      	movs	r0, r6
100086b4:	f7ff fafa 	bl	10007cac <usbh_edpt_xfer_with_callback>
100086b8:	2001      	movs	r0, #1
100086ba:	b00b      	add	sp, #44	@ 0x2c
100086bc:	bcc0      	pop	{r6, r7}
100086be:	46b9      	mov	r9, r7
100086c0:	46b0      	mov	r8, r6
100086c2:	bdf0      	pop	{r4, r5, r6, r7, pc}
100086c4:	2000      	movs	r0, #0
100086c6:	e7f8      	b.n	100086ba <hub_xfer_cb+0xea>
100086c8:	3404      	adds	r4, #4
100086ca:	0022      	movs	r2, r4
100086cc:	7859      	ldrb	r1, [r3, #1]
100086ce:	4442      	add	r2, r8
100086d0:	2301      	movs	r3, #1
100086d2:	9501      	str	r5, [sp, #4]
100086d4:	9500      	str	r5, [sp, #0]
100086d6:	f7ff fae9 	bl	10007cac <usbh_edpt_xfer_with_callback>
100086da:	e7ee      	b.n	100086ba <hub_xfer_cb+0xea>
100086dc:	20004100 	.word	0x20004100
100086e0:	100082c1 	.word	0x100082c1
100086e4:	10008235 	.word	0x10008235

100086e8 <get_report_complete>:
100086e8:	b570      	push	{r4, r5, r6, lr}
100086ea:	4b78      	ldr	r3, [pc, #480]	@ (100088cc <get_report_complete+0x1e4>)
100086ec:	0004      	movs	r4, r0
100086ee:	b082      	sub	sp, #8
100086f0:	2b00      	cmp	r3, #0
100086f2:	d068      	beq.n	100087c6 <get_report_complete+0xde>
100086f4:	4b76      	ldr	r3, [pc, #472]	@ (100088d0 <get_report_complete+0x1e8>)
100086f6:	6885      	ldr	r5, [r0, #8]
100086f8:	7819      	ldrb	r1, [r3, #0]
100086fa:	7800      	ldrb	r0, [r0, #0]
100086fc:	792a      	ldrb	r2, [r5, #4]
100086fe:	4281      	cmp	r1, r0
10008700:	d068      	beq.n	100087d4 <get_report_complete+0xec>
10008702:	2190      	movs	r1, #144	@ 0x90
10008704:	5c59      	ldrb	r1, [r3, r1]
10008706:	4281      	cmp	r1, r0
10008708:	d06a      	beq.n	100087e0 <get_report_complete+0xf8>
1000870a:	2190      	movs	r1, #144	@ 0x90
1000870c:	0049      	lsls	r1, r1, #1
1000870e:	5c59      	ldrb	r1, [r3, r1]
10008710:	4281      	cmp	r1, r0
10008712:	d100      	bne.n	10008716 <get_report_complete+0x2e>
10008714:	e06b      	b.n	100087ee <get_report_complete+0x106>
10008716:	21d8      	movs	r1, #216	@ 0xd8
10008718:	0049      	lsls	r1, r1, #1
1000871a:	5c59      	ldrb	r1, [r3, r1]
1000871c:	4281      	cmp	r1, r0
1000871e:	d100      	bne.n	10008722 <get_report_complete+0x3a>
10008720:	e06d      	b.n	100087fe <get_report_complete+0x116>
10008722:	2190      	movs	r1, #144	@ 0x90
10008724:	0089      	lsls	r1, r1, #2
10008726:	5c59      	ldrb	r1, [r3, r1]
10008728:	4281      	cmp	r1, r0
1000872a:	d100      	bne.n	1000872e <get_report_complete+0x46>
1000872c:	e06f      	b.n	1000880e <get_report_complete+0x126>
1000872e:	21b4      	movs	r1, #180	@ 0xb4
10008730:	0089      	lsls	r1, r1, #2
10008732:	5c59      	ldrb	r1, [r3, r1]
10008734:	4281      	cmp	r1, r0
10008736:	d100      	bne.n	1000873a <get_report_complete+0x52>
10008738:	e070      	b.n	1000881c <get_report_complete+0x134>
1000873a:	21d8      	movs	r1, #216	@ 0xd8
1000873c:	0089      	lsls	r1, r1, #2
1000873e:	5c59      	ldrb	r1, [r3, r1]
10008740:	4281      	cmp	r1, r0
10008742:	d100      	bne.n	10008746 <get_report_complete+0x5e>
10008744:	e071      	b.n	1000882a <get_report_complete+0x142>
10008746:	21fc      	movs	r1, #252	@ 0xfc
10008748:	0089      	lsls	r1, r1, #2
1000874a:	5c59      	ldrb	r1, [r3, r1]
1000874c:	4281      	cmp	r1, r0
1000874e:	d100      	bne.n	10008752 <get_report_complete+0x6a>
10008750:	e072      	b.n	10008838 <get_report_complete+0x150>
10008752:	2190      	movs	r1, #144	@ 0x90
10008754:	00c9      	lsls	r1, r1, #3
10008756:	5c59      	ldrb	r1, [r3, r1]
10008758:	4281      	cmp	r1, r0
1000875a:	d100      	bne.n	1000875e <get_report_complete+0x76>
1000875c:	e073      	b.n	10008846 <get_report_complete+0x15e>
1000875e:	21a2      	movs	r1, #162	@ 0xa2
10008760:	00c9      	lsls	r1, r1, #3
10008762:	5c59      	ldrb	r1, [r3, r1]
10008764:	4281      	cmp	r1, r0
10008766:	d100      	bne.n	1000876a <get_report_complete+0x82>
10008768:	e074      	b.n	10008854 <get_report_complete+0x16c>
1000876a:	21b4      	movs	r1, #180	@ 0xb4
1000876c:	00c9      	lsls	r1, r1, #3
1000876e:	5c59      	ldrb	r1, [r3, r1]
10008770:	4281      	cmp	r1, r0
10008772:	d100      	bne.n	10008776 <get_report_complete+0x8e>
10008774:	e075      	b.n	10008862 <get_report_complete+0x17a>
10008776:	21c6      	movs	r1, #198	@ 0xc6
10008778:	00c9      	lsls	r1, r1, #3
1000877a:	5c59      	ldrb	r1, [r3, r1]
1000877c:	4281      	cmp	r1, r0
1000877e:	d100      	bne.n	10008782 <get_report_complete+0x9a>
10008780:	e076      	b.n	10008870 <get_report_complete+0x188>
10008782:	21d8      	movs	r1, #216	@ 0xd8
10008784:	00c9      	lsls	r1, r1, #3
10008786:	5c59      	ldrb	r1, [r3, r1]
10008788:	4281      	cmp	r1, r0
1000878a:	d100      	bne.n	1000878e <get_report_complete+0xa6>
1000878c:	e077      	b.n	1000887e <get_report_complete+0x196>
1000878e:	21ea      	movs	r1, #234	@ 0xea
10008790:	00c9      	lsls	r1, r1, #3
10008792:	5c59      	ldrb	r1, [r3, r1]
10008794:	4281      	cmp	r1, r0
10008796:	d100      	bne.n	1000879a <get_report_complete+0xb2>
10008798:	e078      	b.n	1000888c <get_report_complete+0x1a4>
1000879a:	21fc      	movs	r1, #252	@ 0xfc
1000879c:	00c9      	lsls	r1, r1, #3
1000879e:	5c59      	ldrb	r1, [r3, r1]
100087a0:	4281      	cmp	r1, r0
100087a2:	d100      	bne.n	100087a6 <get_report_complete+0xbe>
100087a4:	e079      	b.n	1000889a <get_report_complete+0x1b2>
100087a6:	2187      	movs	r1, #135	@ 0x87
100087a8:	0109      	lsls	r1, r1, #4
100087aa:	5c5e      	ldrb	r6, [r3, r1]
100087ac:	21ff      	movs	r1, #255	@ 0xff
100087ae:	4286      	cmp	r6, r0
100087b0:	d100      	bne.n	100087b4 <get_report_complete+0xcc>
100087b2:	e079      	b.n	100088a8 <get_report_complete+0x1c0>
100087b4:	78e6      	ldrb	r6, [r4, #3]
100087b6:	78eb      	ldrb	r3, [r5, #3]
100087b8:	2400      	movs	r4, #0
100087ba:	78aa      	ldrb	r2, [r5, #2]
100087bc:	2e00      	cmp	r6, #0
100087be:	d004      	beq.n	100087ca <get_report_complete+0xe2>
100087c0:	9400      	str	r4, [sp, #0]
100087c2:	f7f8 f9ef 	bl	10000ba4 <tuh_hid_get_report_complete_cb>
100087c6:	b002      	add	sp, #8
100087c8:	bd70      	pop	{r4, r5, r6, pc}
100087ca:	79ec      	ldrb	r4, [r5, #7]
100087cc:	79ae      	ldrb	r6, [r5, #6]
100087ce:	0224      	lsls	r4, r4, #8
100087d0:	4334      	orrs	r4, r6
100087d2:	e7f5      	b.n	100087c0 <get_report_complete+0xd8>
100087d4:	7859      	ldrb	r1, [r3, #1]
100087d6:	4291      	cmp	r1, r2
100087d8:	d000      	beq.n	100087dc <get_report_complete+0xf4>
100087da:	e792      	b.n	10008702 <get_report_complete+0x1a>
100087dc:	2100      	movs	r1, #0
100087de:	e7e9      	b.n	100087b4 <get_report_complete+0xcc>
100087e0:	2191      	movs	r1, #145	@ 0x91
100087e2:	5c59      	ldrb	r1, [r3, r1]
100087e4:	4291      	cmp	r1, r2
100087e6:	d000      	beq.n	100087ea <get_report_complete+0x102>
100087e8:	e78f      	b.n	1000870a <get_report_complete+0x22>
100087ea:	2101      	movs	r1, #1
100087ec:	e7e2      	b.n	100087b4 <get_report_complete+0xcc>
100087ee:	2122      	movs	r1, #34	@ 0x22
100087f0:	31ff      	adds	r1, #255	@ 0xff
100087f2:	5c59      	ldrb	r1, [r3, r1]
100087f4:	4291      	cmp	r1, r2
100087f6:	d000      	beq.n	100087fa <get_report_complete+0x112>
100087f8:	e78d      	b.n	10008716 <get_report_complete+0x2e>
100087fa:	2102      	movs	r1, #2
100087fc:	e7da      	b.n	100087b4 <get_report_complete+0xcc>
100087fe:	21b2      	movs	r1, #178	@ 0xb2
10008800:	31ff      	adds	r1, #255	@ 0xff
10008802:	5c59      	ldrb	r1, [r3, r1]
10008804:	4291      	cmp	r1, r2
10008806:	d000      	beq.n	1000880a <get_report_complete+0x122>
10008808:	e78b      	b.n	10008722 <get_report_complete+0x3a>
1000880a:	2103      	movs	r1, #3
1000880c:	e7d2      	b.n	100087b4 <get_report_complete+0xcc>
1000880e:	4931      	ldr	r1, [pc, #196]	@ (100088d4 <get_report_complete+0x1ec>)
10008810:	5c59      	ldrb	r1, [r3, r1]
10008812:	4291      	cmp	r1, r2
10008814:	d000      	beq.n	10008818 <get_report_complete+0x130>
10008816:	e78a      	b.n	1000872e <get_report_complete+0x46>
10008818:	2104      	movs	r1, #4
1000881a:	e7cb      	b.n	100087b4 <get_report_complete+0xcc>
1000881c:	492e      	ldr	r1, [pc, #184]	@ (100088d8 <get_report_complete+0x1f0>)
1000881e:	5c59      	ldrb	r1, [r3, r1]
10008820:	4291      	cmp	r1, r2
10008822:	d000      	beq.n	10008826 <get_report_complete+0x13e>
10008824:	e789      	b.n	1000873a <get_report_complete+0x52>
10008826:	2105      	movs	r1, #5
10008828:	e7c4      	b.n	100087b4 <get_report_complete+0xcc>
1000882a:	492c      	ldr	r1, [pc, #176]	@ (100088dc <get_report_complete+0x1f4>)
1000882c:	5c59      	ldrb	r1, [r3, r1]
1000882e:	4291      	cmp	r1, r2
10008830:	d000      	beq.n	10008834 <get_report_complete+0x14c>
10008832:	e788      	b.n	10008746 <get_report_complete+0x5e>
10008834:	2106      	movs	r1, #6
10008836:	e7bd      	b.n	100087b4 <get_report_complete+0xcc>
10008838:	4929      	ldr	r1, [pc, #164]	@ (100088e0 <get_report_complete+0x1f8>)
1000883a:	5c59      	ldrb	r1, [r3, r1]
1000883c:	4291      	cmp	r1, r2
1000883e:	d000      	beq.n	10008842 <get_report_complete+0x15a>
10008840:	e787      	b.n	10008752 <get_report_complete+0x6a>
10008842:	2107      	movs	r1, #7
10008844:	e7b6      	b.n	100087b4 <get_report_complete+0xcc>
10008846:	4927      	ldr	r1, [pc, #156]	@ (100088e4 <get_report_complete+0x1fc>)
10008848:	5c59      	ldrb	r1, [r3, r1]
1000884a:	4291      	cmp	r1, r2
1000884c:	d000      	beq.n	10008850 <get_report_complete+0x168>
1000884e:	e786      	b.n	1000875e <get_report_complete+0x76>
10008850:	2108      	movs	r1, #8
10008852:	e7af      	b.n	100087b4 <get_report_complete+0xcc>
10008854:	4924      	ldr	r1, [pc, #144]	@ (100088e8 <get_report_complete+0x200>)
10008856:	5c59      	ldrb	r1, [r3, r1]
10008858:	4291      	cmp	r1, r2
1000885a:	d000      	beq.n	1000885e <get_report_complete+0x176>
1000885c:	e785      	b.n	1000876a <get_report_complete+0x82>
1000885e:	2109      	movs	r1, #9
10008860:	e7a8      	b.n	100087b4 <get_report_complete+0xcc>
10008862:	4922      	ldr	r1, [pc, #136]	@ (100088ec <get_report_complete+0x204>)
10008864:	5c59      	ldrb	r1, [r3, r1]
10008866:	4291      	cmp	r1, r2
10008868:	d000      	beq.n	1000886c <get_report_complete+0x184>
1000886a:	e784      	b.n	10008776 <get_report_complete+0x8e>
1000886c:	210a      	movs	r1, #10
1000886e:	e7a1      	b.n	100087b4 <get_report_complete+0xcc>
10008870:	491f      	ldr	r1, [pc, #124]	@ (100088f0 <get_report_complete+0x208>)
10008872:	5c59      	ldrb	r1, [r3, r1]
10008874:	4291      	cmp	r1, r2
10008876:	d000      	beq.n	1000887a <get_report_complete+0x192>
10008878:	e783      	b.n	10008782 <get_report_complete+0x9a>
1000887a:	210b      	movs	r1, #11
1000887c:	e79a      	b.n	100087b4 <get_report_complete+0xcc>
1000887e:	491d      	ldr	r1, [pc, #116]	@ (100088f4 <get_report_complete+0x20c>)
10008880:	5c59      	ldrb	r1, [r3, r1]
10008882:	4291      	cmp	r1, r2
10008884:	d000      	beq.n	10008888 <get_report_complete+0x1a0>
10008886:	e782      	b.n	1000878e <get_report_complete+0xa6>
10008888:	210c      	movs	r1, #12
1000888a:	e793      	b.n	100087b4 <get_report_complete+0xcc>
1000888c:	491a      	ldr	r1, [pc, #104]	@ (100088f8 <get_report_complete+0x210>)
1000888e:	5c59      	ldrb	r1, [r3, r1]
10008890:	4291      	cmp	r1, r2
10008892:	d000      	beq.n	10008896 <get_report_complete+0x1ae>
10008894:	e781      	b.n	1000879a <get_report_complete+0xb2>
10008896:	210d      	movs	r1, #13
10008898:	e78c      	b.n	100087b4 <get_report_complete+0xcc>
1000889a:	4918      	ldr	r1, [pc, #96]	@ (100088fc <get_report_complete+0x214>)
1000889c:	5c59      	ldrb	r1, [r3, r1]
1000889e:	4291      	cmp	r1, r2
100088a0:	d000      	beq.n	100088a4 <get_report_complete+0x1bc>
100088a2:	e780      	b.n	100087a6 <get_report_complete+0xbe>
100088a4:	210e      	movs	r1, #14
100088a6:	e785      	b.n	100087b4 <get_report_complete+0xcc>
100088a8:	4915      	ldr	r1, [pc, #84]	@ (10008900 <get_report_complete+0x218>)
100088aa:	78e6      	ldrb	r6, [r4, #3]
100088ac:	5c5b      	ldrb	r3, [r3, r1]
100088ae:	21f0      	movs	r1, #240	@ 0xf0
100088b0:	1a9b      	subs	r3, r3, r2
100088b2:	1e5a      	subs	r2, r3, #1
100088b4:	4193      	sbcs	r3, r2
100088b6:	425b      	negs	r3, r3
100088b8:	4019      	ands	r1, r3
100088ba:	2400      	movs	r4, #0
100088bc:	78eb      	ldrb	r3, [r5, #3]
100088be:	78aa      	ldrb	r2, [r5, #2]
100088c0:	310f      	adds	r1, #15
100088c2:	2e00      	cmp	r6, #0
100088c4:	d000      	beq.n	100088c8 <get_report_complete+0x1e0>
100088c6:	e77b      	b.n	100087c0 <get_report_complete+0xd8>
100088c8:	e77f      	b.n	100087ca <get_report_complete+0xe2>
100088ca:	46c0      	nop			@ (mov r8, r8)
100088cc:	10000ba5 	.word	0x10000ba5
100088d0:	20001190 	.word	0x20001190
100088d4:	00000241 	.word	0x00000241
100088d8:	000002d1 	.word	0x000002d1
100088dc:	00000361 	.word	0x00000361
100088e0:	000003f1 	.word	0x000003f1
100088e4:	00000481 	.word	0x00000481
100088e8:	00000511 	.word	0x00000511
100088ec:	000005a1 	.word	0x000005a1
100088f0:	00000631 	.word	0x00000631
100088f4:	000006c1 	.word	0x000006c1
100088f8:	00000751 	.word	0x00000751
100088fc:	000007e1 	.word	0x000007e1
10008900:	00000871 	.word	0x00000871

10008904 <set_report_complete>:
10008904:	b570      	push	{r4, r5, r6, lr}
10008906:	4b78      	ldr	r3, [pc, #480]	@ (10008ae8 <set_report_complete+0x1e4>)
10008908:	0004      	movs	r4, r0
1000890a:	b082      	sub	sp, #8
1000890c:	2b00      	cmp	r3, #0
1000890e:	d068      	beq.n	100089e2 <set_report_complete+0xde>
10008910:	4b76      	ldr	r3, [pc, #472]	@ (10008aec <set_report_complete+0x1e8>)
10008912:	6885      	ldr	r5, [r0, #8]
10008914:	7819      	ldrb	r1, [r3, #0]
10008916:	7800      	ldrb	r0, [r0, #0]
10008918:	792a      	ldrb	r2, [r5, #4]
1000891a:	4281      	cmp	r1, r0
1000891c:	d068      	beq.n	100089f0 <set_report_complete+0xec>
1000891e:	2190      	movs	r1, #144	@ 0x90
10008920:	5c59      	ldrb	r1, [r3, r1]
10008922:	4281      	cmp	r1, r0
10008924:	d06a      	beq.n	100089fc <set_report_complete+0xf8>
10008926:	2190      	movs	r1, #144	@ 0x90
10008928:	0049      	lsls	r1, r1, #1
1000892a:	5c59      	ldrb	r1, [r3, r1]
1000892c:	4281      	cmp	r1, r0
1000892e:	d100      	bne.n	10008932 <set_report_complete+0x2e>
10008930:	e06b      	b.n	10008a0a <set_report_complete+0x106>
10008932:	21d8      	movs	r1, #216	@ 0xd8
10008934:	0049      	lsls	r1, r1, #1
10008936:	5c59      	ldrb	r1, [r3, r1]
10008938:	4281      	cmp	r1, r0
1000893a:	d100      	bne.n	1000893e <set_report_complete+0x3a>
1000893c:	e06d      	b.n	10008a1a <set_report_complete+0x116>
1000893e:	2190      	movs	r1, #144	@ 0x90
10008940:	0089      	lsls	r1, r1, #2
10008942:	5c59      	ldrb	r1, [r3, r1]
10008944:	4281      	cmp	r1, r0
10008946:	d100      	bne.n	1000894a <set_report_complete+0x46>
10008948:	e06f      	b.n	10008a2a <set_report_complete+0x126>
1000894a:	21b4      	movs	r1, #180	@ 0xb4
1000894c:	0089      	lsls	r1, r1, #2
1000894e:	5c59      	ldrb	r1, [r3, r1]
10008950:	4281      	cmp	r1, r0
10008952:	d100      	bne.n	10008956 <set_report_complete+0x52>
10008954:	e070      	b.n	10008a38 <set_report_complete+0x134>
10008956:	21d8      	movs	r1, #216	@ 0xd8
10008958:	0089      	lsls	r1, r1, #2
1000895a:	5c59      	ldrb	r1, [r3, r1]
1000895c:	4281      	cmp	r1, r0
1000895e:	d100      	bne.n	10008962 <set_report_complete+0x5e>
10008960:	e071      	b.n	10008a46 <set_report_complete+0x142>
10008962:	21fc      	movs	r1, #252	@ 0xfc
10008964:	0089      	lsls	r1, r1, #2
10008966:	5c59      	ldrb	r1, [r3, r1]
10008968:	4281      	cmp	r1, r0
1000896a:	d100      	bne.n	1000896e <set_report_complete+0x6a>
1000896c:	e072      	b.n	10008a54 <set_report_complete+0x150>
1000896e:	2190      	movs	r1, #144	@ 0x90
10008970:	00c9      	lsls	r1, r1, #3
10008972:	5c59      	ldrb	r1, [r3, r1]
10008974:	4281      	cmp	r1, r0
10008976:	d100      	bne.n	1000897a <set_report_complete+0x76>
10008978:	e073      	b.n	10008a62 <set_report_complete+0x15e>
1000897a:	21a2      	movs	r1, #162	@ 0xa2
1000897c:	00c9      	lsls	r1, r1, #3
1000897e:	5c59      	ldrb	r1, [r3, r1]
10008980:	4281      	cmp	r1, r0
10008982:	d100      	bne.n	10008986 <set_report_complete+0x82>
10008984:	e074      	b.n	10008a70 <set_report_complete+0x16c>
10008986:	21b4      	movs	r1, #180	@ 0xb4
10008988:	00c9      	lsls	r1, r1, #3
1000898a:	5c59      	ldrb	r1, [r3, r1]
1000898c:	4281      	cmp	r1, r0
1000898e:	d100      	bne.n	10008992 <set_report_complete+0x8e>
10008990:	e075      	b.n	10008a7e <set_report_complete+0x17a>
10008992:	21c6      	movs	r1, #198	@ 0xc6
10008994:	00c9      	lsls	r1, r1, #3
10008996:	5c59      	ldrb	r1, [r3, r1]
10008998:	4281      	cmp	r1, r0
1000899a:	d100      	bne.n	1000899e <set_report_complete+0x9a>
1000899c:	e076      	b.n	10008a8c <set_report_complete+0x188>
1000899e:	21d8      	movs	r1, #216	@ 0xd8
100089a0:	00c9      	lsls	r1, r1, #3
100089a2:	5c59      	ldrb	r1, [r3, r1]
100089a4:	4281      	cmp	r1, r0
100089a6:	d100      	bne.n	100089aa <set_report_complete+0xa6>
100089a8:	e077      	b.n	10008a9a <set_report_complete+0x196>
100089aa:	21ea      	movs	r1, #234	@ 0xea
100089ac:	00c9      	lsls	r1, r1, #3
100089ae:	5c59      	ldrb	r1, [r3, r1]
100089b0:	4281      	cmp	r1, r0
100089b2:	d100      	bne.n	100089b6 <set_report_complete+0xb2>
100089b4:	e078      	b.n	10008aa8 <set_report_complete+0x1a4>
100089b6:	21fc      	movs	r1, #252	@ 0xfc
100089b8:	00c9      	lsls	r1, r1, #3
100089ba:	5c59      	ldrb	r1, [r3, r1]
100089bc:	4281      	cmp	r1, r0
100089be:	d100      	bne.n	100089c2 <set_report_complete+0xbe>
100089c0:	e079      	b.n	10008ab6 <set_report_complete+0x1b2>
100089c2:	2187      	movs	r1, #135	@ 0x87
100089c4:	0109      	lsls	r1, r1, #4
100089c6:	5c5e      	ldrb	r6, [r3, r1]
100089c8:	21ff      	movs	r1, #255	@ 0xff
100089ca:	4286      	cmp	r6, r0
100089cc:	d100      	bne.n	100089d0 <set_report_complete+0xcc>
100089ce:	e079      	b.n	10008ac4 <set_report_complete+0x1c0>
100089d0:	78e6      	ldrb	r6, [r4, #3]
100089d2:	78eb      	ldrb	r3, [r5, #3]
100089d4:	2400      	movs	r4, #0
100089d6:	78aa      	ldrb	r2, [r5, #2]
100089d8:	2e00      	cmp	r6, #0
100089da:	d004      	beq.n	100089e6 <set_report_complete+0xe2>
100089dc:	9400      	str	r4, [sp, #0]
100089de:	f7f8 f8d7 	bl	10000b90 <tuh_hid_set_report_complete_cb>
100089e2:	b002      	add	sp, #8
100089e4:	bd70      	pop	{r4, r5, r6, pc}
100089e6:	79ec      	ldrb	r4, [r5, #7]
100089e8:	79ae      	ldrb	r6, [r5, #6]
100089ea:	0224      	lsls	r4, r4, #8
100089ec:	4334      	orrs	r4, r6
100089ee:	e7f5      	b.n	100089dc <set_report_complete+0xd8>
100089f0:	7859      	ldrb	r1, [r3, #1]
100089f2:	4291      	cmp	r1, r2
100089f4:	d000      	beq.n	100089f8 <set_report_complete+0xf4>
100089f6:	e792      	b.n	1000891e <set_report_complete+0x1a>
100089f8:	2100      	movs	r1, #0
100089fa:	e7e9      	b.n	100089d0 <set_report_complete+0xcc>
100089fc:	2191      	movs	r1, #145	@ 0x91
100089fe:	5c59      	ldrb	r1, [r3, r1]
10008a00:	4291      	cmp	r1, r2
10008a02:	d000      	beq.n	10008a06 <set_report_complete+0x102>
10008a04:	e78f      	b.n	10008926 <set_report_complete+0x22>
10008a06:	2101      	movs	r1, #1
10008a08:	e7e2      	b.n	100089d0 <set_report_complete+0xcc>
10008a0a:	2122      	movs	r1, #34	@ 0x22
10008a0c:	31ff      	adds	r1, #255	@ 0xff
10008a0e:	5c59      	ldrb	r1, [r3, r1]
10008a10:	4291      	cmp	r1, r2
10008a12:	d000      	beq.n	10008a16 <set_report_complete+0x112>
10008a14:	e78d      	b.n	10008932 <set_report_complete+0x2e>
10008a16:	2102      	movs	r1, #2
10008a18:	e7da      	b.n	100089d0 <set_report_complete+0xcc>
10008a1a:	21b2      	movs	r1, #178	@ 0xb2
10008a1c:	31ff      	adds	r1, #255	@ 0xff
10008a1e:	5c59      	ldrb	r1, [r3, r1]
10008a20:	4291      	cmp	r1, r2
10008a22:	d000      	beq.n	10008a26 <set_report_complete+0x122>
10008a24:	e78b      	b.n	1000893e <set_report_complete+0x3a>
10008a26:	2103      	movs	r1, #3
10008a28:	e7d2      	b.n	100089d0 <set_report_complete+0xcc>
10008a2a:	4931      	ldr	r1, [pc, #196]	@ (10008af0 <set_report_complete+0x1ec>)
10008a2c:	5c59      	ldrb	r1, [r3, r1]
10008a2e:	4291      	cmp	r1, r2
10008a30:	d000      	beq.n	10008a34 <set_report_complete+0x130>
10008a32:	e78a      	b.n	1000894a <set_report_complete+0x46>
10008a34:	2104      	movs	r1, #4
10008a36:	e7cb      	b.n	100089d0 <set_report_complete+0xcc>
10008a38:	492e      	ldr	r1, [pc, #184]	@ (10008af4 <set_report_complete+0x1f0>)
10008a3a:	5c59      	ldrb	r1, [r3, r1]
10008a3c:	4291      	cmp	r1, r2
10008a3e:	d000      	beq.n	10008a42 <set_report_complete+0x13e>
10008a40:	e789      	b.n	10008956 <set_report_complete+0x52>
10008a42:	2105      	movs	r1, #5
10008a44:	e7c4      	b.n	100089d0 <set_report_complete+0xcc>
10008a46:	492c      	ldr	r1, [pc, #176]	@ (10008af8 <set_report_complete+0x1f4>)
10008a48:	5c59      	ldrb	r1, [r3, r1]
10008a4a:	4291      	cmp	r1, r2
10008a4c:	d000      	beq.n	10008a50 <set_report_complete+0x14c>
10008a4e:	e788      	b.n	10008962 <set_report_complete+0x5e>
10008a50:	2106      	movs	r1, #6
10008a52:	e7bd      	b.n	100089d0 <set_report_complete+0xcc>
10008a54:	4929      	ldr	r1, [pc, #164]	@ (10008afc <set_report_complete+0x1f8>)
10008a56:	5c59      	ldrb	r1, [r3, r1]
10008a58:	4291      	cmp	r1, r2
10008a5a:	d000      	beq.n	10008a5e <set_report_complete+0x15a>
10008a5c:	e787      	b.n	1000896e <set_report_complete+0x6a>
10008a5e:	2107      	movs	r1, #7
10008a60:	e7b6      	b.n	100089d0 <set_report_complete+0xcc>
10008a62:	4927      	ldr	r1, [pc, #156]	@ (10008b00 <set_report_complete+0x1fc>)
10008a64:	5c59      	ldrb	r1, [r3, r1]
10008a66:	4291      	cmp	r1, r2
10008a68:	d000      	beq.n	10008a6c <set_report_complete+0x168>
10008a6a:	e786      	b.n	1000897a <set_report_complete+0x76>
10008a6c:	2108      	movs	r1, #8
10008a6e:	e7af      	b.n	100089d0 <set_report_complete+0xcc>
10008a70:	4924      	ldr	r1, [pc, #144]	@ (10008b04 <set_report_complete+0x200>)
10008a72:	5c59      	ldrb	r1, [r3, r1]
10008a74:	4291      	cmp	r1, r2
10008a76:	d000      	beq.n	10008a7a <set_report_complete+0x176>
10008a78:	e785      	b.n	10008986 <set_report_complete+0x82>
10008a7a:	2109      	movs	r1, #9
10008a7c:	e7a8      	b.n	100089d0 <set_report_complete+0xcc>
10008a7e:	4922      	ldr	r1, [pc, #136]	@ (10008b08 <set_report_complete+0x204>)
10008a80:	5c59      	ldrb	r1, [r3, r1]
10008a82:	4291      	cmp	r1, r2
10008a84:	d000      	beq.n	10008a88 <set_report_complete+0x184>
10008a86:	e784      	b.n	10008992 <set_report_complete+0x8e>
10008a88:	210a      	movs	r1, #10
10008a8a:	e7a1      	b.n	100089d0 <set_report_complete+0xcc>
10008a8c:	491f      	ldr	r1, [pc, #124]	@ (10008b0c <set_report_complete+0x208>)
10008a8e:	5c59      	ldrb	r1, [r3, r1]
10008a90:	4291      	cmp	r1, r2
10008a92:	d000      	beq.n	10008a96 <set_report_complete+0x192>
10008a94:	e783      	b.n	1000899e <set_report_complete+0x9a>
10008a96:	210b      	movs	r1, #11
10008a98:	e79a      	b.n	100089d0 <set_report_complete+0xcc>
10008a9a:	491d      	ldr	r1, [pc, #116]	@ (10008b10 <set_report_complete+0x20c>)
10008a9c:	5c59      	ldrb	r1, [r3, r1]
10008a9e:	4291      	cmp	r1, r2
10008aa0:	d000      	beq.n	10008aa4 <set_report_complete+0x1a0>
10008aa2:	e782      	b.n	100089aa <set_report_complete+0xa6>
10008aa4:	210c      	movs	r1, #12
10008aa6:	e793      	b.n	100089d0 <set_report_complete+0xcc>
10008aa8:	491a      	ldr	r1, [pc, #104]	@ (10008b14 <set_report_complete+0x210>)
10008aaa:	5c59      	ldrb	r1, [r3, r1]
10008aac:	4291      	cmp	r1, r2
10008aae:	d000      	beq.n	10008ab2 <set_report_complete+0x1ae>
10008ab0:	e781      	b.n	100089b6 <set_report_complete+0xb2>
10008ab2:	210d      	movs	r1, #13
10008ab4:	e78c      	b.n	100089d0 <set_report_complete+0xcc>
10008ab6:	4918      	ldr	r1, [pc, #96]	@ (10008b18 <set_report_complete+0x214>)
10008ab8:	5c59      	ldrb	r1, [r3, r1]
10008aba:	4291      	cmp	r1, r2
10008abc:	d000      	beq.n	10008ac0 <set_report_complete+0x1bc>
10008abe:	e780      	b.n	100089c2 <set_report_complete+0xbe>
10008ac0:	210e      	movs	r1, #14
10008ac2:	e785      	b.n	100089d0 <set_report_complete+0xcc>
10008ac4:	4915      	ldr	r1, [pc, #84]	@ (10008b1c <set_report_complete+0x218>)
10008ac6:	78e6      	ldrb	r6, [r4, #3]
10008ac8:	5c5b      	ldrb	r3, [r3, r1]
10008aca:	21f0      	movs	r1, #240	@ 0xf0
10008acc:	1a9b      	subs	r3, r3, r2
10008ace:	1e5a      	subs	r2, r3, #1
10008ad0:	4193      	sbcs	r3, r2
10008ad2:	425b      	negs	r3, r3
10008ad4:	4019      	ands	r1, r3
10008ad6:	2400      	movs	r4, #0
10008ad8:	78eb      	ldrb	r3, [r5, #3]
10008ada:	78aa      	ldrb	r2, [r5, #2]
10008adc:	310f      	adds	r1, #15
10008ade:	2e00      	cmp	r6, #0
10008ae0:	d000      	beq.n	10008ae4 <set_report_complete+0x1e0>
10008ae2:	e77b      	b.n	100089dc <set_report_complete+0xd8>
10008ae4:	e77f      	b.n	100089e6 <set_report_complete+0xe2>
10008ae6:	46c0      	nop			@ (mov r8, r8)
10008ae8:	10000b91 	.word	0x10000b91
10008aec:	20001190 	.word	0x20001190
10008af0:	00000241 	.word	0x00000241
10008af4:	000002d1 	.word	0x000002d1
10008af8:	00000361 	.word	0x00000361
10008afc:	000003f1 	.word	0x000003f1
10008b00:	00000481 	.word	0x00000481
10008b04:	00000511 	.word	0x00000511
10008b08:	000005a1 	.word	0x000005a1
10008b0c:	00000631 	.word	0x00000631
10008b10:	000006c1 	.word	0x000006c1
10008b14:	00000751 	.word	0x00000751
10008b18:	000007e1 	.word	0x000007e1
10008b1c:	00000871 	.word	0x00000871

10008b20 <process_set_config>:
10008b20:	b5f0      	push	{r4, r5, r6, r7, lr}
10008b22:	464f      	mov	r7, r9
10008b24:	46d6      	mov	lr, sl
10008b26:	4646      	mov	r6, r8
10008b28:	b5c0      	push	{r6, r7, lr}
10008b2a:	6882      	ldr	r2, [r0, #8]
10008b2c:	0007      	movs	r7, r0
10008b2e:	7853      	ldrb	r3, [r2, #1]
10008b30:	b08c      	sub	sp, #48	@ 0x30
10008b32:	3b0a      	subs	r3, #10
10008b34:	2b01      	cmp	r3, #1
10008b36:	d902      	bls.n	10008b3e <process_set_config+0x1e>
10008b38:	78c3      	ldrb	r3, [r0, #3]
10008b3a:	2b00      	cmp	r3, #0
10008b3c:	d155      	bne.n	10008bea <process_set_config+0xca>
10008b3e:	4cbb      	ldr	r4, [pc, #748]	@ (10008e2c <process_set_config+0x30c>)
10008b40:	7953      	ldrb	r3, [r2, #5]
10008b42:	7916      	ldrb	r6, [r2, #4]
10008b44:	783d      	ldrb	r5, [r7, #0]
10008b46:	7822      	ldrb	r2, [r4, #0]
10008b48:	021b      	lsls	r3, r3, #8
10008b4a:	4333      	orrs	r3, r6
10008b4c:	42aa      	cmp	r2, r5
10008b4e:	d100      	bne.n	10008b52 <process_set_config+0x32>
10008b50:	e0ba      	b.n	10008cc8 <process_set_config+0x1a8>
10008b52:	2290      	movs	r2, #144	@ 0x90
10008b54:	5ca2      	ldrb	r2, [r4, r2]
10008b56:	42aa      	cmp	r2, r5
10008b58:	d100      	bne.n	10008b5c <process_set_config+0x3c>
10008b5a:	e0bd      	b.n	10008cd8 <process_set_config+0x1b8>
10008b5c:	2290      	movs	r2, #144	@ 0x90
10008b5e:	0052      	lsls	r2, r2, #1
10008b60:	5ca2      	ldrb	r2, [r4, r2]
10008b62:	42aa      	cmp	r2, r5
10008b64:	d100      	bne.n	10008b68 <process_set_config+0x48>
10008b66:	e0c0      	b.n	10008cea <process_set_config+0x1ca>
10008b68:	22d8      	movs	r2, #216	@ 0xd8
10008b6a:	0052      	lsls	r2, r2, #1
10008b6c:	5ca2      	ldrb	r2, [r4, r2]
10008b6e:	42aa      	cmp	r2, r5
10008b70:	d041      	beq.n	10008bf6 <process_set_config+0xd6>
10008b72:	2290      	movs	r2, #144	@ 0x90
10008b74:	0092      	lsls	r2, r2, #2
10008b76:	5ca2      	ldrb	r2, [r4, r2]
10008b78:	42aa      	cmp	r2, r5
10008b7a:	d045      	beq.n	10008c08 <process_set_config+0xe8>
10008b7c:	22b4      	movs	r2, #180	@ 0xb4
10008b7e:	0092      	lsls	r2, r2, #2
10008b80:	5ca2      	ldrb	r2, [r4, r2]
10008b82:	42aa      	cmp	r2, r5
10008b84:	d048      	beq.n	10008c18 <process_set_config+0xf8>
10008b86:	22d8      	movs	r2, #216	@ 0xd8
10008b88:	0092      	lsls	r2, r2, #2
10008b8a:	5ca2      	ldrb	r2, [r4, r2]
10008b8c:	42aa      	cmp	r2, r5
10008b8e:	d04b      	beq.n	10008c28 <process_set_config+0x108>
10008b90:	22fc      	movs	r2, #252	@ 0xfc
10008b92:	0092      	lsls	r2, r2, #2
10008b94:	5ca2      	ldrb	r2, [r4, r2]
10008b96:	42aa      	cmp	r2, r5
10008b98:	d04e      	beq.n	10008c38 <process_set_config+0x118>
10008b9a:	2290      	movs	r2, #144	@ 0x90
10008b9c:	00d2      	lsls	r2, r2, #3
10008b9e:	5ca2      	ldrb	r2, [r4, r2]
10008ba0:	42aa      	cmp	r2, r5
10008ba2:	d051      	beq.n	10008c48 <process_set_config+0x128>
10008ba4:	22a2      	movs	r2, #162	@ 0xa2
10008ba6:	00d2      	lsls	r2, r2, #3
10008ba8:	5ca2      	ldrb	r2, [r4, r2]
10008baa:	42aa      	cmp	r2, r5
10008bac:	d054      	beq.n	10008c58 <process_set_config+0x138>
10008bae:	22b4      	movs	r2, #180	@ 0xb4
10008bb0:	00d2      	lsls	r2, r2, #3
10008bb2:	5ca2      	ldrb	r2, [r4, r2]
10008bb4:	42aa      	cmp	r2, r5
10008bb6:	d057      	beq.n	10008c68 <process_set_config+0x148>
10008bb8:	22c6      	movs	r2, #198	@ 0xc6
10008bba:	00d2      	lsls	r2, r2, #3
10008bbc:	5ca2      	ldrb	r2, [r4, r2]
10008bbe:	42aa      	cmp	r2, r5
10008bc0:	d05a      	beq.n	10008c78 <process_set_config+0x158>
10008bc2:	22d8      	movs	r2, #216	@ 0xd8
10008bc4:	00d2      	lsls	r2, r2, #3
10008bc6:	5ca2      	ldrb	r2, [r4, r2]
10008bc8:	42aa      	cmp	r2, r5
10008bca:	d05d      	beq.n	10008c88 <process_set_config+0x168>
10008bcc:	22ea      	movs	r2, #234	@ 0xea
10008bce:	00d2      	lsls	r2, r2, #3
10008bd0:	5ca2      	ldrb	r2, [r4, r2]
10008bd2:	42aa      	cmp	r2, r5
10008bd4:	d060      	beq.n	10008c98 <process_set_config+0x178>
10008bd6:	22fc      	movs	r2, #252	@ 0xfc
10008bd8:	00d2      	lsls	r2, r2, #3
10008bda:	5ca2      	ldrb	r2, [r4, r2]
10008bdc:	42aa      	cmp	r2, r5
10008bde:	d063      	beq.n	10008ca8 <process_set_config+0x188>
10008be0:	2287      	movs	r2, #135	@ 0x87
10008be2:	0112      	lsls	r2, r2, #4
10008be4:	5ca2      	ldrb	r2, [r4, r2]
10008be6:	42aa      	cmp	r2, r5
10008be8:	d066      	beq.n	10008cb8 <process_set_config+0x198>
10008bea:	b00c      	add	sp, #48	@ 0x30
10008bec:	bce0      	pop	{r5, r6, r7}
10008bee:	46ba      	mov	sl, r7
10008bf0:	46b1      	mov	r9, r6
10008bf2:	46a8      	mov	r8, r5
10008bf4:	bdf0      	pop	{r4, r5, r6, r7, pc}
10008bf6:	22b2      	movs	r2, #178	@ 0xb2
10008bf8:	32ff      	adds	r2, #255	@ 0xff
10008bfa:	5ca2      	ldrb	r2, [r4, r2]
10008bfc:	42b2      	cmp	r2, r6
10008bfe:	d1b8      	bne.n	10008b72 <process_set_config+0x52>
10008c00:	2203      	movs	r2, #3
10008c02:	4691      	mov	r9, r2
10008c04:	4690      	mov	r8, r2
10008c06:	e079      	b.n	10008cfc <process_set_config+0x1dc>
10008c08:	4a89      	ldr	r2, [pc, #548]	@ (10008e30 <process_set_config+0x310>)
10008c0a:	5ca2      	ldrb	r2, [r4, r2]
10008c0c:	42b2      	cmp	r2, r6
10008c0e:	d1b5      	bne.n	10008b7c <process_set_config+0x5c>
10008c10:	2204      	movs	r2, #4
10008c12:	4691      	mov	r9, r2
10008c14:	4690      	mov	r8, r2
10008c16:	e071      	b.n	10008cfc <process_set_config+0x1dc>
10008c18:	4a86      	ldr	r2, [pc, #536]	@ (10008e34 <process_set_config+0x314>)
10008c1a:	5ca2      	ldrb	r2, [r4, r2]
10008c1c:	42b2      	cmp	r2, r6
10008c1e:	d1b2      	bne.n	10008b86 <process_set_config+0x66>
10008c20:	2205      	movs	r2, #5
10008c22:	4691      	mov	r9, r2
10008c24:	4690      	mov	r8, r2
10008c26:	e069      	b.n	10008cfc <process_set_config+0x1dc>
10008c28:	4a83      	ldr	r2, [pc, #524]	@ (10008e38 <process_set_config+0x318>)
10008c2a:	5ca2      	ldrb	r2, [r4, r2]
10008c2c:	42b2      	cmp	r2, r6
10008c2e:	d1af      	bne.n	10008b90 <process_set_config+0x70>
10008c30:	2206      	movs	r2, #6
10008c32:	4691      	mov	r9, r2
10008c34:	4690      	mov	r8, r2
10008c36:	e061      	b.n	10008cfc <process_set_config+0x1dc>
10008c38:	4a80      	ldr	r2, [pc, #512]	@ (10008e3c <process_set_config+0x31c>)
10008c3a:	5ca2      	ldrb	r2, [r4, r2]
10008c3c:	42b2      	cmp	r2, r6
10008c3e:	d1ac      	bne.n	10008b9a <process_set_config+0x7a>
10008c40:	2207      	movs	r2, #7
10008c42:	4691      	mov	r9, r2
10008c44:	4690      	mov	r8, r2
10008c46:	e059      	b.n	10008cfc <process_set_config+0x1dc>
10008c48:	4a7d      	ldr	r2, [pc, #500]	@ (10008e40 <process_set_config+0x320>)
10008c4a:	5ca2      	ldrb	r2, [r4, r2]
10008c4c:	42b2      	cmp	r2, r6
10008c4e:	d1a9      	bne.n	10008ba4 <process_set_config+0x84>
10008c50:	2208      	movs	r2, #8
10008c52:	4691      	mov	r9, r2
10008c54:	4690      	mov	r8, r2
10008c56:	e051      	b.n	10008cfc <process_set_config+0x1dc>
10008c58:	4a7a      	ldr	r2, [pc, #488]	@ (10008e44 <process_set_config+0x324>)
10008c5a:	5ca2      	ldrb	r2, [r4, r2]
10008c5c:	42b2      	cmp	r2, r6
10008c5e:	d1a6      	bne.n	10008bae <process_set_config+0x8e>
10008c60:	2209      	movs	r2, #9
10008c62:	4691      	mov	r9, r2
10008c64:	4690      	mov	r8, r2
10008c66:	e049      	b.n	10008cfc <process_set_config+0x1dc>
10008c68:	4a77      	ldr	r2, [pc, #476]	@ (10008e48 <process_set_config+0x328>)
10008c6a:	5ca2      	ldrb	r2, [r4, r2]
10008c6c:	42b2      	cmp	r2, r6
10008c6e:	d1a3      	bne.n	10008bb8 <process_set_config+0x98>
10008c70:	220a      	movs	r2, #10
10008c72:	4691      	mov	r9, r2
10008c74:	4690      	mov	r8, r2
10008c76:	e041      	b.n	10008cfc <process_set_config+0x1dc>
10008c78:	4a74      	ldr	r2, [pc, #464]	@ (10008e4c <process_set_config+0x32c>)
10008c7a:	5ca2      	ldrb	r2, [r4, r2]
10008c7c:	42b2      	cmp	r2, r6
10008c7e:	d1a0      	bne.n	10008bc2 <process_set_config+0xa2>
10008c80:	220b      	movs	r2, #11
10008c82:	4691      	mov	r9, r2
10008c84:	4690      	mov	r8, r2
10008c86:	e039      	b.n	10008cfc <process_set_config+0x1dc>
10008c88:	4a71      	ldr	r2, [pc, #452]	@ (10008e50 <process_set_config+0x330>)
10008c8a:	5ca2      	ldrb	r2, [r4, r2]
10008c8c:	42b2      	cmp	r2, r6
10008c8e:	d19d      	bne.n	10008bcc <process_set_config+0xac>
10008c90:	220c      	movs	r2, #12
10008c92:	4691      	mov	r9, r2
10008c94:	4690      	mov	r8, r2
10008c96:	e031      	b.n	10008cfc <process_set_config+0x1dc>
10008c98:	4a6e      	ldr	r2, [pc, #440]	@ (10008e54 <process_set_config+0x334>)
10008c9a:	5ca2      	ldrb	r2, [r4, r2]
10008c9c:	42b2      	cmp	r2, r6
10008c9e:	d19a      	bne.n	10008bd6 <process_set_config+0xb6>
10008ca0:	220d      	movs	r2, #13
10008ca2:	4691      	mov	r9, r2
10008ca4:	4690      	mov	r8, r2
10008ca6:	e029      	b.n	10008cfc <process_set_config+0x1dc>
10008ca8:	4a6b      	ldr	r2, [pc, #428]	@ (10008e58 <process_set_config+0x338>)
10008caa:	5ca2      	ldrb	r2, [r4, r2]
10008cac:	42b2      	cmp	r2, r6
10008cae:	d197      	bne.n	10008be0 <process_set_config+0xc0>
10008cb0:	220e      	movs	r2, #14
10008cb2:	4691      	mov	r9, r2
10008cb4:	4690      	mov	r8, r2
10008cb6:	e021      	b.n	10008cfc <process_set_config+0x1dc>
10008cb8:	4a68      	ldr	r2, [pc, #416]	@ (10008e5c <process_set_config+0x33c>)
10008cba:	5ca2      	ldrb	r2, [r4, r2]
10008cbc:	42b2      	cmp	r2, r6
10008cbe:	d194      	bne.n	10008bea <process_set_config+0xca>
10008cc0:	220f      	movs	r2, #15
10008cc2:	4691      	mov	r9, r2
10008cc4:	4690      	mov	r8, r2
10008cc6:	e019      	b.n	10008cfc <process_set_config+0x1dc>
10008cc8:	7862      	ldrb	r2, [r4, #1]
10008cca:	42b2      	cmp	r2, r6
10008ccc:	d000      	beq.n	10008cd0 <process_set_config+0x1b0>
10008cce:	e740      	b.n	10008b52 <process_set_config+0x32>
10008cd0:	2200      	movs	r2, #0
10008cd2:	4691      	mov	r9, r2
10008cd4:	4690      	mov	r8, r2
10008cd6:	e011      	b.n	10008cfc <process_set_config+0x1dc>
10008cd8:	2291      	movs	r2, #145	@ 0x91
10008cda:	5ca2      	ldrb	r2, [r4, r2]
10008cdc:	42b2      	cmp	r2, r6
10008cde:	d000      	beq.n	10008ce2 <process_set_config+0x1c2>
10008ce0:	e73c      	b.n	10008b5c <process_set_config+0x3c>
10008ce2:	2201      	movs	r2, #1
10008ce4:	4691      	mov	r9, r2
10008ce6:	4690      	mov	r8, r2
10008ce8:	e008      	b.n	10008cfc <process_set_config+0x1dc>
10008cea:	2222      	movs	r2, #34	@ 0x22
10008cec:	32ff      	adds	r2, #255	@ 0xff
10008cee:	5ca2      	ldrb	r2, [r4, r2]
10008cf0:	42b2      	cmp	r2, r6
10008cf2:	d000      	beq.n	10008cf6 <process_set_config+0x1d6>
10008cf4:	e738      	b.n	10008b68 <process_set_config+0x48>
10008cf6:	2202      	movs	r2, #2
10008cf8:	4691      	mov	r9, r2
10008cfa:	4690      	mov	r8, r2
10008cfc:	2d00      	cmp	r5, #0
10008cfe:	d100      	bne.n	10008d02 <process_set_config+0x1e2>
10008d00:	e773      	b.n	10008bea <process_set_config+0xca>
10008d02:	697a      	ldr	r2, [r7, #20]
10008d04:	2a02      	cmp	r2, #2
10008d06:	d068      	beq.n	10008dda <process_set_config+0x2ba>
10008d08:	d820      	bhi.n	10008d4c <process_set_config+0x22c>
10008d0a:	2a00      	cmp	r2, #0
10008d0c:	d046      	beq.n	10008d9c <process_set_config+0x27c>
10008d0e:	4643      	mov	r3, r8
10008d10:	00db      	lsls	r3, r3, #3
10008d12:	4443      	add	r3, r8
10008d14:	011b      	lsls	r3, r3, #4
10008d16:	18e3      	adds	r3, r4, r3
10008d18:	785b      	ldrb	r3, [r3, #1]
10008d1a:	ae04      	add	r6, sp, #16
10008d1c:	80b3      	strh	r3, [r6, #4]
10008d1e:	2300      	movs	r3, #0
10008d20:	4a4f      	ldr	r2, [pc, #316]	@ (10008e60 <process_set_config+0x340>)
10008d22:	4950      	ldr	r1, [pc, #320]	@ (10008e64 <process_set_config+0x344>)
10008d24:	7812      	ldrb	r2, [r2, #0]
10008d26:	ac06      	add	r4, sp, #24
10008d28:	8031      	strh	r1, [r6, #0]
10008d2a:	8072      	strh	r2, [r6, #2]
10008d2c:	80f3      	strh	r3, [r6, #6]
10008d2e:	2210      	movs	r2, #16
10008d30:	2100      	movs	r1, #0
10008d32:	0020      	movs	r0, r4
10008d34:	f7fa fc74 	bl	10003620 <__wrap_memset>
10008d38:	4b4b      	ldr	r3, [pc, #300]	@ (10008e68 <process_set_config+0x348>)
10008d3a:	7025      	strb	r5, [r4, #0]
10008d3c:	930a      	str	r3, [sp, #40]	@ 0x28
10008d3e:	2302      	movs	r3, #2
10008d40:	0020      	movs	r0, r4
10008d42:	9608      	str	r6, [sp, #32]
10008d44:	930b      	str	r3, [sp, #44]	@ 0x2c
10008d46:	f7fe f9fd 	bl	10007144 <tuh_control_xfer>
10008d4a:	e74e      	b.n	10008bea <process_set_config+0xca>
10008d4c:	2a03      	cmp	r2, #3
10008d4e:	d000      	beq.n	10008d52 <process_set_config+0x232>
10008d50:	e74b      	b.n	10008bea <process_set_config+0xca>
10008d52:	f7fe ff5f 	bl	10007c14 <usbh_get_enum_buf>
10008d56:	4643      	mov	r3, r8
10008d58:	00db      	lsls	r3, r3, #3
10008d5a:	0019      	movs	r1, r3
10008d5c:	4441      	add	r1, r8
10008d5e:	0109      	lsls	r1, r1, #4
10008d60:	469a      	mov	sl, r3
10008d62:	5c63      	ldrb	r3, [r4, r1]
10008d64:	0002      	movs	r2, r0
10008d66:	42ab      	cmp	r3, r5
10008d68:	d000      	beq.n	10008d6c <process_set_config+0x24c>
10008d6a:	e73e      	b.n	10008bea <process_set_config+0xca>
10008d6c:	68bb      	ldr	r3, [r7, #8]
10008d6e:	1861      	adds	r1, r4, r1
10008d70:	7998      	ldrb	r0, [r3, #6]
10008d72:	79db      	ldrb	r3, [r3, #7]
10008d74:	021b      	lsls	r3, r3, #8
10008d76:	4303      	orrs	r3, r0
10008d78:	2001      	movs	r0, #1
10008d7a:	7108      	strb	r0, [r1, #4]
10008d7c:	493b      	ldr	r1, [pc, #236]	@ (10008e6c <process_set_config+0x34c>)
10008d7e:	2900      	cmp	r1, #0
10008d80:	d003      	beq.n	10008d8a <process_set_config+0x26a>
10008d82:	4649      	mov	r1, r9
10008d84:	0028      	movs	r0, r5
10008d86:	f7f7 fb7f 	bl	10000488 <tuh_hid_mount_cb>
10008d8a:	4653      	mov	r3, sl
10008d8c:	4443      	add	r3, r8
10008d8e:	011b      	lsls	r3, r3, #4
10008d90:	18e3      	adds	r3, r4, r3
10008d92:	0028      	movs	r0, r5
10008d94:	7859      	ldrb	r1, [r3, #1]
10008d96:	f7ff f88f 	bl	10007eb8 <usbh_driver_set_config_complete>
10008d9a:	e726      	b.n	10008bea <process_set_config+0xca>
10008d9c:	4641      	mov	r1, r8
10008d9e:	00c9      	lsls	r1, r1, #3
10008da0:	4441      	add	r1, r8
10008da2:	0109      	lsls	r1, r1, #4
10008da4:	1861      	adds	r1, r4, r1
10008da6:	794e      	ldrb	r6, [r1, #5]
10008da8:	af04      	add	r7, sp, #16
10008daa:	4271      	negs	r1, r6
10008dac:	414e      	adcs	r6, r1
10008dae:	4930      	ldr	r1, [pc, #192]	@ (10008e70 <process_set_config+0x350>)
10008db0:	ac06      	add	r4, sp, #24
10008db2:	9104      	str	r1, [sp, #16]
10008db4:	21ff      	movs	r1, #255	@ 0xff
10008db6:	400b      	ands	r3, r1
10008db8:	80bb      	strh	r3, [r7, #4]
10008dba:	80fa      	strh	r2, [r7, #6]
10008dbc:	2100      	movs	r1, #0
10008dbe:	2210      	movs	r2, #16
10008dc0:	0020      	movs	r0, r4
10008dc2:	f7fa fc2d 	bl	10003620 <__wrap_memset>
10008dc6:	4b28      	ldr	r3, [pc, #160]	@ (10008e68 <process_set_config+0x348>)
10008dc8:	7025      	strb	r5, [r4, #0]
10008dca:	3601      	adds	r6, #1
10008dcc:	0020      	movs	r0, r4
10008dce:	9708      	str	r7, [sp, #32]
10008dd0:	930a      	str	r3, [sp, #40]	@ 0x28
10008dd2:	960b      	str	r6, [sp, #44]	@ 0x2c
10008dd4:	f7fe f9b6 	bl	10007144 <tuh_control_xfer>
10008dd8:	e707      	b.n	10008bea <process_set_config+0xca>
10008dda:	4643      	mov	r3, r8
10008ddc:	00db      	lsls	r3, r3, #3
10008dde:	001f      	movs	r7, r3
10008de0:	469a      	mov	sl, r3
10008de2:	2380      	movs	r3, #128	@ 0x80
10008de4:	4447      	add	r7, r8
10008de6:	013f      	lsls	r7, r7, #4
10008de8:	19e7      	adds	r7, r4, r7
10008dea:	893a      	ldrh	r2, [r7, #8]
10008dec:	009b      	lsls	r3, r3, #2
10008dee:	429a      	cmp	r2, r3
10008df0:	d90b      	bls.n	10008e0a <process_set_config+0x2ea>
10008df2:	2301      	movs	r3, #1
10008df4:	713b      	strb	r3, [r7, #4]
10008df6:	4b1d      	ldr	r3, [pc, #116]	@ (10008e6c <process_set_config+0x34c>)
10008df8:	2b00      	cmp	r3, #0
10008dfa:	d0c6      	beq.n	10008d8a <process_set_config+0x26a>
10008dfc:	2300      	movs	r3, #0
10008dfe:	2200      	movs	r2, #0
10008e00:	4649      	mov	r1, r9
10008e02:	0028      	movs	r0, r5
10008e04:	f7f7 fb40 	bl	10000488 <tuh_hid_mount_cb>
10008e08:	e7bf      	b.n	10008d8a <process_set_config+0x26a>
10008e0a:	79fc      	ldrb	r4, [r7, #7]
10008e0c:	f7fe ff02 	bl	10007c14 <usbh_get_enum_buf>
10008e10:	2303      	movs	r3, #3
10008e12:	9303      	str	r3, [sp, #12]
10008e14:	4b14      	ldr	r3, [pc, #80]	@ (10008e68 <process_set_config+0x348>)
10008e16:	0022      	movs	r2, r4
10008e18:	9302      	str	r3, [sp, #8]
10008e1a:	893b      	ldrh	r3, [r7, #8]
10008e1c:	0031      	movs	r1, r6
10008e1e:	9301      	str	r3, [sp, #4]
10008e20:	9000      	str	r0, [sp, #0]
10008e22:	2300      	movs	r3, #0
10008e24:	0028      	movs	r0, r5
10008e26:	f7fe ffa1 	bl	10007d6c <tuh_descriptor_get_hid_report>
10008e2a:	e6de      	b.n	10008bea <process_set_config+0xca>
10008e2c:	20001190 	.word	0x20001190
10008e30:	00000241 	.word	0x00000241
10008e34:	000002d1 	.word	0x000002d1
10008e38:	00000361 	.word	0x00000361
10008e3c:	000003f1 	.word	0x000003f1
10008e40:	00000481 	.word	0x00000481
10008e44:	00000511 	.word	0x00000511
10008e48:	000005a1 	.word	0x000005a1
10008e4c:	00000631 	.word	0x00000631
10008e50:	000006c1 	.word	0x000006c1
10008e54:	00000751 	.word	0x00000751
10008e58:	000007e1 	.word	0x000007e1
10008e5c:	00000871 	.word	0x00000871
10008e60:	2000426b 	.word	0x2000426b
10008e64:	00000b21 	.word	0x00000b21
10008e68:	10008b21 	.word	0x10008b21
10008e6c:	10000489 	.word	0x10000489
10008e70:	00000a21 	.word	0x00000a21

10008e74 <tuh_hid_itf_get_info>:
10008e74:	0003      	movs	r3, r0
10008e76:	b530      	push	{r4, r5, lr}
10008e78:	2800      	cmp	r0, #0
10008e7a:	d027      	beq.n	10008ecc <tuh_hid_itf_get_info+0x58>
10008e7c:	290f      	cmp	r1, #15
10008e7e:	d825      	bhi.n	10008ecc <tuh_hid_itf_get_info+0x58>
10008e80:	00c8      	lsls	r0, r1, #3
10008e82:	1841      	adds	r1, r0, r1
10008e84:	4c12      	ldr	r4, [pc, #72]	@ (10008ed0 <tuh_hid_itf_get_info+0x5c>)
10008e86:	0109      	lsls	r1, r1, #4
10008e88:	5d0d      	ldrb	r5, [r1, r4]
10008e8a:	2000      	movs	r0, #0
10008e8c:	429d      	cmp	r5, r3
10008e8e:	d11c      	bne.n	10008eca <tuh_hid_itf_get_info+0x56>
10008e90:	2a00      	cmp	r2, #0
10008e92:	d01a      	beq.n	10008eca <tuh_hid_itf_get_info+0x56>
10008e94:	2309      	movs	r3, #9
10008e96:	7053      	strb	r3, [r2, #1]
10008e98:	3b05      	subs	r3, #5
10008e9a:	1864      	adds	r4, r4, r1
10008e9c:	7015      	strb	r5, [r2, #0]
10008e9e:	7093      	strb	r3, [r2, #2]
10008ea0:	7863      	ldrb	r3, [r4, #1]
10008ea2:	7110      	strb	r0, [r2, #4]
10008ea4:	70d3      	strb	r3, [r2, #3]
10008ea6:	78e3      	ldrb	r3, [r4, #3]
10008ea8:	1e59      	subs	r1, r3, #1
10008eaa:	418b      	sbcs	r3, r1
10008eac:	78a1      	ldrb	r1, [r4, #2]
10008eae:	1e4d      	subs	r5, r1, #1
10008eb0:	41a9      	sbcs	r1, r5
10008eb2:	185b      	adds	r3, r3, r1
10008eb4:	7153      	strb	r3, [r2, #5]
10008eb6:	2303      	movs	r3, #3
10008eb8:	7193      	strb	r3, [r2, #6]
10008eba:	7963      	ldrb	r3, [r4, #5]
10008ebc:	7250      	strb	r0, [r2, #9]
10008ebe:	0019      	movs	r1, r3
10008ec0:	1e4c      	subs	r4, r1, #1
10008ec2:	41a1      	sbcs	r1, r4
10008ec4:	7213      	strb	r3, [r2, #8]
10008ec6:	71d1      	strb	r1, [r2, #7]
10008ec8:	3001      	adds	r0, #1
10008eca:	bd30      	pop	{r4, r5, pc}
10008ecc:	2000      	movs	r0, #0
10008ece:	e7fc      	b.n	10008eca <tuh_hid_itf_get_info+0x56>
10008ed0:	20001190 	.word	0x20001190

10008ed4 <tuh_hid_get_report>:
10008ed4:	b5f0      	push	{r4, r5, r6, r7, lr}
10008ed6:	b089      	sub	sp, #36	@ 0x24
10008ed8:	0004      	movs	r4, r0
10008eda:	a80e      	add	r0, sp, #56	@ 0x38
10008edc:	c820      	ldmia	r0!, {r5}
10008ede:	8800      	ldrh	r0, [r0, #0]
10008ee0:	4684      	mov	ip, r0
10008ee2:	2c00      	cmp	r4, #0
10008ee4:	d025      	beq.n	10008f32 <tuh_hid_get_report+0x5e>
10008ee6:	290f      	cmp	r1, #15
10008ee8:	d823      	bhi.n	10008f32 <tuh_hid_get_report+0x5e>
10008eea:	00c8      	lsls	r0, r1, #3
10008eec:	1841      	adds	r1, r0, r1
10008eee:	4e12      	ldr	r6, [pc, #72]	@ (10008f38 <tuh_hid_get_report+0x64>)
10008ef0:	0109      	lsls	r1, r1, #4
10008ef2:	5d8f      	ldrb	r7, [r1, r6]
10008ef4:	2000      	movs	r0, #0
10008ef6:	42a7      	cmp	r7, r4
10008ef8:	d119      	bne.n	10008f2e <tuh_hid_get_report+0x5a>
10008efa:	466c      	mov	r4, sp
10008efc:	021b      	lsls	r3, r3, #8
10008efe:	4313      	orrs	r3, r2
10008f00:	1876      	adds	r6, r6, r1
10008f02:	8063      	strh	r3, [r4, #2]
10008f04:	20a2      	movs	r0, #162	@ 0xa2
10008f06:	7873      	ldrb	r3, [r6, #1]
10008f08:	30ff      	adds	r0, #255	@ 0xff
10008f0a:	80a3      	strh	r3, [r4, #4]
10008f0c:	4663      	mov	r3, ip
10008f0e:	ae02      	add	r6, sp, #8
10008f10:	8020      	strh	r0, [r4, #0]
10008f12:	2218      	movs	r2, #24
10008f14:	2100      	movs	r1, #0
10008f16:	0030      	movs	r0, r6
10008f18:	80e3      	strh	r3, [r4, #6]
10008f1a:	f7fa fb81 	bl	10003620 <__wrap_memset>
10008f1e:	4b07      	ldr	r3, [pc, #28]	@ (10008f3c <tuh_hid_get_report+0x68>)
10008f20:	0030      	movs	r0, r6
10008f22:	7037      	strb	r7, [r6, #0]
10008f24:	9404      	str	r4, [sp, #16]
10008f26:	9505      	str	r5, [sp, #20]
10008f28:	9306      	str	r3, [sp, #24]
10008f2a:	f7fe f90b 	bl	10007144 <tuh_control_xfer>
10008f2e:	b009      	add	sp, #36	@ 0x24
10008f30:	bdf0      	pop	{r4, r5, r6, r7, pc}
10008f32:	2000      	movs	r0, #0
10008f34:	e7fb      	b.n	10008f2e <tuh_hid_get_report+0x5a>
10008f36:	46c0      	nop			@ (mov r8, r8)
10008f38:	20001190 	.word	0x20001190
10008f3c:	100086e9 	.word	0x100086e9

10008f40 <tuh_hid_set_report>:
10008f40:	b5f0      	push	{r4, r5, r6, r7, lr}
10008f42:	b089      	sub	sp, #36	@ 0x24
10008f44:	0004      	movs	r4, r0
10008f46:	a80e      	add	r0, sp, #56	@ 0x38
10008f48:	c820      	ldmia	r0!, {r5}
10008f4a:	8800      	ldrh	r0, [r0, #0]
10008f4c:	4684      	mov	ip, r0
10008f4e:	2c00      	cmp	r4, #0
10008f50:	d024      	beq.n	10008f9c <tuh_hid_set_report+0x5c>
10008f52:	290f      	cmp	r1, #15
10008f54:	d822      	bhi.n	10008f9c <tuh_hid_set_report+0x5c>
10008f56:	00c8      	lsls	r0, r1, #3
10008f58:	1841      	adds	r1, r0, r1
10008f5a:	4e11      	ldr	r6, [pc, #68]	@ (10008fa0 <tuh_hid_set_report+0x60>)
10008f5c:	0109      	lsls	r1, r1, #4
10008f5e:	5d8f      	ldrb	r7, [r1, r6]
10008f60:	2000      	movs	r0, #0
10008f62:	42a7      	cmp	r7, r4
10008f64:	d118      	bne.n	10008f98 <tuh_hid_set_report+0x58>
10008f66:	466c      	mov	r4, sp
10008f68:	021b      	lsls	r3, r3, #8
10008f6a:	4313      	orrs	r3, r2
10008f6c:	1876      	adds	r6, r6, r1
10008f6e:	8063      	strh	r3, [r4, #2]
10008f70:	7873      	ldrb	r3, [r6, #1]
10008f72:	480c      	ldr	r0, [pc, #48]	@ (10008fa4 <tuh_hid_set_report+0x64>)
10008f74:	80a3      	strh	r3, [r4, #4]
10008f76:	4663      	mov	r3, ip
10008f78:	ae02      	add	r6, sp, #8
10008f7a:	8020      	strh	r0, [r4, #0]
10008f7c:	2218      	movs	r2, #24
10008f7e:	2100      	movs	r1, #0
10008f80:	0030      	movs	r0, r6
10008f82:	80e3      	strh	r3, [r4, #6]
10008f84:	f7fa fb4c 	bl	10003620 <__wrap_memset>
10008f88:	4b07      	ldr	r3, [pc, #28]	@ (10008fa8 <tuh_hid_set_report+0x68>)
10008f8a:	0030      	movs	r0, r6
10008f8c:	7037      	strb	r7, [r6, #0]
10008f8e:	9404      	str	r4, [sp, #16]
10008f90:	9505      	str	r5, [sp, #20]
10008f92:	9306      	str	r3, [sp, #24]
10008f94:	f7fe f8d6 	bl	10007144 <tuh_control_xfer>
10008f98:	b009      	add	sp, #36	@ 0x24
10008f9a:	bdf0      	pop	{r4, r5, r6, r7, pc}
10008f9c:	2000      	movs	r0, #0
10008f9e:	e7fb      	b.n	10008f98 <tuh_hid_set_report+0x58>
10008fa0:	20001190 	.word	0x20001190
10008fa4:	00000921 	.word	0x00000921
10008fa8:	10008905 	.word	0x10008905

10008fac <tuh_hid_receive_report>:
10008fac:	b5f0      	push	{r4, r5, r6, r7, lr}
10008fae:	b083      	sub	sp, #12
10008fb0:	2800      	cmp	r0, #0
10008fb2:	d00f      	beq.n	10008fd4 <tuh_hid_receive_report+0x28>
10008fb4:	290f      	cmp	r1, #15
10008fb6:	d80d      	bhi.n	10008fd4 <tuh_hid_receive_report+0x28>
10008fb8:	00cc      	lsls	r4, r1, #3
10008fba:	4e10      	ldr	r6, [pc, #64]	@ (10008ffc <tuh_hid_receive_report+0x50>)
10008fbc:	1864      	adds	r4, r4, r1
10008fbe:	0124      	lsls	r4, r4, #4
10008fc0:	5da5      	ldrb	r5, [r4, r6]
10008fc2:	4285      	cmp	r5, r0
10008fc4:	d106      	bne.n	10008fd4 <tuh_hid_receive_report+0x28>
10008fc6:	1937      	adds	r7, r6, r4
10008fc8:	0028      	movs	r0, r5
10008fca:	78b9      	ldrb	r1, [r7, #2]
10008fcc:	f7fe fe26 	bl	10007c1c <usbh_edpt_claim>
10008fd0:	2800      	cmp	r0, #0
10008fd2:	d102      	bne.n	10008fda <tuh_hid_receive_report+0x2e>
10008fd4:	2000      	movs	r0, #0
10008fd6:	b003      	add	sp, #12
10008fd8:	bdf0      	pop	{r4, r5, r6, r7, pc}
10008fda:	2000      	movs	r0, #0
10008fdc:	3410      	adds	r4, #16
10008fde:	897b      	ldrh	r3, [r7, #10]
10008fe0:	78b9      	ldrb	r1, [r7, #2]
10008fe2:	19a2      	adds	r2, r4, r6
10008fe4:	9001      	str	r0, [sp, #4]
10008fe6:	9000      	str	r0, [sp, #0]
10008fe8:	0028      	movs	r0, r5
10008fea:	f7fe fe5f 	bl	10007cac <usbh_edpt_xfer_with_callback>
10008fee:	2800      	cmp	r0, #0
10008ff0:	d1f1      	bne.n	10008fd6 <tuh_hid_receive_report+0x2a>
10008ff2:	0028      	movs	r0, r5
10008ff4:	78b9      	ldrb	r1, [r7, #2]
10008ff6:	f7fe fe35 	bl	10007c64 <usbh_edpt_release>
10008ffa:	e7eb      	b.n	10008fd4 <tuh_hid_receive_report+0x28>
10008ffc:	20001190 	.word	0x20001190

10009000 <hidh_init>:
10009000:	2290      	movs	r2, #144	@ 0x90
10009002:	b510      	push	{r4, lr}
10009004:	2100      	movs	r1, #0
10009006:	4803      	ldr	r0, [pc, #12]	@ (10009014 <hidh_init+0x14>)
10009008:	0112      	lsls	r2, r2, #4
1000900a:	f7fa fb09 	bl	10003620 <__wrap_memset>
1000900e:	2001      	movs	r0, #1
10009010:	bd10      	pop	{r4, pc}
10009012:	46c0      	nop			@ (mov r8, r8)
10009014:	20001190 	.word	0x20001190

10009018 <hidh_deinit>:
10009018:	2001      	movs	r0, #1
1000901a:	4770      	bx	lr

1000901c <hidh_xfer_cb>:
1000901c:	4a9e      	ldr	r2, [pc, #632]	@ (10009298 <hidh_xfer_cb+0x27c>)
1000901e:	b570      	push	{r4, r5, r6, lr}
10009020:	000d      	movs	r5, r1
10009022:	7811      	ldrb	r1, [r2, #0]
10009024:	0004      	movs	r4, r0
10009026:	4281      	cmp	r1, r0
10009028:	d100      	bne.n	1000902c <hidh_xfer_cb+0x10>
1000902a:	e082      	b.n	10009132 <hidh_xfer_cb+0x116>
1000902c:	2190      	movs	r1, #144	@ 0x90
1000902e:	5c51      	ldrb	r1, [r2, r1]
10009030:	42a1      	cmp	r1, r4
10009032:	d100      	bne.n	10009036 <hidh_xfer_cb+0x1a>
10009034:	e09b      	b.n	1000916e <hidh_xfer_cb+0x152>
10009036:	2190      	movs	r1, #144	@ 0x90
10009038:	0049      	lsls	r1, r1, #1
1000903a:	5c51      	ldrb	r1, [r2, r1]
1000903c:	42a1      	cmp	r1, r4
1000903e:	d100      	bne.n	10009042 <hidh_xfer_cb+0x26>
10009040:	e0a1      	b.n	10009186 <hidh_xfer_cb+0x16a>
10009042:	21d8      	movs	r1, #216	@ 0xd8
10009044:	0049      	lsls	r1, r1, #1
10009046:	5c51      	ldrb	r1, [r2, r1]
10009048:	42a1      	cmp	r1, r4
1000904a:	d100      	bne.n	1000904e <hidh_xfer_cb+0x32>
1000904c:	e0a9      	b.n	100091a2 <hidh_xfer_cb+0x186>
1000904e:	2190      	movs	r1, #144	@ 0x90
10009050:	0089      	lsls	r1, r1, #2
10009052:	5c51      	ldrb	r1, [r2, r1]
10009054:	42a1      	cmp	r1, r4
10009056:	d100      	bne.n	1000905a <hidh_xfer_cb+0x3e>
10009058:	e0b1      	b.n	100091be <hidh_xfer_cb+0x1a2>
1000905a:	21b4      	movs	r1, #180	@ 0xb4
1000905c:	0089      	lsls	r1, r1, #2
1000905e:	5c51      	ldrb	r1, [r2, r1]
10009060:	42a1      	cmp	r1, r4
10009062:	d100      	bne.n	10009066 <hidh_xfer_cb+0x4a>
10009064:	e0b7      	b.n	100091d6 <hidh_xfer_cb+0x1ba>
10009066:	21d8      	movs	r1, #216	@ 0xd8
10009068:	0089      	lsls	r1, r1, #2
1000906a:	5c51      	ldrb	r1, [r2, r1]
1000906c:	42a1      	cmp	r1, r4
1000906e:	d100      	bne.n	10009072 <hidh_xfer_cb+0x56>
10009070:	e0bd      	b.n	100091ee <hidh_xfer_cb+0x1d2>
10009072:	21fc      	movs	r1, #252	@ 0xfc
10009074:	0089      	lsls	r1, r1, #2
10009076:	5c51      	ldrb	r1, [r2, r1]
10009078:	42a1      	cmp	r1, r4
1000907a:	d100      	bne.n	1000907e <hidh_xfer_cb+0x62>
1000907c:	e0c3      	b.n	10009206 <hidh_xfer_cb+0x1ea>
1000907e:	2190      	movs	r1, #144	@ 0x90
10009080:	00c9      	lsls	r1, r1, #3
10009082:	5c51      	ldrb	r1, [r2, r1]
10009084:	42a1      	cmp	r1, r4
10009086:	d100      	bne.n	1000908a <hidh_xfer_cb+0x6e>
10009088:	e0c9      	b.n	1000921e <hidh_xfer_cb+0x202>
1000908a:	21a2      	movs	r1, #162	@ 0xa2
1000908c:	00c9      	lsls	r1, r1, #3
1000908e:	5c51      	ldrb	r1, [r2, r1]
10009090:	42a1      	cmp	r1, r4
10009092:	d100      	bne.n	10009096 <hidh_xfer_cb+0x7a>
10009094:	e0cf      	b.n	10009236 <hidh_xfer_cb+0x21a>
10009096:	21b4      	movs	r1, #180	@ 0xb4
10009098:	00c9      	lsls	r1, r1, #3
1000909a:	5c51      	ldrb	r1, [r2, r1]
1000909c:	42a1      	cmp	r1, r4
1000909e:	d100      	bne.n	100090a2 <hidh_xfer_cb+0x86>
100090a0:	e0d5      	b.n	1000924e <hidh_xfer_cb+0x232>
100090a2:	21c6      	movs	r1, #198	@ 0xc6
100090a4:	00c9      	lsls	r1, r1, #3
100090a6:	5c51      	ldrb	r1, [r2, r1]
100090a8:	42a1      	cmp	r1, r4
100090aa:	d100      	bne.n	100090ae <hidh_xfer_cb+0x92>
100090ac:	e0db      	b.n	10009266 <hidh_xfer_cb+0x24a>
100090ae:	21d8      	movs	r1, #216	@ 0xd8
100090b0:	00c9      	lsls	r1, r1, #3
100090b2:	5c51      	ldrb	r1, [r2, r1]
100090b4:	42a1      	cmp	r1, r4
100090b6:	d010      	beq.n	100090da <hidh_xfer_cb+0xbe>
100090b8:	21ea      	movs	r1, #234	@ 0xea
100090ba:	00c9      	lsls	r1, r1, #3
100090bc:	5c51      	ldrb	r1, [r2, r1]
100090be:	42a1      	cmp	r1, r4
100090c0:	d016      	beq.n	100090f0 <hidh_xfer_cb+0xd4>
100090c2:	21fc      	movs	r1, #252	@ 0xfc
100090c4:	00c9      	lsls	r1, r1, #3
100090c6:	5c51      	ldrb	r1, [r2, r1]
100090c8:	42a1      	cmp	r1, r4
100090ca:	d01c      	beq.n	10009106 <hidh_xfer_cb+0xea>
100090cc:	2187      	movs	r1, #135	@ 0x87
100090ce:	0109      	lsls	r1, r1, #4
100090d0:	5c51      	ldrb	r1, [r2, r1]
100090d2:	2000      	movs	r0, #0
100090d4:	42a1      	cmp	r1, r4
100090d6:	d021      	beq.n	1000911c <hidh_xfer_cb+0x100>
100090d8:	bd70      	pop	{r4, r5, r6, pc}
100090da:	4970      	ldr	r1, [pc, #448]	@ (1000929c <hidh_xfer_cb+0x280>)
100090dc:	5c51      	ldrb	r1, [r2, r1]
100090de:	42a9      	cmp	r1, r5
100090e0:	d003      	beq.n	100090ea <hidh_xfer_cb+0xce>
100090e2:	496f      	ldr	r1, [pc, #444]	@ (100092a0 <hidh_xfer_cb+0x284>)
100090e4:	5c51      	ldrb	r1, [r2, r1]
100090e6:	42a9      	cmp	r1, r5
100090e8:	d1e6      	bne.n	100090b8 <hidh_xfer_cb+0x9c>
100090ea:	260c      	movs	r6, #12
100090ec:	210c      	movs	r1, #12
100090ee:	e029      	b.n	10009144 <hidh_xfer_cb+0x128>
100090f0:	496c      	ldr	r1, [pc, #432]	@ (100092a4 <hidh_xfer_cb+0x288>)
100090f2:	5c51      	ldrb	r1, [r2, r1]
100090f4:	42a9      	cmp	r1, r5
100090f6:	d003      	beq.n	10009100 <hidh_xfer_cb+0xe4>
100090f8:	496b      	ldr	r1, [pc, #428]	@ (100092a8 <hidh_xfer_cb+0x28c>)
100090fa:	5c51      	ldrb	r1, [r2, r1]
100090fc:	42a9      	cmp	r1, r5
100090fe:	d1e0      	bne.n	100090c2 <hidh_xfer_cb+0xa6>
10009100:	260d      	movs	r6, #13
10009102:	210d      	movs	r1, #13
10009104:	e01e      	b.n	10009144 <hidh_xfer_cb+0x128>
10009106:	4969      	ldr	r1, [pc, #420]	@ (100092ac <hidh_xfer_cb+0x290>)
10009108:	5c51      	ldrb	r1, [r2, r1]
1000910a:	42a9      	cmp	r1, r5
1000910c:	d003      	beq.n	10009116 <hidh_xfer_cb+0xfa>
1000910e:	4968      	ldr	r1, [pc, #416]	@ (100092b0 <hidh_xfer_cb+0x294>)
10009110:	5c51      	ldrb	r1, [r2, r1]
10009112:	42a9      	cmp	r1, r5
10009114:	d1da      	bne.n	100090cc <hidh_xfer_cb+0xb0>
10009116:	260e      	movs	r6, #14
10009118:	210e      	movs	r1, #14
1000911a:	e013      	b.n	10009144 <hidh_xfer_cb+0x128>
1000911c:	4965      	ldr	r1, [pc, #404]	@ (100092b4 <hidh_xfer_cb+0x298>)
1000911e:	5c51      	ldrb	r1, [r2, r1]
10009120:	42a9      	cmp	r1, r5
10009122:	d003      	beq.n	1000912c <hidh_xfer_cb+0x110>
10009124:	4964      	ldr	r1, [pc, #400]	@ (100092b8 <hidh_xfer_cb+0x29c>)
10009126:	5c51      	ldrb	r1, [r2, r1]
10009128:	42a9      	cmp	r1, r5
1000912a:	d1d5      	bne.n	100090d8 <hidh_xfer_cb+0xbc>
1000912c:	260f      	movs	r6, #15
1000912e:	210f      	movs	r1, #15
10009130:	e008      	b.n	10009144 <hidh_xfer_cb+0x128>
10009132:	7891      	ldrb	r1, [r2, #2]
10009134:	42a9      	cmp	r1, r5
10009136:	d003      	beq.n	10009140 <hidh_xfer_cb+0x124>
10009138:	78d1      	ldrb	r1, [r2, #3]
1000913a:	42a9      	cmp	r1, r5
1000913c:	d000      	beq.n	10009140 <hidh_xfer_cb+0x124>
1000913e:	e775      	b.n	1000902c <hidh_xfer_cb+0x10>
10009140:	2600      	movs	r6, #0
10009142:	2100      	movs	r1, #0
10009144:	2c00      	cmp	r4, #0
10009146:	d100      	bne.n	1000914a <hidh_xfer_cb+0x12e>
10009148:	e0a4      	b.n	10009294 <hidh_xfer_cb+0x278>
1000914a:	09ed      	lsrs	r5, r5, #7
1000914c:	2d01      	cmp	r5, #1
1000914e:	d100      	bne.n	10009152 <hidh_xfer_cb+0x136>
10009150:	e095      	b.n	1000927e <hidh_xfer_cb+0x262>
10009152:	485a      	ldr	r0, [pc, #360]	@ (100092bc <hidh_xfer_cb+0x2a0>)
10009154:	2800      	cmp	r0, #0
10009156:	d008      	beq.n	1000916a <hidh_xfer_cb+0x14e>
10009158:	00f0      	lsls	r0, r6, #3
1000915a:	1980      	adds	r0, r0, r6
1000915c:	0100      	lsls	r0, r0, #4
1000915e:	3050      	adds	r0, #80	@ 0x50
10009160:	1812      	adds	r2, r2, r0
10009162:	b29b      	uxth	r3, r3
10009164:	0020      	movs	r0, r4
10009166:	e000      	b.n	1000916a <hidh_xfer_cb+0x14e>
10009168:	bf00      	nop
1000916a:	2001      	movs	r0, #1
1000916c:	e7b4      	b.n	100090d8 <hidh_xfer_cb+0xbc>
1000916e:	2192      	movs	r1, #146	@ 0x92
10009170:	5c51      	ldrb	r1, [r2, r1]
10009172:	42a9      	cmp	r1, r5
10009174:	d004      	beq.n	10009180 <hidh_xfer_cb+0x164>
10009176:	2193      	movs	r1, #147	@ 0x93
10009178:	5c51      	ldrb	r1, [r2, r1]
1000917a:	42a9      	cmp	r1, r5
1000917c:	d000      	beq.n	10009180 <hidh_xfer_cb+0x164>
1000917e:	e75a      	b.n	10009036 <hidh_xfer_cb+0x1a>
10009180:	2601      	movs	r6, #1
10009182:	2101      	movs	r1, #1
10009184:	e7de      	b.n	10009144 <hidh_xfer_cb+0x128>
10009186:	2191      	movs	r1, #145	@ 0x91
10009188:	0049      	lsls	r1, r1, #1
1000918a:	5c51      	ldrb	r1, [r2, r1]
1000918c:	42a9      	cmp	r1, r5
1000918e:	d005      	beq.n	1000919c <hidh_xfer_cb+0x180>
10009190:	2124      	movs	r1, #36	@ 0x24
10009192:	31ff      	adds	r1, #255	@ 0xff
10009194:	5c51      	ldrb	r1, [r2, r1]
10009196:	42a9      	cmp	r1, r5
10009198:	d000      	beq.n	1000919c <hidh_xfer_cb+0x180>
1000919a:	e752      	b.n	10009042 <hidh_xfer_cb+0x26>
1000919c:	2602      	movs	r6, #2
1000919e:	2102      	movs	r1, #2
100091a0:	e7d0      	b.n	10009144 <hidh_xfer_cb+0x128>
100091a2:	21d9      	movs	r1, #217	@ 0xd9
100091a4:	0049      	lsls	r1, r1, #1
100091a6:	5c51      	ldrb	r1, [r2, r1]
100091a8:	42a9      	cmp	r1, r5
100091aa:	d005      	beq.n	100091b8 <hidh_xfer_cb+0x19c>
100091ac:	21b4      	movs	r1, #180	@ 0xb4
100091ae:	31ff      	adds	r1, #255	@ 0xff
100091b0:	5c51      	ldrb	r1, [r2, r1]
100091b2:	42a9      	cmp	r1, r5
100091b4:	d000      	beq.n	100091b8 <hidh_xfer_cb+0x19c>
100091b6:	e74a      	b.n	1000904e <hidh_xfer_cb+0x32>
100091b8:	2603      	movs	r6, #3
100091ba:	2103      	movs	r1, #3
100091bc:	e7c2      	b.n	10009144 <hidh_xfer_cb+0x128>
100091be:	4940      	ldr	r1, [pc, #256]	@ (100092c0 <hidh_xfer_cb+0x2a4>)
100091c0:	5c51      	ldrb	r1, [r2, r1]
100091c2:	42a9      	cmp	r1, r5
100091c4:	d004      	beq.n	100091d0 <hidh_xfer_cb+0x1b4>
100091c6:	493f      	ldr	r1, [pc, #252]	@ (100092c4 <hidh_xfer_cb+0x2a8>)
100091c8:	5c51      	ldrb	r1, [r2, r1]
100091ca:	42a9      	cmp	r1, r5
100091cc:	d000      	beq.n	100091d0 <hidh_xfer_cb+0x1b4>
100091ce:	e744      	b.n	1000905a <hidh_xfer_cb+0x3e>
100091d0:	2604      	movs	r6, #4
100091d2:	2104      	movs	r1, #4
100091d4:	e7b6      	b.n	10009144 <hidh_xfer_cb+0x128>
100091d6:	493c      	ldr	r1, [pc, #240]	@ (100092c8 <hidh_xfer_cb+0x2ac>)
100091d8:	5c51      	ldrb	r1, [r2, r1]
100091da:	42a9      	cmp	r1, r5
100091dc:	d004      	beq.n	100091e8 <hidh_xfer_cb+0x1cc>
100091de:	493b      	ldr	r1, [pc, #236]	@ (100092cc <hidh_xfer_cb+0x2b0>)
100091e0:	5c51      	ldrb	r1, [r2, r1]
100091e2:	42a9      	cmp	r1, r5
100091e4:	d000      	beq.n	100091e8 <hidh_xfer_cb+0x1cc>
100091e6:	e73e      	b.n	10009066 <hidh_xfer_cb+0x4a>
100091e8:	2605      	movs	r6, #5
100091ea:	2105      	movs	r1, #5
100091ec:	e7aa      	b.n	10009144 <hidh_xfer_cb+0x128>
100091ee:	4938      	ldr	r1, [pc, #224]	@ (100092d0 <hidh_xfer_cb+0x2b4>)
100091f0:	5c51      	ldrb	r1, [r2, r1]
100091f2:	42a9      	cmp	r1, r5
100091f4:	d004      	beq.n	10009200 <hidh_xfer_cb+0x1e4>
100091f6:	4937      	ldr	r1, [pc, #220]	@ (100092d4 <hidh_xfer_cb+0x2b8>)
100091f8:	5c51      	ldrb	r1, [r2, r1]
100091fa:	42a9      	cmp	r1, r5
100091fc:	d000      	beq.n	10009200 <hidh_xfer_cb+0x1e4>
100091fe:	e738      	b.n	10009072 <hidh_xfer_cb+0x56>
10009200:	2606      	movs	r6, #6
10009202:	2106      	movs	r1, #6
10009204:	e79e      	b.n	10009144 <hidh_xfer_cb+0x128>
10009206:	4934      	ldr	r1, [pc, #208]	@ (100092d8 <hidh_xfer_cb+0x2bc>)
10009208:	5c51      	ldrb	r1, [r2, r1]
1000920a:	42a9      	cmp	r1, r5
1000920c:	d004      	beq.n	10009218 <hidh_xfer_cb+0x1fc>
1000920e:	4933      	ldr	r1, [pc, #204]	@ (100092dc <hidh_xfer_cb+0x2c0>)
10009210:	5c51      	ldrb	r1, [r2, r1]
10009212:	42a9      	cmp	r1, r5
10009214:	d000      	beq.n	10009218 <hidh_xfer_cb+0x1fc>
10009216:	e732      	b.n	1000907e <hidh_xfer_cb+0x62>
10009218:	2607      	movs	r6, #7
1000921a:	2107      	movs	r1, #7
1000921c:	e792      	b.n	10009144 <hidh_xfer_cb+0x128>
1000921e:	4930      	ldr	r1, [pc, #192]	@ (100092e0 <hidh_xfer_cb+0x2c4>)
10009220:	5c51      	ldrb	r1, [r2, r1]
10009222:	42a9      	cmp	r1, r5
10009224:	d004      	beq.n	10009230 <hidh_xfer_cb+0x214>
10009226:	492f      	ldr	r1, [pc, #188]	@ (100092e4 <hidh_xfer_cb+0x2c8>)
10009228:	5c51      	ldrb	r1, [r2, r1]
1000922a:	42a9      	cmp	r1, r5
1000922c:	d000      	beq.n	10009230 <hidh_xfer_cb+0x214>
1000922e:	e72c      	b.n	1000908a <hidh_xfer_cb+0x6e>
10009230:	2608      	movs	r6, #8
10009232:	2108      	movs	r1, #8
10009234:	e786      	b.n	10009144 <hidh_xfer_cb+0x128>
10009236:	492c      	ldr	r1, [pc, #176]	@ (100092e8 <hidh_xfer_cb+0x2cc>)
10009238:	5c51      	ldrb	r1, [r2, r1]
1000923a:	42a9      	cmp	r1, r5
1000923c:	d004      	beq.n	10009248 <hidh_xfer_cb+0x22c>
1000923e:	492b      	ldr	r1, [pc, #172]	@ (100092ec <hidh_xfer_cb+0x2d0>)
10009240:	5c51      	ldrb	r1, [r2, r1]
10009242:	42a9      	cmp	r1, r5
10009244:	d000      	beq.n	10009248 <hidh_xfer_cb+0x22c>
10009246:	e726      	b.n	10009096 <hidh_xfer_cb+0x7a>
10009248:	2609      	movs	r6, #9
1000924a:	2109      	movs	r1, #9
1000924c:	e77a      	b.n	10009144 <hidh_xfer_cb+0x128>
1000924e:	4928      	ldr	r1, [pc, #160]	@ (100092f0 <hidh_xfer_cb+0x2d4>)
10009250:	5c51      	ldrb	r1, [r2, r1]
10009252:	42a9      	cmp	r1, r5
10009254:	d004      	beq.n	10009260 <hidh_xfer_cb+0x244>
10009256:	4927      	ldr	r1, [pc, #156]	@ (100092f4 <hidh_xfer_cb+0x2d8>)
10009258:	5c51      	ldrb	r1, [r2, r1]
1000925a:	42a9      	cmp	r1, r5
1000925c:	d000      	beq.n	10009260 <hidh_xfer_cb+0x244>
1000925e:	e720      	b.n	100090a2 <hidh_xfer_cb+0x86>
10009260:	260a      	movs	r6, #10
10009262:	210a      	movs	r1, #10
10009264:	e76e      	b.n	10009144 <hidh_xfer_cb+0x128>
10009266:	4924      	ldr	r1, [pc, #144]	@ (100092f8 <hidh_xfer_cb+0x2dc>)
10009268:	5c51      	ldrb	r1, [r2, r1]
1000926a:	42a9      	cmp	r1, r5
1000926c:	d004      	beq.n	10009278 <hidh_xfer_cb+0x25c>
1000926e:	4923      	ldr	r1, [pc, #140]	@ (100092fc <hidh_xfer_cb+0x2e0>)
10009270:	5c51      	ldrb	r1, [r2, r1]
10009272:	42a9      	cmp	r1, r5
10009274:	d000      	beq.n	10009278 <hidh_xfer_cb+0x25c>
10009276:	e71a      	b.n	100090ae <hidh_xfer_cb+0x92>
10009278:	260b      	movs	r6, #11
1000927a:	210b      	movs	r1, #11
1000927c:	e762      	b.n	10009144 <hidh_xfer_cb+0x128>
1000927e:	00f0      	lsls	r0, r6, #3
10009280:	1980      	adds	r0, r0, r6
10009282:	0100      	lsls	r0, r0, #4
10009284:	3010      	adds	r0, #16
10009286:	1812      	adds	r2, r2, r0
10009288:	b29b      	uxth	r3, r3
1000928a:	0020      	movs	r0, r4
1000928c:	f7f7 f8ae 	bl	100003ec <tuh_hid_report_received_cb>
10009290:	2001      	movs	r0, #1
10009292:	e721      	b.n	100090d8 <hidh_xfer_cb+0xbc>
10009294:	2000      	movs	r0, #0
10009296:	e71f      	b.n	100090d8 <hidh_xfer_cb+0xbc>
10009298:	20001190 	.word	0x20001190
1000929c:	000006c2 	.word	0x000006c2
100092a0:	000006c3 	.word	0x000006c3
100092a4:	00000752 	.word	0x00000752
100092a8:	00000753 	.word	0x00000753
100092ac:	000007e2 	.word	0x000007e2
100092b0:	000007e3 	.word	0x000007e3
100092b4:	00000872 	.word	0x00000872
100092b8:	00000873 	.word	0x00000873
100092bc:	00000000 	.word	0x00000000
100092c0:	00000242 	.word	0x00000242
100092c4:	00000243 	.word	0x00000243
100092c8:	000002d2 	.word	0x000002d2
100092cc:	000002d3 	.word	0x000002d3
100092d0:	00000362 	.word	0x00000362
100092d4:	00000363 	.word	0x00000363
100092d8:	000003f2 	.word	0x000003f2
100092dc:	000003f3 	.word	0x000003f3
100092e0:	00000482 	.word	0x00000482
100092e4:	00000483 	.word	0x00000483
100092e8:	00000512 	.word	0x00000512
100092ec:	00000513 	.word	0x00000513
100092f0:	000005a2 	.word	0x000005a2
100092f4:	000005a3 	.word	0x000005a3
100092f8:	00000632 	.word	0x00000632
100092fc:	00000633 	.word	0x00000633

10009300 <hidh_close>:
10009300:	b570      	push	{r4, r5, r6, lr}
10009302:	4dbb      	ldr	r5, [pc, #748]	@ (100095f0 <hidh_close+0x2f0>)
10009304:	0004      	movs	r4, r0
10009306:	782b      	ldrb	r3, [r5, #0]
10009308:	4283      	cmp	r3, r0
1000930a:	d058      	beq.n	100093be <hidh_close+0xbe>
1000930c:	2390      	movs	r3, #144	@ 0x90
1000930e:	5ceb      	ldrb	r3, [r5, r3]
10009310:	42a3      	cmp	r3, r4
10009312:	d063      	beq.n	100093dc <hidh_close+0xdc>
10009314:	2390      	movs	r3, #144	@ 0x90
10009316:	005b      	lsls	r3, r3, #1
10009318:	5ceb      	ldrb	r3, [r5, r3]
1000931a:	42a3      	cmp	r3, r4
1000931c:	d100      	bne.n	10009320 <hidh_close+0x20>
1000931e:	e06f      	b.n	10009400 <hidh_close+0x100>
10009320:	23d8      	movs	r3, #216	@ 0xd8
10009322:	005b      	lsls	r3, r3, #1
10009324:	5ceb      	ldrb	r3, [r5, r3]
10009326:	42a3      	cmp	r3, r4
10009328:	d100      	bne.n	1000932c <hidh_close+0x2c>
1000932a:	e07b      	b.n	10009424 <hidh_close+0x124>
1000932c:	2390      	movs	r3, #144	@ 0x90
1000932e:	009b      	lsls	r3, r3, #2
10009330:	5ceb      	ldrb	r3, [r5, r3]
10009332:	42a3      	cmp	r3, r4
10009334:	d100      	bne.n	10009338 <hidh_close+0x38>
10009336:	e087      	b.n	10009448 <hidh_close+0x148>
10009338:	23b4      	movs	r3, #180	@ 0xb4
1000933a:	009b      	lsls	r3, r3, #2
1000933c:	5ceb      	ldrb	r3, [r5, r3]
1000933e:	42a3      	cmp	r3, r4
10009340:	d100      	bne.n	10009344 <hidh_close+0x44>
10009342:	e093      	b.n	1000946c <hidh_close+0x16c>
10009344:	23d8      	movs	r3, #216	@ 0xd8
10009346:	009b      	lsls	r3, r3, #2
10009348:	5ceb      	ldrb	r3, [r5, r3]
1000934a:	42a3      	cmp	r3, r4
1000934c:	d100      	bne.n	10009350 <hidh_close+0x50>
1000934e:	e09f      	b.n	10009490 <hidh_close+0x190>
10009350:	23fc      	movs	r3, #252	@ 0xfc
10009352:	009b      	lsls	r3, r3, #2
10009354:	5ceb      	ldrb	r3, [r5, r3]
10009356:	42a3      	cmp	r3, r4
10009358:	d100      	bne.n	1000935c <hidh_close+0x5c>
1000935a:	e0ab      	b.n	100094b4 <hidh_close+0x1b4>
1000935c:	2390      	movs	r3, #144	@ 0x90
1000935e:	00db      	lsls	r3, r3, #3
10009360:	5ceb      	ldrb	r3, [r5, r3]
10009362:	42a3      	cmp	r3, r4
10009364:	d100      	bne.n	10009368 <hidh_close+0x68>
10009366:	e0b7      	b.n	100094d8 <hidh_close+0x1d8>
10009368:	23a2      	movs	r3, #162	@ 0xa2
1000936a:	00db      	lsls	r3, r3, #3
1000936c:	5ceb      	ldrb	r3, [r5, r3]
1000936e:	42a3      	cmp	r3, r4
10009370:	d100      	bne.n	10009374 <hidh_close+0x74>
10009372:	e0c3      	b.n	100094fc <hidh_close+0x1fc>
10009374:	23b4      	movs	r3, #180	@ 0xb4
10009376:	00db      	lsls	r3, r3, #3
10009378:	5ceb      	ldrb	r3, [r5, r3]
1000937a:	42a3      	cmp	r3, r4
1000937c:	d100      	bne.n	10009380 <hidh_close+0x80>
1000937e:	e0cf      	b.n	10009520 <hidh_close+0x220>
10009380:	23c6      	movs	r3, #198	@ 0xc6
10009382:	00db      	lsls	r3, r3, #3
10009384:	5ceb      	ldrb	r3, [r5, r3]
10009386:	42a3      	cmp	r3, r4
10009388:	d100      	bne.n	1000938c <hidh_close+0x8c>
1000938a:	e0db      	b.n	10009544 <hidh_close+0x244>
1000938c:	23d8      	movs	r3, #216	@ 0xd8
1000938e:	00db      	lsls	r3, r3, #3
10009390:	5ceb      	ldrb	r3, [r5, r3]
10009392:	42a3      	cmp	r3, r4
10009394:	d100      	bne.n	10009398 <hidh_close+0x98>
10009396:	e0e7      	b.n	10009568 <hidh_close+0x268>
10009398:	23ea      	movs	r3, #234	@ 0xea
1000939a:	00db      	lsls	r3, r3, #3
1000939c:	5ceb      	ldrb	r3, [r5, r3]
1000939e:	42a3      	cmp	r3, r4
100093a0:	d100      	bne.n	100093a4 <hidh_close+0xa4>
100093a2:	e0f3      	b.n	1000958c <hidh_close+0x28c>
100093a4:	23fc      	movs	r3, #252	@ 0xfc
100093a6:	00db      	lsls	r3, r3, #3
100093a8:	5ceb      	ldrb	r3, [r5, r3]
100093aa:	42a3      	cmp	r3, r4
100093ac:	d100      	bne.n	100093b0 <hidh_close+0xb0>
100093ae:	e0ff      	b.n	100095b0 <hidh_close+0x2b0>
100093b0:	2387      	movs	r3, #135	@ 0x87
100093b2:	011b      	lsls	r3, r3, #4
100093b4:	5ceb      	ldrb	r3, [r5, r3]
100093b6:	42a3      	cmp	r3, r4
100093b8:	d100      	bne.n	100093bc <hidh_close+0xbc>
100093ba:	e10b      	b.n	100095d4 <hidh_close+0x2d4>
100093bc:	bd70      	pop	{r4, r5, r6, pc}
100093be:	4b8d      	ldr	r3, [pc, #564]	@ (100095f4 <hidh_close+0x2f4>)
100093c0:	2b00      	cmp	r3, #0
100093c2:	d002      	beq.n	100093ca <hidh_close+0xca>
100093c4:	2100      	movs	r1, #0
100093c6:	f7f7 f8c5 	bl	10000554 <tuh_hid_umount_cb>
100093ca:	2290      	movs	r2, #144	@ 0x90
100093cc:	2100      	movs	r1, #0
100093ce:	0028      	movs	r0, r5
100093d0:	f7fa f926 	bl	10003620 <__wrap_memset>
100093d4:	2390      	movs	r3, #144	@ 0x90
100093d6:	5ceb      	ldrb	r3, [r5, r3]
100093d8:	42a3      	cmp	r3, r4
100093da:	d19b      	bne.n	10009314 <hidh_close+0x14>
100093dc:	4b85      	ldr	r3, [pc, #532]	@ (100095f4 <hidh_close+0x2f4>)
100093de:	2b00      	cmp	r3, #0
100093e0:	d003      	beq.n	100093ea <hidh_close+0xea>
100093e2:	2101      	movs	r1, #1
100093e4:	0020      	movs	r0, r4
100093e6:	f7f7 f8b5 	bl	10000554 <tuh_hid_umount_cb>
100093ea:	2290      	movs	r2, #144	@ 0x90
100093ec:	2100      	movs	r1, #0
100093ee:	4882      	ldr	r0, [pc, #520]	@ (100095f8 <hidh_close+0x2f8>)
100093f0:	f7fa f916 	bl	10003620 <__wrap_memset>
100093f4:	2390      	movs	r3, #144	@ 0x90
100093f6:	005b      	lsls	r3, r3, #1
100093f8:	5ceb      	ldrb	r3, [r5, r3]
100093fa:	42a3      	cmp	r3, r4
100093fc:	d000      	beq.n	10009400 <hidh_close+0x100>
100093fe:	e78f      	b.n	10009320 <hidh_close+0x20>
10009400:	4b7c      	ldr	r3, [pc, #496]	@ (100095f4 <hidh_close+0x2f4>)
10009402:	2b00      	cmp	r3, #0
10009404:	d003      	beq.n	1000940e <hidh_close+0x10e>
10009406:	2102      	movs	r1, #2
10009408:	0020      	movs	r0, r4
1000940a:	f7f7 f8a3 	bl	10000554 <tuh_hid_umount_cb>
1000940e:	2290      	movs	r2, #144	@ 0x90
10009410:	2100      	movs	r1, #0
10009412:	487a      	ldr	r0, [pc, #488]	@ (100095fc <hidh_close+0x2fc>)
10009414:	f7fa f904 	bl	10003620 <__wrap_memset>
10009418:	23d8      	movs	r3, #216	@ 0xd8
1000941a:	005b      	lsls	r3, r3, #1
1000941c:	5ceb      	ldrb	r3, [r5, r3]
1000941e:	42a3      	cmp	r3, r4
10009420:	d000      	beq.n	10009424 <hidh_close+0x124>
10009422:	e783      	b.n	1000932c <hidh_close+0x2c>
10009424:	4b73      	ldr	r3, [pc, #460]	@ (100095f4 <hidh_close+0x2f4>)
10009426:	2b00      	cmp	r3, #0
10009428:	d003      	beq.n	10009432 <hidh_close+0x132>
1000942a:	2103      	movs	r1, #3
1000942c:	0020      	movs	r0, r4
1000942e:	f7f7 f891 	bl	10000554 <tuh_hid_umount_cb>
10009432:	2290      	movs	r2, #144	@ 0x90
10009434:	2100      	movs	r1, #0
10009436:	4872      	ldr	r0, [pc, #456]	@ (10009600 <hidh_close+0x300>)
10009438:	f7fa f8f2 	bl	10003620 <__wrap_memset>
1000943c:	2390      	movs	r3, #144	@ 0x90
1000943e:	009b      	lsls	r3, r3, #2
10009440:	5ceb      	ldrb	r3, [r5, r3]
10009442:	42a3      	cmp	r3, r4
10009444:	d000      	beq.n	10009448 <hidh_close+0x148>
10009446:	e777      	b.n	10009338 <hidh_close+0x38>
10009448:	4b6a      	ldr	r3, [pc, #424]	@ (100095f4 <hidh_close+0x2f4>)
1000944a:	2b00      	cmp	r3, #0
1000944c:	d003      	beq.n	10009456 <hidh_close+0x156>
1000944e:	2104      	movs	r1, #4
10009450:	0020      	movs	r0, r4
10009452:	f7f7 f87f 	bl	10000554 <tuh_hid_umount_cb>
10009456:	2290      	movs	r2, #144	@ 0x90
10009458:	2100      	movs	r1, #0
1000945a:	486a      	ldr	r0, [pc, #424]	@ (10009604 <hidh_close+0x304>)
1000945c:	f7fa f8e0 	bl	10003620 <__wrap_memset>
10009460:	23b4      	movs	r3, #180	@ 0xb4
10009462:	009b      	lsls	r3, r3, #2
10009464:	5ceb      	ldrb	r3, [r5, r3]
10009466:	42a3      	cmp	r3, r4
10009468:	d000      	beq.n	1000946c <hidh_close+0x16c>
1000946a:	e76b      	b.n	10009344 <hidh_close+0x44>
1000946c:	4b61      	ldr	r3, [pc, #388]	@ (100095f4 <hidh_close+0x2f4>)
1000946e:	2b00      	cmp	r3, #0
10009470:	d003      	beq.n	1000947a <hidh_close+0x17a>
10009472:	2105      	movs	r1, #5
10009474:	0020      	movs	r0, r4
10009476:	f7f7 f86d 	bl	10000554 <tuh_hid_umount_cb>
1000947a:	2290      	movs	r2, #144	@ 0x90
1000947c:	2100      	movs	r1, #0
1000947e:	4862      	ldr	r0, [pc, #392]	@ (10009608 <hidh_close+0x308>)
10009480:	f7fa f8ce 	bl	10003620 <__wrap_memset>
10009484:	23d8      	movs	r3, #216	@ 0xd8
10009486:	009b      	lsls	r3, r3, #2
10009488:	5ceb      	ldrb	r3, [r5, r3]
1000948a:	42a3      	cmp	r3, r4
1000948c:	d000      	beq.n	10009490 <hidh_close+0x190>
1000948e:	e75f      	b.n	10009350 <hidh_close+0x50>
10009490:	4b58      	ldr	r3, [pc, #352]	@ (100095f4 <hidh_close+0x2f4>)
10009492:	2b00      	cmp	r3, #0
10009494:	d003      	beq.n	1000949e <hidh_close+0x19e>
10009496:	2106      	movs	r1, #6
10009498:	0020      	movs	r0, r4
1000949a:	f7f7 f85b 	bl	10000554 <tuh_hid_umount_cb>
1000949e:	2290      	movs	r2, #144	@ 0x90
100094a0:	2100      	movs	r1, #0
100094a2:	485a      	ldr	r0, [pc, #360]	@ (1000960c <hidh_close+0x30c>)
100094a4:	f7fa f8bc 	bl	10003620 <__wrap_memset>
100094a8:	23fc      	movs	r3, #252	@ 0xfc
100094aa:	009b      	lsls	r3, r3, #2
100094ac:	5ceb      	ldrb	r3, [r5, r3]
100094ae:	42a3      	cmp	r3, r4
100094b0:	d000      	beq.n	100094b4 <hidh_close+0x1b4>
100094b2:	e753      	b.n	1000935c <hidh_close+0x5c>
100094b4:	4b4f      	ldr	r3, [pc, #316]	@ (100095f4 <hidh_close+0x2f4>)
100094b6:	2b00      	cmp	r3, #0
100094b8:	d003      	beq.n	100094c2 <hidh_close+0x1c2>
100094ba:	2107      	movs	r1, #7
100094bc:	0020      	movs	r0, r4
100094be:	f7f7 f849 	bl	10000554 <tuh_hid_umount_cb>
100094c2:	2290      	movs	r2, #144	@ 0x90
100094c4:	2100      	movs	r1, #0
100094c6:	4852      	ldr	r0, [pc, #328]	@ (10009610 <hidh_close+0x310>)
100094c8:	f7fa f8aa 	bl	10003620 <__wrap_memset>
100094cc:	2390      	movs	r3, #144	@ 0x90
100094ce:	00db      	lsls	r3, r3, #3
100094d0:	5ceb      	ldrb	r3, [r5, r3]
100094d2:	42a3      	cmp	r3, r4
100094d4:	d000      	beq.n	100094d8 <hidh_close+0x1d8>
100094d6:	e747      	b.n	10009368 <hidh_close+0x68>
100094d8:	4b46      	ldr	r3, [pc, #280]	@ (100095f4 <hidh_close+0x2f4>)
100094da:	2b00      	cmp	r3, #0
100094dc:	d003      	beq.n	100094e6 <hidh_close+0x1e6>
100094de:	2108      	movs	r1, #8
100094e0:	0020      	movs	r0, r4
100094e2:	f7f7 f837 	bl	10000554 <tuh_hid_umount_cb>
100094e6:	2290      	movs	r2, #144	@ 0x90
100094e8:	2100      	movs	r1, #0
100094ea:	484a      	ldr	r0, [pc, #296]	@ (10009614 <hidh_close+0x314>)
100094ec:	f7fa f898 	bl	10003620 <__wrap_memset>
100094f0:	23a2      	movs	r3, #162	@ 0xa2
100094f2:	00db      	lsls	r3, r3, #3
100094f4:	5ceb      	ldrb	r3, [r5, r3]
100094f6:	42a3      	cmp	r3, r4
100094f8:	d000      	beq.n	100094fc <hidh_close+0x1fc>
100094fa:	e73b      	b.n	10009374 <hidh_close+0x74>
100094fc:	4b3d      	ldr	r3, [pc, #244]	@ (100095f4 <hidh_close+0x2f4>)
100094fe:	2b00      	cmp	r3, #0
10009500:	d003      	beq.n	1000950a <hidh_close+0x20a>
10009502:	2109      	movs	r1, #9
10009504:	0020      	movs	r0, r4
10009506:	f7f7 f825 	bl	10000554 <tuh_hid_umount_cb>
1000950a:	2290      	movs	r2, #144	@ 0x90
1000950c:	2100      	movs	r1, #0
1000950e:	4842      	ldr	r0, [pc, #264]	@ (10009618 <hidh_close+0x318>)
10009510:	f7fa f886 	bl	10003620 <__wrap_memset>
10009514:	23b4      	movs	r3, #180	@ 0xb4
10009516:	00db      	lsls	r3, r3, #3
10009518:	5ceb      	ldrb	r3, [r5, r3]
1000951a:	42a3      	cmp	r3, r4
1000951c:	d000      	beq.n	10009520 <hidh_close+0x220>
1000951e:	e72f      	b.n	10009380 <hidh_close+0x80>
10009520:	4b34      	ldr	r3, [pc, #208]	@ (100095f4 <hidh_close+0x2f4>)
10009522:	2b00      	cmp	r3, #0
10009524:	d003      	beq.n	1000952e <hidh_close+0x22e>
10009526:	210a      	movs	r1, #10
10009528:	0020      	movs	r0, r4
1000952a:	f7f7 f813 	bl	10000554 <tuh_hid_umount_cb>
1000952e:	2290      	movs	r2, #144	@ 0x90
10009530:	2100      	movs	r1, #0
10009532:	483a      	ldr	r0, [pc, #232]	@ (1000961c <hidh_close+0x31c>)
10009534:	f7fa f874 	bl	10003620 <__wrap_memset>
10009538:	23c6      	movs	r3, #198	@ 0xc6
1000953a:	00db      	lsls	r3, r3, #3
1000953c:	5ceb      	ldrb	r3, [r5, r3]
1000953e:	42a3      	cmp	r3, r4
10009540:	d000      	beq.n	10009544 <hidh_close+0x244>
10009542:	e723      	b.n	1000938c <hidh_close+0x8c>
10009544:	4b2b      	ldr	r3, [pc, #172]	@ (100095f4 <hidh_close+0x2f4>)
10009546:	2b00      	cmp	r3, #0
10009548:	d003      	beq.n	10009552 <hidh_close+0x252>
1000954a:	210b      	movs	r1, #11
1000954c:	0020      	movs	r0, r4
1000954e:	f7f7 f801 	bl	10000554 <tuh_hid_umount_cb>
10009552:	2290      	movs	r2, #144	@ 0x90
10009554:	2100      	movs	r1, #0
10009556:	4832      	ldr	r0, [pc, #200]	@ (10009620 <hidh_close+0x320>)
10009558:	f7fa f862 	bl	10003620 <__wrap_memset>
1000955c:	23d8      	movs	r3, #216	@ 0xd8
1000955e:	00db      	lsls	r3, r3, #3
10009560:	5ceb      	ldrb	r3, [r5, r3]
10009562:	42a3      	cmp	r3, r4
10009564:	d000      	beq.n	10009568 <hidh_close+0x268>
10009566:	e717      	b.n	10009398 <hidh_close+0x98>
10009568:	4b22      	ldr	r3, [pc, #136]	@ (100095f4 <hidh_close+0x2f4>)
1000956a:	2b00      	cmp	r3, #0
1000956c:	d003      	beq.n	10009576 <hidh_close+0x276>
1000956e:	210c      	movs	r1, #12
10009570:	0020      	movs	r0, r4
10009572:	f7f6 ffef 	bl	10000554 <tuh_hid_umount_cb>
10009576:	2290      	movs	r2, #144	@ 0x90
10009578:	2100      	movs	r1, #0
1000957a:	482a      	ldr	r0, [pc, #168]	@ (10009624 <hidh_close+0x324>)
1000957c:	f7fa f850 	bl	10003620 <__wrap_memset>
10009580:	23ea      	movs	r3, #234	@ 0xea
10009582:	00db      	lsls	r3, r3, #3
10009584:	5ceb      	ldrb	r3, [r5, r3]
10009586:	42a3      	cmp	r3, r4
10009588:	d000      	beq.n	1000958c <hidh_close+0x28c>
1000958a:	e70b      	b.n	100093a4 <hidh_close+0xa4>
1000958c:	4b19      	ldr	r3, [pc, #100]	@ (100095f4 <hidh_close+0x2f4>)
1000958e:	2b00      	cmp	r3, #0
10009590:	d003      	beq.n	1000959a <hidh_close+0x29a>
10009592:	210d      	movs	r1, #13
10009594:	0020      	movs	r0, r4
10009596:	f7f6 ffdd 	bl	10000554 <tuh_hid_umount_cb>
1000959a:	2290      	movs	r2, #144	@ 0x90
1000959c:	2100      	movs	r1, #0
1000959e:	4822      	ldr	r0, [pc, #136]	@ (10009628 <hidh_close+0x328>)
100095a0:	f7fa f83e 	bl	10003620 <__wrap_memset>
100095a4:	23fc      	movs	r3, #252	@ 0xfc
100095a6:	00db      	lsls	r3, r3, #3
100095a8:	5ceb      	ldrb	r3, [r5, r3]
100095aa:	42a3      	cmp	r3, r4
100095ac:	d000      	beq.n	100095b0 <hidh_close+0x2b0>
100095ae:	e6ff      	b.n	100093b0 <hidh_close+0xb0>
100095b0:	4b10      	ldr	r3, [pc, #64]	@ (100095f4 <hidh_close+0x2f4>)
100095b2:	2b00      	cmp	r3, #0
100095b4:	d003      	beq.n	100095be <hidh_close+0x2be>
100095b6:	210e      	movs	r1, #14
100095b8:	0020      	movs	r0, r4
100095ba:	f7f6 ffcb 	bl	10000554 <tuh_hid_umount_cb>
100095be:	2290      	movs	r2, #144	@ 0x90
100095c0:	2100      	movs	r1, #0
100095c2:	481a      	ldr	r0, [pc, #104]	@ (1000962c <hidh_close+0x32c>)
100095c4:	f7fa f82c 	bl	10003620 <__wrap_memset>
100095c8:	2387      	movs	r3, #135	@ 0x87
100095ca:	011b      	lsls	r3, r3, #4
100095cc:	5ceb      	ldrb	r3, [r5, r3]
100095ce:	42a3      	cmp	r3, r4
100095d0:	d000      	beq.n	100095d4 <hidh_close+0x2d4>
100095d2:	e6f3      	b.n	100093bc <hidh_close+0xbc>
100095d4:	4b07      	ldr	r3, [pc, #28]	@ (100095f4 <hidh_close+0x2f4>)
100095d6:	2b00      	cmp	r3, #0
100095d8:	d003      	beq.n	100095e2 <hidh_close+0x2e2>
100095da:	210f      	movs	r1, #15
100095dc:	0020      	movs	r0, r4
100095de:	f7f6 ffb9 	bl	10000554 <tuh_hid_umount_cb>
100095e2:	2290      	movs	r2, #144	@ 0x90
100095e4:	2100      	movs	r1, #0
100095e6:	4812      	ldr	r0, [pc, #72]	@ (10009630 <hidh_close+0x330>)
100095e8:	f7fa f81a 	bl	10003620 <__wrap_memset>
100095ec:	e6e6      	b.n	100093bc <hidh_close+0xbc>
100095ee:	46c0      	nop			@ (mov r8, r8)
100095f0:	20001190 	.word	0x20001190
100095f4:	10000555 	.word	0x10000555
100095f8:	20001220 	.word	0x20001220
100095fc:	200012b0 	.word	0x200012b0
10009600:	20001340 	.word	0x20001340
10009604:	200013d0 	.word	0x200013d0
10009608:	20001460 	.word	0x20001460
1000960c:	200014f0 	.word	0x200014f0
10009610:	20001580 	.word	0x20001580
10009614:	20001610 	.word	0x20001610
10009618:	200016a0 	.word	0x200016a0
1000961c:	20001730 	.word	0x20001730
10009620:	200017c0 	.word	0x200017c0
10009624:	20001850 	.word	0x20001850
10009628:	200018e0 	.word	0x200018e0
1000962c:	20001970 	.word	0x20001970
10009630:	20001a00 	.word	0x20001a00

10009634 <hidh_open>:
10009634:	b5f0      	push	{r4, r5, r6, r7, lr}
10009636:	464e      	mov	r6, r9
10009638:	46de      	mov	lr, fp
1000963a:	4657      	mov	r7, sl
1000963c:	4645      	mov	r5, r8
1000963e:	b5e0      	push	{r5, r6, r7, lr}
10009640:	0014      	movs	r4, r2
10009642:	7952      	ldrb	r2, [r2, #5]
10009644:	000e      	movs	r6, r1
10009646:	b083      	sub	sp, #12
10009648:	2a03      	cmp	r2, #3
1000964a:	d16a      	bne.n	10009722 <hidh_open+0xee>
1000964c:	7921      	ldrb	r1, [r4, #4]
1000964e:	00ca      	lsls	r2, r1, #3
10009650:	1a52      	subs	r2, r2, r1
10009652:	3212      	adds	r2, #18
10009654:	b292      	uxth	r2, r2
10009656:	429a      	cmp	r2, r3
10009658:	d863      	bhi.n	10009722 <hidh_open+0xee>
1000965a:	7823      	ldrb	r3, [r4, #0]
1000965c:	469a      	mov	sl, r3
1000965e:	44a2      	add	sl, r4
10009660:	4653      	mov	r3, sl
10009662:	785b      	ldrb	r3, [r3, #1]
10009664:	2b21      	cmp	r3, #33	@ 0x21
10009666:	d15c      	bne.n	10009722 <hidh_open+0xee>
10009668:	4f6d      	ldr	r7, [pc, #436]	@ (10009820 <hidh_open+0x1ec>)
1000966a:	783b      	ldrb	r3, [r7, #0]
1000966c:	2b00      	cmp	r3, #0
1000966e:	d100      	bne.n	10009672 <hidh_open+0x3e>
10009670:	e0a8      	b.n	100097c4 <hidh_open+0x190>
10009672:	2390      	movs	r3, #144	@ 0x90
10009674:	5cfb      	ldrb	r3, [r7, r3]
10009676:	2b00      	cmp	r3, #0
10009678:	d100      	bne.n	1000967c <hidh_open+0x48>
1000967a:	e0a6      	b.n	100097ca <hidh_open+0x196>
1000967c:	2390      	movs	r3, #144	@ 0x90
1000967e:	005b      	lsls	r3, r3, #1
10009680:	5cfb      	ldrb	r3, [r7, r3]
10009682:	2b00      	cmp	r3, #0
10009684:	d100      	bne.n	10009688 <hidh_open+0x54>
10009686:	e0a3      	b.n	100097d0 <hidh_open+0x19c>
10009688:	23d8      	movs	r3, #216	@ 0xd8
1000968a:	005b      	lsls	r3, r3, #1
1000968c:	5cfb      	ldrb	r3, [r7, r3]
1000968e:	2b00      	cmp	r3, #0
10009690:	d100      	bne.n	10009694 <hidh_open+0x60>
10009692:	e0a0      	b.n	100097d6 <hidh_open+0x1a2>
10009694:	2390      	movs	r3, #144	@ 0x90
10009696:	009b      	lsls	r3, r3, #2
10009698:	5cfb      	ldrb	r3, [r7, r3]
1000969a:	2b00      	cmp	r3, #0
1000969c:	d100      	bne.n	100096a0 <hidh_open+0x6c>
1000969e:	e09d      	b.n	100097dc <hidh_open+0x1a8>
100096a0:	23b4      	movs	r3, #180	@ 0xb4
100096a2:	009b      	lsls	r3, r3, #2
100096a4:	5cfb      	ldrb	r3, [r7, r3]
100096a6:	2b00      	cmp	r3, #0
100096a8:	d100      	bne.n	100096ac <hidh_open+0x78>
100096aa:	e09a      	b.n	100097e2 <hidh_open+0x1ae>
100096ac:	23d8      	movs	r3, #216	@ 0xd8
100096ae:	009b      	lsls	r3, r3, #2
100096b0:	5cfb      	ldrb	r3, [r7, r3]
100096b2:	2b00      	cmp	r3, #0
100096b4:	d100      	bne.n	100096b8 <hidh_open+0x84>
100096b6:	e097      	b.n	100097e8 <hidh_open+0x1b4>
100096b8:	23fc      	movs	r3, #252	@ 0xfc
100096ba:	009b      	lsls	r3, r3, #2
100096bc:	5cfb      	ldrb	r3, [r7, r3]
100096be:	2b00      	cmp	r3, #0
100096c0:	d100      	bne.n	100096c4 <hidh_open+0x90>
100096c2:	e094      	b.n	100097ee <hidh_open+0x1ba>
100096c4:	2390      	movs	r3, #144	@ 0x90
100096c6:	00db      	lsls	r3, r3, #3
100096c8:	5cfb      	ldrb	r3, [r7, r3]
100096ca:	2b00      	cmp	r3, #0
100096cc:	d100      	bne.n	100096d0 <hidh_open+0x9c>
100096ce:	e091      	b.n	100097f4 <hidh_open+0x1c0>
100096d0:	23a2      	movs	r3, #162	@ 0xa2
100096d2:	00db      	lsls	r3, r3, #3
100096d4:	5cfb      	ldrb	r3, [r7, r3]
100096d6:	2b00      	cmp	r3, #0
100096d8:	d100      	bne.n	100096dc <hidh_open+0xa8>
100096da:	e08e      	b.n	100097fa <hidh_open+0x1c6>
100096dc:	23b4      	movs	r3, #180	@ 0xb4
100096de:	00db      	lsls	r3, r3, #3
100096e0:	5cfb      	ldrb	r3, [r7, r3]
100096e2:	2b00      	cmp	r3, #0
100096e4:	d100      	bne.n	100096e8 <hidh_open+0xb4>
100096e6:	e08b      	b.n	10009800 <hidh_open+0x1cc>
100096e8:	23c6      	movs	r3, #198	@ 0xc6
100096ea:	00db      	lsls	r3, r3, #3
100096ec:	5cfb      	ldrb	r3, [r7, r3]
100096ee:	2b00      	cmp	r3, #0
100096f0:	d100      	bne.n	100096f4 <hidh_open+0xc0>
100096f2:	e088      	b.n	10009806 <hidh_open+0x1d2>
100096f4:	23d8      	movs	r3, #216	@ 0xd8
100096f6:	00db      	lsls	r3, r3, #3
100096f8:	5cfb      	ldrb	r3, [r7, r3]
100096fa:	2b00      	cmp	r3, #0
100096fc:	d100      	bne.n	10009700 <hidh_open+0xcc>
100096fe:	e085      	b.n	1000980c <hidh_open+0x1d8>
10009700:	23ea      	movs	r3, #234	@ 0xea
10009702:	00db      	lsls	r3, r3, #3
10009704:	5cfb      	ldrb	r3, [r7, r3]
10009706:	2b00      	cmp	r3, #0
10009708:	d100      	bne.n	1000970c <hidh_open+0xd8>
1000970a:	e082      	b.n	10009812 <hidh_open+0x1de>
1000970c:	23fc      	movs	r3, #252	@ 0xfc
1000970e:	00db      	lsls	r3, r3, #3
10009710:	5cfb      	ldrb	r3, [r7, r3]
10009712:	2b00      	cmp	r3, #0
10009714:	d100      	bne.n	10009718 <hidh_open+0xe4>
10009716:	e07f      	b.n	10009818 <hidh_open+0x1e4>
10009718:	2387      	movs	r3, #135	@ 0x87
1000971a:	011b      	lsls	r3, r3, #4
1000971c:	5cfb      	ldrb	r3, [r7, r3]
1000971e:	2b00      	cmp	r3, #0
10009720:	d007      	beq.n	10009732 <hidh_open+0xfe>
10009722:	2000      	movs	r0, #0
10009724:	b003      	add	sp, #12
10009726:	bcf0      	pop	{r4, r5, r6, r7}
10009728:	46bb      	mov	fp, r7
1000972a:	46b2      	mov	sl, r6
1000972c:	46a9      	mov	r9, r5
1000972e:	46a0      	mov	r8, r4
10009730:	bdf0      	pop	{r4, r5, r6, r7, pc}
10009732:	330f      	adds	r3, #15
10009734:	469b      	mov	fp, r3
10009736:	465b      	mov	r3, fp
10009738:	4652      	mov	r2, sl
1000973a:	00db      	lsls	r3, r3, #3
1000973c:	9301      	str	r3, [sp, #4]
1000973e:	445b      	add	r3, fp
10009740:	011b      	lsls	r3, r3, #4
10009742:	54fe      	strb	r6, [r7, r3]
10009744:	7815      	ldrb	r5, [r2, #0]
10009746:	4699      	mov	r9, r3
10009748:	2200      	movs	r2, #0
1000974a:	4455      	add	r5, sl
1000974c:	4690      	mov	r8, r2
1000974e:	44b9      	add	r9, r7
10009750:	2900      	cmp	r1, #0
10009752:	d10b      	bne.n	1000976c <hidh_open+0x138>
10009754:	e021      	b.n	1000979a <hidh_open+0x166>
10009756:	4649      	mov	r1, r9
10009758:	70ca      	strb	r2, [r1, #3]
1000975a:	818b      	strh	r3, [r1, #12]
1000975c:	782b      	ldrb	r3, [r5, #0]
1000975e:	18ed      	adds	r5, r5, r3
10009760:	2301      	movs	r3, #1
10009762:	469c      	mov	ip, r3
10009764:	7923      	ldrb	r3, [r4, #4]
10009766:	44e0      	add	r8, ip
10009768:	4543      	cmp	r3, r8
1000976a:	dd16      	ble.n	1000979a <hidh_open+0x166>
1000976c:	786b      	ldrb	r3, [r5, #1]
1000976e:	2b05      	cmp	r3, #5
10009770:	d1d7      	bne.n	10009722 <hidh_open+0xee>
10009772:	0029      	movs	r1, r5
10009774:	0030      	movs	r0, r6
10009776:	f7fe fad1 	bl	10007d1c <tuh_edpt_open>
1000977a:	2800      	cmp	r0, #0
1000977c:	d0d1      	beq.n	10009722 <hidh_open+0xee>
1000977e:	796b      	ldrb	r3, [r5, #5]
10009780:	7929      	ldrb	r1, [r5, #4]
10009782:	021b      	lsls	r3, r3, #8
10009784:	430b      	orrs	r3, r1
10009786:	78aa      	ldrb	r2, [r5, #2]
10009788:	055b      	lsls	r3, r3, #21
1000978a:	0d5b      	lsrs	r3, r3, #21
1000978c:	09d1      	lsrs	r1, r2, #7
1000978e:	2901      	cmp	r1, #1
10009790:	d1e1      	bne.n	10009756 <hidh_open+0x122>
10009792:	4649      	mov	r1, r9
10009794:	708a      	strb	r2, [r1, #2]
10009796:	814b      	strh	r3, [r1, #10]
10009798:	e7e0      	b.n	1000975c <hidh_open+0x128>
1000979a:	9b01      	ldr	r3, [sp, #4]
1000979c:	78a2      	ldrb	r2, [r4, #2]
1000979e:	445b      	add	r3, fp
100097a0:	011b      	lsls	r3, r3, #4
100097a2:	18fb      	adds	r3, r7, r3
100097a4:	705a      	strb	r2, [r3, #1]
100097a6:	4652      	mov	r2, sl
100097a8:	7992      	ldrb	r2, [r2, #6]
100097aa:	2001      	movs	r0, #1
100097ac:	71da      	strb	r2, [r3, #7]
100097ae:	4652      	mov	r2, sl
100097b0:	79d1      	ldrb	r1, [r2, #7]
100097b2:	7a12      	ldrb	r2, [r2, #8]
100097b4:	0212      	lsls	r2, r2, #8
100097b6:	430a      	orrs	r2, r1
100097b8:	811a      	strh	r2, [r3, #8]
100097ba:	2201      	movs	r2, #1
100097bc:	719a      	strb	r2, [r3, #6]
100097be:	2200      	movs	r2, #0
100097c0:	715a      	strb	r2, [r3, #5]
100097c2:	e7af      	b.n	10009724 <hidh_open+0xf0>
100097c4:	2300      	movs	r3, #0
100097c6:	469b      	mov	fp, r3
100097c8:	e7b5      	b.n	10009736 <hidh_open+0x102>
100097ca:	2301      	movs	r3, #1
100097cc:	469b      	mov	fp, r3
100097ce:	e7b2      	b.n	10009736 <hidh_open+0x102>
100097d0:	2302      	movs	r3, #2
100097d2:	469b      	mov	fp, r3
100097d4:	e7af      	b.n	10009736 <hidh_open+0x102>
100097d6:	2303      	movs	r3, #3
100097d8:	469b      	mov	fp, r3
100097da:	e7ac      	b.n	10009736 <hidh_open+0x102>
100097dc:	2304      	movs	r3, #4
100097de:	469b      	mov	fp, r3
100097e0:	e7a9      	b.n	10009736 <hidh_open+0x102>
100097e2:	2305      	movs	r3, #5
100097e4:	469b      	mov	fp, r3
100097e6:	e7a6      	b.n	10009736 <hidh_open+0x102>
100097e8:	2306      	movs	r3, #6
100097ea:	469b      	mov	fp, r3
100097ec:	e7a3      	b.n	10009736 <hidh_open+0x102>
100097ee:	2307      	movs	r3, #7
100097f0:	469b      	mov	fp, r3
100097f2:	e7a0      	b.n	10009736 <hidh_open+0x102>
100097f4:	2308      	movs	r3, #8
100097f6:	469b      	mov	fp, r3
100097f8:	e79d      	b.n	10009736 <hidh_open+0x102>
100097fa:	2309      	movs	r3, #9
100097fc:	469b      	mov	fp, r3
100097fe:	e79a      	b.n	10009736 <hidh_open+0x102>
10009800:	230a      	movs	r3, #10
10009802:	469b      	mov	fp, r3
10009804:	e797      	b.n	10009736 <hidh_open+0x102>
10009806:	230b      	movs	r3, #11
10009808:	469b      	mov	fp, r3
1000980a:	e794      	b.n	10009736 <hidh_open+0x102>
1000980c:	230c      	movs	r3, #12
1000980e:	469b      	mov	fp, r3
10009810:	e791      	b.n	10009736 <hidh_open+0x102>
10009812:	230d      	movs	r3, #13
10009814:	469b      	mov	fp, r3
10009816:	e78e      	b.n	10009736 <hidh_open+0x102>
10009818:	230e      	movs	r3, #14
1000981a:	469b      	mov	fp, r3
1000981c:	e78b      	b.n	10009736 <hidh_open+0x102>
1000981e:	46c0      	nop			@ (mov r8, r8)
10009820:	20001190 	.word	0x20001190

10009824 <hidh_set_config>:
10009824:	b5f0      	push	{r4, r5, r6, r7, lr}
10009826:	4b77      	ldr	r3, [pc, #476]	@ (10009a04 <hidh_set_config+0x1e0>)
10009828:	0004      	movs	r4, r0
1000982a:	781a      	ldrb	r2, [r3, #0]
1000982c:	b089      	sub	sp, #36	@ 0x24
1000982e:	4282      	cmp	r2, r0
10009830:	d060      	beq.n	100098f4 <hidh_set_config+0xd0>
10009832:	2290      	movs	r2, #144	@ 0x90
10009834:	5c9a      	ldrb	r2, [r3, r2]
10009836:	42a2      	cmp	r2, r4
10009838:	d100      	bne.n	1000983c <hidh_set_config+0x18>
1000983a:	e07e      	b.n	1000993a <hidh_set_config+0x116>
1000983c:	2290      	movs	r2, #144	@ 0x90
1000983e:	0052      	lsls	r2, r2, #1
10009840:	5c9a      	ldrb	r2, [r3, r2]
10009842:	42a2      	cmp	r2, r4
10009844:	d100      	bne.n	10009848 <hidh_set_config+0x24>
10009846:	e07f      	b.n	10009948 <hidh_set_config+0x124>
10009848:	22d8      	movs	r2, #216	@ 0xd8
1000984a:	0052      	lsls	r2, r2, #1
1000984c:	5c9a      	ldrb	r2, [r3, r2]
1000984e:	42a2      	cmp	r2, r4
10009850:	d100      	bne.n	10009854 <hidh_set_config+0x30>
10009852:	e081      	b.n	10009958 <hidh_set_config+0x134>
10009854:	2290      	movs	r2, #144	@ 0x90
10009856:	0092      	lsls	r2, r2, #2
10009858:	5c9a      	ldrb	r2, [r3, r2]
1000985a:	42a2      	cmp	r2, r4
1000985c:	d100      	bne.n	10009860 <hidh_set_config+0x3c>
1000985e:	e083      	b.n	10009968 <hidh_set_config+0x144>
10009860:	22b4      	movs	r2, #180	@ 0xb4
10009862:	0092      	lsls	r2, r2, #2
10009864:	5c9a      	ldrb	r2, [r3, r2]
10009866:	42a2      	cmp	r2, r4
10009868:	d100      	bne.n	1000986c <hidh_set_config+0x48>
1000986a:	e084      	b.n	10009976 <hidh_set_config+0x152>
1000986c:	22d8      	movs	r2, #216	@ 0xd8
1000986e:	0092      	lsls	r2, r2, #2
10009870:	5c9a      	ldrb	r2, [r3, r2]
10009872:	42a2      	cmp	r2, r4
10009874:	d100      	bne.n	10009878 <hidh_set_config+0x54>
10009876:	e085      	b.n	10009984 <hidh_set_config+0x160>
10009878:	22fc      	movs	r2, #252	@ 0xfc
1000987a:	0092      	lsls	r2, r2, #2
1000987c:	5c9a      	ldrb	r2, [r3, r2]
1000987e:	42a2      	cmp	r2, r4
10009880:	d100      	bne.n	10009884 <hidh_set_config+0x60>
10009882:	e086      	b.n	10009992 <hidh_set_config+0x16e>
10009884:	2290      	movs	r2, #144	@ 0x90
10009886:	00d2      	lsls	r2, r2, #3
10009888:	5c9a      	ldrb	r2, [r3, r2]
1000988a:	42a2      	cmp	r2, r4
1000988c:	d100      	bne.n	10009890 <hidh_set_config+0x6c>
1000988e:	e087      	b.n	100099a0 <hidh_set_config+0x17c>
10009890:	22a2      	movs	r2, #162	@ 0xa2
10009892:	00d2      	lsls	r2, r2, #3
10009894:	5c9a      	ldrb	r2, [r3, r2]
10009896:	42a2      	cmp	r2, r4
10009898:	d100      	bne.n	1000989c <hidh_set_config+0x78>
1000989a:	e088      	b.n	100099ae <hidh_set_config+0x18a>
1000989c:	22b4      	movs	r2, #180	@ 0xb4
1000989e:	00d2      	lsls	r2, r2, #3
100098a0:	5c9a      	ldrb	r2, [r3, r2]
100098a2:	42a2      	cmp	r2, r4
100098a4:	d100      	bne.n	100098a8 <hidh_set_config+0x84>
100098a6:	e089      	b.n	100099bc <hidh_set_config+0x198>
100098a8:	22c6      	movs	r2, #198	@ 0xc6
100098aa:	00d2      	lsls	r2, r2, #3
100098ac:	5c9a      	ldrb	r2, [r3, r2]
100098ae:	42a2      	cmp	r2, r4
100098b0:	d100      	bne.n	100098b4 <hidh_set_config+0x90>
100098b2:	e08a      	b.n	100099ca <hidh_set_config+0x1a6>
100098b4:	22d8      	movs	r2, #216	@ 0xd8
100098b6:	00d2      	lsls	r2, r2, #3
100098b8:	5c9a      	ldrb	r2, [r3, r2]
100098ba:	42a2      	cmp	r2, r4
100098bc:	d100      	bne.n	100098c0 <hidh_set_config+0x9c>
100098be:	e08b      	b.n	100099d8 <hidh_set_config+0x1b4>
100098c0:	22ea      	movs	r2, #234	@ 0xea
100098c2:	00d2      	lsls	r2, r2, #3
100098c4:	5c9a      	ldrb	r2, [r3, r2]
100098c6:	42a2      	cmp	r2, r4
100098c8:	d100      	bne.n	100098cc <hidh_set_config+0xa8>
100098ca:	e08c      	b.n	100099e6 <hidh_set_config+0x1c2>
100098cc:	22fc      	movs	r2, #252	@ 0xfc
100098ce:	00d2      	lsls	r2, r2, #3
100098d0:	5c9a      	ldrb	r2, [r3, r2]
100098d2:	42a2      	cmp	r2, r4
100098d4:	d100      	bne.n	100098d8 <hidh_set_config+0xb4>
100098d6:	e08d      	b.n	100099f4 <hidh_set_config+0x1d0>
100098d8:	2287      	movs	r2, #135	@ 0x87
100098da:	0112      	lsls	r2, r2, #4
100098dc:	5c9a      	ldrb	r2, [r3, r2]
100098de:	42a2      	cmp	r2, r4
100098e0:	d002      	beq.n	100098e8 <hidh_set_config+0xc4>
100098e2:	2001      	movs	r0, #1
100098e4:	b009      	add	sp, #36	@ 0x24
100098e6:	bdf0      	pop	{r4, r5, r6, r7, pc}
100098e8:	4a47      	ldr	r2, [pc, #284]	@ (10009a08 <hidh_set_config+0x1e4>)
100098ea:	5c9a      	ldrb	r2, [r3, r2]
100098ec:	428a      	cmp	r2, r1
100098ee:	d1f8      	bne.n	100098e2 <hidh_set_config+0xbe>
100098f0:	200f      	movs	r0, #15
100098f2:	e003      	b.n	100098fc <hidh_set_config+0xd8>
100098f4:	785a      	ldrb	r2, [r3, #1]
100098f6:	428a      	cmp	r2, r1
100098f8:	d19b      	bne.n	10009832 <hidh_set_config+0xe>
100098fa:	2000      	movs	r0, #0
100098fc:	2c00      	cmp	r4, #0
100098fe:	d0f0      	beq.n	100098e2 <hidh_set_config+0xbe>
10009900:	00c2      	lsls	r2, r0, #3
10009902:	1812      	adds	r2, r2, r0
10009904:	0112      	lsls	r2, r2, #4
10009906:	189b      	adds	r3, r3, r2
10009908:	795e      	ldrb	r6, [r3, #5]
1000990a:	466f      	mov	r7, sp
1000990c:	4273      	negs	r3, r6
1000990e:	415e      	adcs	r6, r3
10009910:	4b3e      	ldr	r3, [pc, #248]	@ (10009a0c <hidh_set_config+0x1e8>)
10009912:	ad02      	add	r5, sp, #8
10009914:	9300      	str	r3, [sp, #0]
10009916:	2300      	movs	r3, #0
10009918:	80b9      	strh	r1, [r7, #4]
1000991a:	2210      	movs	r2, #16
1000991c:	2100      	movs	r1, #0
1000991e:	0028      	movs	r0, r5
10009920:	80fb      	strh	r3, [r7, #6]
10009922:	f7f9 fe7d 	bl	10003620 <__wrap_memset>
10009926:	4b3a      	ldr	r3, [pc, #232]	@ (10009a10 <hidh_set_config+0x1ec>)
10009928:	3601      	adds	r6, #1
1000992a:	0028      	movs	r0, r5
1000992c:	702c      	strb	r4, [r5, #0]
1000992e:	9704      	str	r7, [sp, #16]
10009930:	9306      	str	r3, [sp, #24]
10009932:	9607      	str	r6, [sp, #28]
10009934:	f7fd fc06 	bl	10007144 <tuh_control_xfer>
10009938:	e7d3      	b.n	100098e2 <hidh_set_config+0xbe>
1000993a:	2291      	movs	r2, #145	@ 0x91
1000993c:	5c9a      	ldrb	r2, [r3, r2]
1000993e:	428a      	cmp	r2, r1
10009940:	d000      	beq.n	10009944 <hidh_set_config+0x120>
10009942:	e77b      	b.n	1000983c <hidh_set_config+0x18>
10009944:	2001      	movs	r0, #1
10009946:	e7d9      	b.n	100098fc <hidh_set_config+0xd8>
10009948:	2222      	movs	r2, #34	@ 0x22
1000994a:	32ff      	adds	r2, #255	@ 0xff
1000994c:	5c9a      	ldrb	r2, [r3, r2]
1000994e:	428a      	cmp	r2, r1
10009950:	d000      	beq.n	10009954 <hidh_set_config+0x130>
10009952:	e779      	b.n	10009848 <hidh_set_config+0x24>
10009954:	2002      	movs	r0, #2
10009956:	e7d1      	b.n	100098fc <hidh_set_config+0xd8>
10009958:	22b2      	movs	r2, #178	@ 0xb2
1000995a:	32ff      	adds	r2, #255	@ 0xff
1000995c:	5c9a      	ldrb	r2, [r3, r2]
1000995e:	428a      	cmp	r2, r1
10009960:	d000      	beq.n	10009964 <hidh_set_config+0x140>
10009962:	e777      	b.n	10009854 <hidh_set_config+0x30>
10009964:	2003      	movs	r0, #3
10009966:	e7c9      	b.n	100098fc <hidh_set_config+0xd8>
10009968:	4a2a      	ldr	r2, [pc, #168]	@ (10009a14 <hidh_set_config+0x1f0>)
1000996a:	5c9a      	ldrb	r2, [r3, r2]
1000996c:	428a      	cmp	r2, r1
1000996e:	d000      	beq.n	10009972 <hidh_set_config+0x14e>
10009970:	e776      	b.n	10009860 <hidh_set_config+0x3c>
10009972:	2004      	movs	r0, #4
10009974:	e7c2      	b.n	100098fc <hidh_set_config+0xd8>
10009976:	4a28      	ldr	r2, [pc, #160]	@ (10009a18 <hidh_set_config+0x1f4>)
10009978:	5c9a      	ldrb	r2, [r3, r2]
1000997a:	428a      	cmp	r2, r1
1000997c:	d000      	beq.n	10009980 <hidh_set_config+0x15c>
1000997e:	e775      	b.n	1000986c <hidh_set_config+0x48>
10009980:	2005      	movs	r0, #5
10009982:	e7bb      	b.n	100098fc <hidh_set_config+0xd8>
10009984:	4a25      	ldr	r2, [pc, #148]	@ (10009a1c <hidh_set_config+0x1f8>)
10009986:	5c9a      	ldrb	r2, [r3, r2]
10009988:	428a      	cmp	r2, r1
1000998a:	d000      	beq.n	1000998e <hidh_set_config+0x16a>
1000998c:	e774      	b.n	10009878 <hidh_set_config+0x54>
1000998e:	2006      	movs	r0, #6
10009990:	e7b4      	b.n	100098fc <hidh_set_config+0xd8>
10009992:	4a23      	ldr	r2, [pc, #140]	@ (10009a20 <hidh_set_config+0x1fc>)
10009994:	5c9a      	ldrb	r2, [r3, r2]
10009996:	428a      	cmp	r2, r1
10009998:	d000      	beq.n	1000999c <hidh_set_config+0x178>
1000999a:	e773      	b.n	10009884 <hidh_set_config+0x60>
1000999c:	2007      	movs	r0, #7
1000999e:	e7ad      	b.n	100098fc <hidh_set_config+0xd8>
100099a0:	4a20      	ldr	r2, [pc, #128]	@ (10009a24 <hidh_set_config+0x200>)
100099a2:	5c9a      	ldrb	r2, [r3, r2]
100099a4:	428a      	cmp	r2, r1
100099a6:	d000      	beq.n	100099aa <hidh_set_config+0x186>
100099a8:	e772      	b.n	10009890 <hidh_set_config+0x6c>
100099aa:	2008      	movs	r0, #8
100099ac:	e7a6      	b.n	100098fc <hidh_set_config+0xd8>
100099ae:	4a1e      	ldr	r2, [pc, #120]	@ (10009a28 <hidh_set_config+0x204>)
100099b0:	5c9a      	ldrb	r2, [r3, r2]
100099b2:	428a      	cmp	r2, r1
100099b4:	d000      	beq.n	100099b8 <hidh_set_config+0x194>
100099b6:	e771      	b.n	1000989c <hidh_set_config+0x78>
100099b8:	2009      	movs	r0, #9
100099ba:	e79f      	b.n	100098fc <hidh_set_config+0xd8>
100099bc:	4a1b      	ldr	r2, [pc, #108]	@ (10009a2c <hidh_set_config+0x208>)
100099be:	5c9a      	ldrb	r2, [r3, r2]
100099c0:	428a      	cmp	r2, r1
100099c2:	d000      	beq.n	100099c6 <hidh_set_config+0x1a2>
100099c4:	e770      	b.n	100098a8 <hidh_set_config+0x84>
100099c6:	200a      	movs	r0, #10
100099c8:	e798      	b.n	100098fc <hidh_set_config+0xd8>
100099ca:	4a19      	ldr	r2, [pc, #100]	@ (10009a30 <hidh_set_config+0x20c>)
100099cc:	5c9a      	ldrb	r2, [r3, r2]
100099ce:	428a      	cmp	r2, r1
100099d0:	d000      	beq.n	100099d4 <hidh_set_config+0x1b0>
100099d2:	e76f      	b.n	100098b4 <hidh_set_config+0x90>
100099d4:	200b      	movs	r0, #11
100099d6:	e791      	b.n	100098fc <hidh_set_config+0xd8>
100099d8:	4a16      	ldr	r2, [pc, #88]	@ (10009a34 <hidh_set_config+0x210>)
100099da:	5c9a      	ldrb	r2, [r3, r2]
100099dc:	428a      	cmp	r2, r1
100099de:	d000      	beq.n	100099e2 <hidh_set_config+0x1be>
100099e0:	e76e      	b.n	100098c0 <hidh_set_config+0x9c>
100099e2:	200c      	movs	r0, #12
100099e4:	e78a      	b.n	100098fc <hidh_set_config+0xd8>
100099e6:	4a14      	ldr	r2, [pc, #80]	@ (10009a38 <hidh_set_config+0x214>)
100099e8:	5c9a      	ldrb	r2, [r3, r2]
100099ea:	428a      	cmp	r2, r1
100099ec:	d000      	beq.n	100099f0 <hidh_set_config+0x1cc>
100099ee:	e76d      	b.n	100098cc <hidh_set_config+0xa8>
100099f0:	200d      	movs	r0, #13
100099f2:	e783      	b.n	100098fc <hidh_set_config+0xd8>
100099f4:	4a11      	ldr	r2, [pc, #68]	@ (10009a3c <hidh_set_config+0x218>)
100099f6:	5c9a      	ldrb	r2, [r3, r2]
100099f8:	428a      	cmp	r2, r1
100099fa:	d000      	beq.n	100099fe <hidh_set_config+0x1da>
100099fc:	e76c      	b.n	100098d8 <hidh_set_config+0xb4>
100099fe:	200e      	movs	r0, #14
10009a00:	e77c      	b.n	100098fc <hidh_set_config+0xd8>
10009a02:	46c0      	nop			@ (mov r8, r8)
10009a04:	20001190 	.word	0x20001190
10009a08:	00000871 	.word	0x00000871
10009a0c:	00000a21 	.word	0x00000a21
10009a10:	10008b21 	.word	0x10008b21
10009a14:	00000241 	.word	0x00000241
10009a18:	000002d1 	.word	0x000002d1
10009a1c:	00000361 	.word	0x00000361
10009a20:	000003f1 	.word	0x000003f1
10009a24:	00000481 	.word	0x00000481
10009a28:	00000511 	.word	0x00000511
10009a2c:	000005a1 	.word	0x000005a1
10009a30:	00000631 	.word	0x00000631
10009a34:	000006c1 	.word	0x000006c1
10009a38:	00000751 	.word	0x00000751
10009a3c:	000007e1 	.word	0x000007e1

10009a40 <tusb_init>:
10009a40:	b510      	push	{r4, lr}
10009a42:	2000      	movs	r0, #0
10009a44:	f7fd faea 	bl	1000701c <tuh_init>
10009a48:	bd10      	pop	{r4, pc}
10009a4a:	46c0      	nop			@ (mov r8, r8)

10009a4c <tu_edpt_claim>:
10009a4c:	7803      	ldrb	r3, [r0, #0]
10009a4e:	b570      	push	{r4, r5, r6, lr}
10009a50:	07db      	lsls	r3, r3, #31
10009a52:	0004      	movs	r4, r0
10009a54:	000e      	movs	r6, r1
10009a56:	0fdd      	lsrs	r5, r3, #31
10009a58:	2b00      	cmp	r3, #0
10009a5a:	d117      	bne.n	10009a8c <tu_edpt_claim+0x40>
10009a5c:	7803      	ldrb	r3, [r0, #0]
10009a5e:	075b      	lsls	r3, r3, #29
10009a60:	d501      	bpl.n	10009a66 <tu_edpt_claim+0x1a>
10009a62:	0028      	movs	r0, r5
10009a64:	bd70      	pop	{r4, r5, r6, pc}
10009a66:	2101      	movs	r1, #1
10009a68:	0030      	movs	r0, r6
10009a6a:	4249      	negs	r1, r1
10009a6c:	f001 fadc 	bl	1000b028 <__mutex_enter_timeout_ms_veneer>
10009a70:	7823      	ldrb	r3, [r4, #0]
10009a72:	07db      	lsls	r3, r3, #31
10009a74:	0fdd      	lsrs	r5, r3, #31
10009a76:	2b00      	cmp	r3, #0
10009a78:	d10a      	bne.n	10009a90 <tu_edpt_claim+0x44>
10009a7a:	7823      	ldrb	r3, [r4, #0]
10009a7c:	075b      	lsls	r3, r3, #29
10009a7e:	d408      	bmi.n	10009a92 <tu_edpt_claim+0x46>
10009a80:	2204      	movs	r2, #4
10009a82:	7823      	ldrb	r3, [r4, #0]
10009a84:	2501      	movs	r5, #1
10009a86:	4313      	orrs	r3, r2
10009a88:	7023      	strb	r3, [r4, #0]
10009a8a:	e002      	b.n	10009a92 <tu_edpt_claim+0x46>
10009a8c:	2500      	movs	r5, #0
10009a8e:	e7e8      	b.n	10009a62 <tu_edpt_claim+0x16>
10009a90:	2500      	movs	r5, #0
10009a92:	0030      	movs	r0, r6
10009a94:	f001 fab0 	bl	1000aff8 <__mutex_exit_veneer>
10009a98:	e7e3      	b.n	10009a62 <tu_edpt_claim+0x16>
10009a9a:	46c0      	nop			@ (mov r8, r8)

10009a9c <tu_edpt_release>:
10009a9c:	b570      	push	{r4, r5, r6, lr}
10009a9e:	000c      	movs	r4, r1
10009aa0:	2101      	movs	r1, #1
10009aa2:	0006      	movs	r6, r0
10009aa4:	4249      	negs	r1, r1
10009aa6:	0020      	movs	r0, r4
10009aa8:	f001 fabe 	bl	1000b028 <__mutex_enter_timeout_ms_veneer>
10009aac:	7833      	ldrb	r3, [r6, #0]
10009aae:	075b      	lsls	r3, r3, #29
10009ab0:	0fdd      	lsrs	r5, r3, #31
10009ab2:	2b00      	cmp	r3, #0
10009ab4:	db04      	blt.n	10009ac0 <tu_edpt_release+0x24>
10009ab6:	0020      	movs	r0, r4
10009ab8:	f001 fa9e 	bl	1000aff8 <__mutex_exit_veneer>
10009abc:	0028      	movs	r0, r5
10009abe:	bd70      	pop	{r4, r5, r6, pc}
10009ac0:	7833      	ldrb	r3, [r6, #0]
10009ac2:	07db      	lsls	r3, r3, #31
10009ac4:	d404      	bmi.n	10009ad0 <tu_edpt_release+0x34>
10009ac6:	2204      	movs	r2, #4
10009ac8:	7833      	ldrb	r3, [r6, #0]
10009aca:	4393      	bics	r3, r2
10009acc:	7033      	strb	r3, [r6, #0]
10009ace:	e7f2      	b.n	10009ab6 <tu_edpt_release+0x1a>
10009ad0:	2500      	movs	r5, #0
10009ad2:	e7f0      	b.n	10009ab6 <tu_edpt_release+0x1a>

10009ad4 <tu_edpt_validate>:
10009ad4:	7943      	ldrb	r3, [r0, #5]
10009ad6:	7902      	ldrb	r2, [r0, #4]
10009ad8:	021b      	lsls	r3, r3, #8
10009ada:	4313      	orrs	r3, r2
10009adc:	78c2      	ldrb	r2, [r0, #3]
10009ade:	055b      	lsls	r3, r3, #21
10009ae0:	0792      	lsls	r2, r2, #30
10009ae2:	0d5b      	lsrs	r3, r3, #21
10009ae4:	0f92      	lsrs	r2, r2, #30
10009ae6:	2a02      	cmp	r2, #2
10009ae8:	d01d      	beq.n	10009b26 <tu_edpt_validate+0x52>
10009aea:	2a03      	cmp	r2, #3
10009aec:	d00c      	beq.n	10009b08 <tu_edpt_validate+0x34>
10009aee:	2000      	movs	r0, #0
10009af0:	2a01      	cmp	r2, #1
10009af2:	d108      	bne.n	10009b06 <tu_edpt_validate+0x32>
10009af4:	3902      	subs	r1, #2
10009af6:	424a      	negs	r2, r1
10009af8:	4151      	adcs	r1, r2
10009afa:	4a12      	ldr	r2, [pc, #72]	@ (10009b44 <tu_edpt_validate+0x70>)
10009afc:	4694      	mov	ip, r2
10009afe:	4461      	add	r1, ip
10009b00:	4299      	cmp	r1, r3
10009b02:	4140      	adcs	r0, r0
10009b04:	b2c0      	uxtb	r0, r0
10009b06:	4770      	bx	lr
10009b08:	3902      	subs	r1, #2
10009b0a:	1e4a      	subs	r2, r1, #1
10009b0c:	4191      	sbcs	r1, r2
10009b0e:	4a0e      	ldr	r2, [pc, #56]	@ (10009b48 <tu_edpt_validate+0x74>)
10009b10:	4249      	negs	r1, r1
10009b12:	4011      	ands	r1, r2
10009b14:	2280      	movs	r2, #128	@ 0x80
10009b16:	00d2      	lsls	r2, r2, #3
10009b18:	4694      	mov	ip, r2
10009b1a:	2000      	movs	r0, #0
10009b1c:	4461      	add	r1, ip
10009b1e:	4299      	cmp	r1, r3
10009b20:	4140      	adcs	r0, r0
10009b22:	b2c0      	uxtb	r0, r0
10009b24:	e7ef      	b.n	10009b06 <tu_edpt_validate+0x32>
10009b26:	2902      	cmp	r1, #2
10009b28:	d005      	beq.n	10009b36 <tu_edpt_validate+0x62>
10009b2a:	2000      	movs	r0, #0
10009b2c:	2240      	movs	r2, #64	@ 0x40
10009b2e:	429a      	cmp	r2, r3
10009b30:	4140      	adcs	r0, r0
10009b32:	b2c0      	uxtb	r0, r0
10009b34:	e7e7      	b.n	10009b06 <tu_edpt_validate+0x32>
10009b36:	4a05      	ldr	r2, [pc, #20]	@ (10009b4c <tu_edpt_validate+0x78>)
10009b38:	1898      	adds	r0, r3, r2
10009b3a:	4243      	negs	r3, r0
10009b3c:	4158      	adcs	r0, r3
10009b3e:	b2c0      	uxtb	r0, r0
10009b40:	e7e1      	b.n	10009b06 <tu_edpt_validate+0x32>
10009b42:	46c0      	nop			@ (mov r8, r8)
10009b44:	000003ff 	.word	0x000003ff
10009b48:	fffffc40 	.word	0xfffffc40
10009b4c:	fffffe00 	.word	0xfffffe00

10009b50 <tu_edpt_bind_driver>:
10009b50:	188a      	adds	r2, r1, r2
10009b52:	b570      	push	{r4, r5, r6, lr}
10009b54:	4291      	cmp	r1, r2
10009b56:	d207      	bcs.n	10009b68 <tu_edpt_bind_driver+0x18>
10009b58:	267f      	movs	r6, #127	@ 0x7f
10009b5a:	784c      	ldrb	r4, [r1, #1]
10009b5c:	2c05      	cmp	r4, #5
10009b5e:	d004      	beq.n	10009b6a <tu_edpt_bind_driver+0x1a>
10009b60:	780c      	ldrb	r4, [r1, #0]
10009b62:	1909      	adds	r1, r1, r4
10009b64:	428a      	cmp	r2, r1
10009b66:	d8f8      	bhi.n	10009b5a <tu_edpt_bind_driver+0xa>
10009b68:	bd70      	pop	{r4, r5, r6, pc}
10009b6a:	0034      	movs	r4, r6
10009b6c:	788d      	ldrb	r5, [r1, #2]
10009b6e:	402c      	ands	r4, r5
10009b70:	0064      	lsls	r4, r4, #1
10009b72:	1904      	adds	r4, r0, r4
10009b74:	09ed      	lsrs	r5, r5, #7
10009b76:	5563      	strb	r3, [r4, r5]
10009b78:	780c      	ldrb	r4, [r1, #0]
10009b7a:	1909      	adds	r1, r1, r4
10009b7c:	428a      	cmp	r2, r1
10009b7e:	d8ec      	bhi.n	10009b5a <tu_edpt_bind_driver+0xa>
10009b80:	e7f2      	b.n	10009b68 <tu_edpt_bind_driver+0x18>
10009b82:	46c0      	nop			@ (mov r8, r8)

10009b84 <tu_desc_get_interface_total_len>:
10009b84:	b530      	push	{r4, r5, lr}
10009b86:	1e4c      	subs	r4, r1, #1
10009b88:	0003      	movs	r3, r0
10009b8a:	b2e4      	uxtb	r4, r4
10009b8c:	2900      	cmp	r1, #0
10009b8e:	d01c      	beq.n	10009bca <tu_desc_get_interface_total_len+0x46>
10009b90:	7801      	ldrb	r1, [r0, #0]
10009b92:	2000      	movs	r0, #0
10009b94:	000d      	movs	r5, r1
10009b96:	1828      	adds	r0, r5, r0
10009b98:	b280      	uxth	r0, r0
10009b9a:	185b      	adds	r3, r3, r1
10009b9c:	4290      	cmp	r0, r2
10009b9e:	d306      	bcc.n	10009bae <tu_desc_get_interface_total_len+0x2a>
10009ba0:	e00d      	b.n	10009bbe <tu_desc_get_interface_total_len+0x3a>
10009ba2:	7819      	ldrb	r1, [r3, #0]
10009ba4:	1808      	adds	r0, r1, r0
10009ba6:	b280      	uxth	r0, r0
10009ba8:	185b      	adds	r3, r3, r1
10009baa:	4282      	cmp	r2, r0
10009bac:	d907      	bls.n	10009bbe <tu_desc_get_interface_total_len+0x3a>
10009bae:	7859      	ldrb	r1, [r3, #1]
10009bb0:	290b      	cmp	r1, #11
10009bb2:	d00b      	beq.n	10009bcc <tu_desc_get_interface_total_len+0x48>
10009bb4:	2904      	cmp	r1, #4
10009bb6:	d1f4      	bne.n	10009ba2 <tu_desc_get_interface_total_len+0x1e>
10009bb8:	78d9      	ldrb	r1, [r3, #3]
10009bba:	2900      	cmp	r1, #0
10009bbc:	d1f1      	bne.n	10009ba2 <tu_desc_get_interface_total_len+0x1e>
10009bbe:	3c01      	subs	r4, #1
10009bc0:	b2e4      	uxtb	r4, r4
10009bc2:	2cff      	cmp	r4, #255	@ 0xff
10009bc4:	d002      	beq.n	10009bcc <tu_desc_get_interface_total_len+0x48>
10009bc6:	7819      	ldrb	r1, [r3, #0]
10009bc8:	e7e5      	b.n	10009b96 <tu_desc_get_interface_total_len+0x12>
10009bca:	2000      	movs	r0, #0
10009bcc:	bd30      	pop	{r4, r5, pc}
10009bce:	46c0      	nop			@ (mov r8, r8)

10009bd0 <tu_fifo_config>:
10009bd0:	b5f0      	push	{r4, r5, r6, r7, lr}
10009bd2:	46c6      	mov	lr, r8
10009bd4:	b500      	push	{lr}
10009bd6:	0004      	movs	r4, r0
10009bd8:	4668      	mov	r0, sp
10009bda:	7e05      	ldrb	r5, [r0, #24]
10009bdc:	2080      	movs	r0, #128	@ 0x80
10009bde:	4688      	mov	r8, r1
10009be0:	0017      	movs	r7, r2
10009be2:	001e      	movs	r6, r3
10009be4:	0200      	lsls	r0, r0, #8
10009be6:	4282      	cmp	r2, r0
10009be8:	d826      	bhi.n	10009c38 <tu_fifo_config+0x68>
10009bea:	68e0      	ldr	r0, [r4, #12]
10009bec:	2800      	cmp	r0, #0
10009bee:	d003      	beq.n	10009bf8 <tu_fifo_config+0x28>
10009bf0:	2101      	movs	r1, #1
10009bf2:	4249      	negs	r1, r1
10009bf4:	f001 fa18 	bl	1000b028 <__mutex_enter_timeout_ms_veneer>
10009bf8:	6920      	ldr	r0, [r4, #16]
10009bfa:	2800      	cmp	r0, #0
10009bfc:	d003      	beq.n	10009c06 <tu_fifo_config+0x36>
10009bfe:	2101      	movs	r1, #1
10009c00:	4249      	negs	r1, r1
10009c02:	f001 fa11 	bl	1000b028 <__mutex_enter_timeout_ms_veneer>
10009c06:	4643      	mov	r3, r8
10009c08:	6023      	str	r3, [r4, #0]
10009c0a:	0473      	lsls	r3, r6, #17
10009c0c:	0c5b      	lsrs	r3, r3, #17
10009c0e:	03ed      	lsls	r5, r5, #15
10009c10:	431d      	orrs	r5, r3
10009c12:	2300      	movs	r3, #0
10009c14:	68e0      	ldr	r0, [r4, #12]
10009c16:	8163      	strh	r3, [r4, #10]
10009c18:	80a7      	strh	r7, [r4, #4]
10009c1a:	80e5      	strh	r5, [r4, #6]
10009c1c:	8123      	strh	r3, [r4, #8]
10009c1e:	2800      	cmp	r0, #0
10009c20:	d001      	beq.n	10009c26 <tu_fifo_config+0x56>
10009c22:	f001 f9e9 	bl	1000aff8 <__mutex_exit_veneer>
10009c26:	6920      	ldr	r0, [r4, #16]
10009c28:	2800      	cmp	r0, #0
10009c2a:	d001      	beq.n	10009c30 <tu_fifo_config+0x60>
10009c2c:	f001 f9e4 	bl	1000aff8 <__mutex_exit_veneer>
10009c30:	2001      	movs	r0, #1
10009c32:	bc80      	pop	{r7}
10009c34:	46b8      	mov	r8, r7
10009c36:	bdf0      	pop	{r4, r5, r6, r7, pc}
10009c38:	2000      	movs	r0, #0
10009c3a:	e7fa      	b.n	10009c32 <tu_fifo_config+0x62>

10009c3c <tu_fifo_count>:
10009c3c:	b510      	push	{r4, lr}
10009c3e:	8904      	ldrh	r4, [r0, #8]
10009c40:	8941      	ldrh	r1, [r0, #10]
10009c42:	8882      	ldrh	r2, [r0, #4]
10009c44:	b2a3      	uxth	r3, r4
10009c46:	b288      	uxth	r0, r1
10009c48:	428c      	cmp	r4, r1
10009c4a:	d307      	bcc.n	10009c5c <tu_fifo_count+0x20>
10009c4c:	1a1b      	subs	r3, r3, r0
10009c4e:	b29b      	uxth	r3, r3
10009c50:	1c10      	adds	r0, r2, #0
10009c52:	429a      	cmp	r2, r3
10009c54:	d900      	bls.n	10009c58 <tu_fifo_count+0x1c>
10009c56:	1c18      	adds	r0, r3, #0
10009c58:	b280      	uxth	r0, r0
10009c5a:	bd10      	pop	{r4, pc}
10009c5c:	0051      	lsls	r1, r2, #1
10009c5e:	1a09      	subs	r1, r1, r0
10009c60:	185b      	adds	r3, r3, r1
10009c62:	b29b      	uxth	r3, r3
10009c64:	e7f4      	b.n	10009c50 <tu_fifo_count+0x14>
10009c66:	46c0      	nop			@ (mov r8, r8)

10009c68 <tu_fifo_empty>:
10009c68:	8903      	ldrh	r3, [r0, #8]
10009c6a:	8940      	ldrh	r0, [r0, #10]
10009c6c:	1a18      	subs	r0, r3, r0
10009c6e:	4243      	negs	r3, r0
10009c70:	4158      	adcs	r0, r3
10009c72:	b2c0      	uxtb	r0, r0
10009c74:	4770      	bx	lr
10009c76:	46c0      	nop			@ (mov r8, r8)

10009c78 <tu_fifo_read>:
10009c78:	b570      	push	{r4, r5, r6, lr}
10009c7a:	0004      	movs	r4, r0
10009c7c:	6900      	ldr	r0, [r0, #16]
10009c7e:	000e      	movs	r6, r1
10009c80:	2800      	cmp	r0, #0
10009c82:	d003      	beq.n	10009c8c <tu_fifo_read+0x14>
10009c84:	2101      	movs	r1, #1
10009c86:	4249      	negs	r1, r1
10009c88:	f001 f9ce 	bl	1000b028 <__mutex_enter_timeout_ms_veneer>
10009c8c:	8925      	ldrh	r5, [r4, #8]
10009c8e:	8960      	ldrh	r0, [r4, #10]
10009c90:	88a2      	ldrh	r2, [r4, #4]
10009c92:	b2a9      	uxth	r1, r5
10009c94:	b283      	uxth	r3, r0
10009c96:	4285      	cmp	r5, r0
10009c98:	d332      	bcc.n	10009d00 <tu_fifo_read+0x88>
10009c9a:	1acd      	subs	r5, r1, r3
10009c9c:	b2ad      	uxth	r5, r5
10009c9e:	2d00      	cmp	r5, #0
10009ca0:	d028      	beq.n	10009cf4 <tu_fifo_read+0x7c>
10009ca2:	42aa      	cmp	r2, r5
10009ca4:	d208      	bcs.n	10009cb8 <tu_fifo_read+0x40>
10009ca6:	4291      	cmp	r1, r2
10009ca8:	d32f      	bcc.n	10009d0a <tu_fifo_read+0x92>
10009caa:	1a89      	subs	r1, r1, r2
10009cac:	b28b      	uxth	r3, r1
10009cae:	8163      	strh	r3, [r4, #10]
10009cb0:	429a      	cmp	r2, r3
10009cb2:	d803      	bhi.n	10009cbc <tu_fifo_read+0x44>
10009cb4:	1a9b      	subs	r3, r3, r2
10009cb6:	b29b      	uxth	r3, r3
10009cb8:	429a      	cmp	r2, r3
10009cba:	d9fb      	bls.n	10009cb4 <tu_fifo_read+0x3c>
10009cbc:	88e2      	ldrh	r2, [r4, #6]
10009cbe:	6821      	ldr	r1, [r4, #0]
10009cc0:	0452      	lsls	r2, r2, #17
10009cc2:	0c52      	lsrs	r2, r2, #17
10009cc4:	4353      	muls	r3, r2
10009cc6:	0030      	movs	r0, r6
10009cc8:	18c9      	adds	r1, r1, r3
10009cca:	f7f9 fcaf 	bl	1000362c <__wrap___aeabi_memcpy>
10009cce:	8963      	ldrh	r3, [r4, #10]
10009cd0:	2501      	movs	r5, #1
10009cd2:	1c59      	adds	r1, r3, #1
10009cd4:	b289      	uxth	r1, r1
10009cd6:	88a2      	ldrh	r2, [r4, #4]
10009cd8:	428b      	cmp	r3, r1
10009cda:	d90d      	bls.n	10009cf8 <tu_fifo_read+0x80>
10009cdc:	2100      	movs	r1, #0
10009cde:	0052      	lsls	r2, r2, #1
10009ce0:	1a89      	subs	r1, r1, r2
10009ce2:	b289      	uxth	r1, r1
10009ce4:	6920      	ldr	r0, [r4, #16]
10009ce6:	8161      	strh	r1, [r4, #10]
10009ce8:	2800      	cmp	r0, #0
10009cea:	d001      	beq.n	10009cf0 <tu_fifo_read+0x78>
10009cec:	f001 f984 	bl	1000aff8 <__mutex_exit_veneer>
10009cf0:	0028      	movs	r0, r5
10009cf2:	bd70      	pop	{r4, r5, r6, pc}
10009cf4:	8961      	ldrh	r1, [r4, #10]
10009cf6:	b289      	uxth	r1, r1
10009cf8:	0052      	lsls	r2, r2, #1
10009cfa:	4291      	cmp	r1, r2
10009cfc:	dbf2      	blt.n	10009ce4 <tu_fifo_read+0x6c>
10009cfe:	e7ef      	b.n	10009ce0 <tu_fifo_read+0x68>
10009d00:	0055      	lsls	r5, r2, #1
10009d02:	1aed      	subs	r5, r5, r3
10009d04:	194d      	adds	r5, r1, r5
10009d06:	b2ad      	uxth	r5, r5
10009d08:	e7c9      	b.n	10009c9e <tu_fifo_read+0x26>
10009d0a:	1889      	adds	r1, r1, r2
10009d0c:	b28b      	uxth	r3, r1
10009d0e:	8163      	strh	r3, [r4, #10]
10009d10:	e7ce      	b.n	10009cb0 <tu_fifo_read+0x38>
10009d12:	46c0      	nop			@ (mov r8, r8)

10009d14 <tu_fifo_read_n>:
10009d14:	b5f0      	push	{r4, r5, r6, r7, lr}
10009d16:	4646      	mov	r6, r8
10009d18:	464f      	mov	r7, r9
10009d1a:	46d6      	mov	lr, sl
10009d1c:	b5c0      	push	{r6, r7, lr}
10009d1e:	0006      	movs	r6, r0
10009d20:	6900      	ldr	r0, [r0, #16]
10009d22:	4689      	mov	r9, r1
10009d24:	4690      	mov	r8, r2
10009d26:	2800      	cmp	r0, #0
10009d28:	d003      	beq.n	10009d32 <tu_fifo_read_n+0x1e>
10009d2a:	2101      	movs	r1, #1
10009d2c:	4249      	negs	r1, r1
10009d2e:	f001 f97b 	bl	1000b028 <__mutex_enter_timeout_ms_veneer>
10009d32:	8931      	ldrh	r1, [r6, #8]
10009d34:	8972      	ldrh	r2, [r6, #10]
10009d36:	88b5      	ldrh	r5, [r6, #4]
10009d38:	b28b      	uxth	r3, r1
10009d3a:	b294      	uxth	r4, r2
10009d3c:	4291      	cmp	r1, r2
10009d3e:	d354      	bcc.n	10009dea <tu_fifo_read_n+0xd6>
10009d40:	1b1f      	subs	r7, r3, r4
10009d42:	b2bf      	uxth	r7, r7
10009d44:	2f00      	cmp	r7, #0
10009d46:	d04a      	beq.n	10009dde <tu_fifo_read_n+0xca>
10009d48:	42bd      	cmp	r5, r7
10009d4a:	d205      	bcs.n	10009d58 <tu_fifo_read_n+0x44>
10009d4c:	42ab      	cmp	r3, r5
10009d4e:	d251      	bcs.n	10009df4 <tu_fifo_read_n+0xe0>
10009d50:	195b      	adds	r3, r3, r5
10009d52:	b29c      	uxth	r4, r3
10009d54:	002f      	movs	r7, r5
10009d56:	8174      	strh	r4, [r6, #10]
10009d58:	4643      	mov	r3, r8
10009d5a:	45b8      	cmp	r8, r7
10009d5c:	d83d      	bhi.n	10009dda <tu_fifo_read_n+0xc6>
10009d5e:	b29f      	uxth	r7, r3
10009d60:	42a5      	cmp	r5, r4
10009d62:	d803      	bhi.n	10009d6c <tu_fifo_read_n+0x58>
10009d64:	1b64      	subs	r4, r4, r5
10009d66:	b2a4      	uxth	r4, r4
10009d68:	42a5      	cmp	r5, r4
10009d6a:	d9fb      	bls.n	10009d64 <tu_fifo_read_n+0x50>
10009d6c:	88f2      	ldrh	r2, [r6, #6]
10009d6e:	6831      	ldr	r1, [r6, #0]
10009d70:	0452      	lsls	r2, r2, #17
10009d72:	0c52      	lsrs	r2, r2, #17
10009d74:	4690      	mov	r8, r2
10009d76:	4362      	muls	r2, r4
10009d78:	1b2b      	subs	r3, r5, r4
10009d7a:	b29b      	uxth	r3, r3
10009d7c:	1889      	adds	r1, r1, r2
10009d7e:	4642      	mov	r2, r8
10009d80:	429f      	cmp	r7, r3
10009d82:	d925      	bls.n	10009dd0 <tu_fifo_read_n+0xbc>
10009d84:	4353      	muls	r3, r2
10009d86:	b29b      	uxth	r3, r3
10009d88:	001a      	movs	r2, r3
10009d8a:	4648      	mov	r0, r9
10009d8c:	469a      	mov	sl, r3
10009d8e:	f7f9 fc4d 	bl	1000362c <__wrap___aeabi_memcpy>
10009d92:	4643      	mov	r3, r8
10009d94:	4648      	mov	r0, r9
10009d96:	1b7d      	subs	r5, r7, r5
10009d98:	1964      	adds	r4, r4, r5
10009d9a:	435c      	muls	r4, r3
10009d9c:	6831      	ldr	r1, [r6, #0]
10009d9e:	4450      	add	r0, sl
10009da0:	b2a2      	uxth	r2, r4
10009da2:	f7f9 fc43 	bl	1000362c <__wrap___aeabi_memcpy>
10009da6:	8971      	ldrh	r1, [r6, #10]
10009da8:	88b5      	ldrh	r5, [r6, #4]
10009daa:	19cb      	adds	r3, r1, r7
10009dac:	b29b      	uxth	r3, r3
10009dae:	006a      	lsls	r2, r5, #1
10009db0:	4299      	cmp	r1, r3
10009db2:	d916      	bls.n	10009de2 <tu_fifo_read_n+0xce>
10009db4:	1a9b      	subs	r3, r3, r2
10009db6:	b29b      	uxth	r3, r3
10009db8:	6930      	ldr	r0, [r6, #16]
10009dba:	8173      	strh	r3, [r6, #10]
10009dbc:	2800      	cmp	r0, #0
10009dbe:	d001      	beq.n	10009dc4 <tu_fifo_read_n+0xb0>
10009dc0:	f001 f91a 	bl	1000aff8 <__mutex_exit_veneer>
10009dc4:	0038      	movs	r0, r7
10009dc6:	bce0      	pop	{r5, r6, r7}
10009dc8:	46ba      	mov	sl, r7
10009dca:	46b1      	mov	r9, r6
10009dcc:	46a8      	mov	r8, r5
10009dce:	bdf0      	pop	{r4, r5, r6, r7, pc}
10009dd0:	4648      	mov	r0, r9
10009dd2:	437a      	muls	r2, r7
10009dd4:	f7f9 fc2a 	bl	1000362c <__wrap___aeabi_memcpy>
10009dd8:	e7e5      	b.n	10009da6 <tu_fifo_read_n+0x92>
10009dda:	1c3b      	adds	r3, r7, #0
10009ddc:	e7bf      	b.n	10009d5e <tu_fifo_read_n+0x4a>
10009dde:	8973      	ldrh	r3, [r6, #10]
10009de0:	b29b      	uxth	r3, r3
10009de2:	006a      	lsls	r2, r5, #1
10009de4:	4293      	cmp	r3, r2
10009de6:	dbe7      	blt.n	10009db8 <tu_fifo_read_n+0xa4>
10009de8:	e7e4      	b.n	10009db4 <tu_fifo_read_n+0xa0>
10009dea:	006f      	lsls	r7, r5, #1
10009dec:	1b3f      	subs	r7, r7, r4
10009dee:	19df      	adds	r7, r3, r7
10009df0:	b2bf      	uxth	r7, r7
10009df2:	e7a7      	b.n	10009d44 <tu_fifo_read_n+0x30>
10009df4:	1b5b      	subs	r3, r3, r5
10009df6:	b29c      	uxth	r4, r3
10009df8:	e7ac      	b.n	10009d54 <tu_fifo_read_n+0x40>
10009dfa:	46c0      	nop			@ (mov r8, r8)

10009dfc <tu_fifo_write>:
10009dfc:	b5f8      	push	{r3, r4, r5, r6, r7, lr}
10009dfe:	0004      	movs	r4, r0
10009e00:	68c0      	ldr	r0, [r0, #12]
10009e02:	000e      	movs	r6, r1
10009e04:	2800      	cmp	r0, #0
10009e06:	d003      	beq.n	10009e10 <tu_fifo_write+0x14>
10009e08:	2101      	movs	r1, #1
10009e0a:	4249      	negs	r1, r1
10009e0c:	f001 f90c 	bl	1000b028 <__mutex_enter_timeout_ms_veneer>
10009e10:	8925      	ldrh	r5, [r4, #8]
10009e12:	8920      	ldrh	r0, [r4, #8]
10009e14:	8961      	ldrh	r1, [r4, #10]
10009e16:	88a2      	ldrh	r2, [r4, #4]
10009e18:	b2ad      	uxth	r5, r5
10009e1a:	b283      	uxth	r3, r0
10009e1c:	b28f      	uxth	r7, r1
10009e1e:	4288      	cmp	r0, r1
10009e20:	d329      	bcc.n	10009e76 <tu_fifo_write+0x7a>
10009e22:	1bdb      	subs	r3, r3, r7
10009e24:	b29b      	uxth	r3, r3
10009e26:	429a      	cmp	r2, r3
10009e28:	d809      	bhi.n	10009e3e <tu_fifo_write+0x42>
10009e2a:	79e7      	ldrb	r7, [r4, #7]
10009e2c:	09ff      	lsrs	r7, r7, #7
10009e2e:	d106      	bne.n	10009e3e <tu_fifo_write+0x42>
10009e30:	68e0      	ldr	r0, [r4, #12]
10009e32:	2800      	cmp	r0, #0
10009e34:	d001      	beq.n	10009e3a <tu_fifo_write+0x3e>
10009e36:	f001 f8df 	bl	1000aff8 <__mutex_exit_veneer>
10009e3a:	0038      	movs	r0, r7
10009e3c:	bdf8      	pop	{r3, r4, r5, r6, r7, pc}
10009e3e:	002b      	movs	r3, r5
10009e40:	4295      	cmp	r5, r2
10009e42:	d31d      	bcc.n	10009e80 <tu_fifo_write+0x84>
10009e44:	1a9b      	subs	r3, r3, r2
10009e46:	b29b      	uxth	r3, r3
10009e48:	4293      	cmp	r3, r2
10009e4a:	d2fb      	bcs.n	10009e44 <tu_fifo_write+0x48>
10009e4c:	88e2      	ldrh	r2, [r4, #6]
10009e4e:	6820      	ldr	r0, [r4, #0]
10009e50:	0452      	lsls	r2, r2, #17
10009e52:	0c52      	lsrs	r2, r2, #17
10009e54:	4353      	muls	r3, r2
10009e56:	0031      	movs	r1, r6
10009e58:	18c0      	adds	r0, r0, r3
10009e5a:	f7f9 fbe7 	bl	1000362c <__wrap___aeabi_memcpy>
10009e5e:	1c6b      	adds	r3, r5, #1
10009e60:	b29b      	uxth	r3, r3
10009e62:	88a2      	ldrh	r2, [r4, #4]
10009e64:	429d      	cmp	r5, r3
10009e66:	d917      	bls.n	10009e98 <tu_fifo_write+0x9c>
10009e68:	2300      	movs	r3, #0
10009e6a:	0052      	lsls	r2, r2, #1
10009e6c:	1a9b      	subs	r3, r3, r2
10009e6e:	b29b      	uxth	r3, r3
10009e70:	2701      	movs	r7, #1
10009e72:	8123      	strh	r3, [r4, #8]
10009e74:	e7dc      	b.n	10009e30 <tu_fifo_write+0x34>
10009e76:	0051      	lsls	r1, r2, #1
10009e78:	1bc9      	subs	r1, r1, r7
10009e7a:	185b      	adds	r3, r3, r1
10009e7c:	b29b      	uxth	r3, r3
10009e7e:	e7d2      	b.n	10009e26 <tu_fifo_write+0x2a>
10009e80:	88e2      	ldrh	r2, [r4, #6]
10009e82:	6820      	ldr	r0, [r4, #0]
10009e84:	0452      	lsls	r2, r2, #17
10009e86:	0c52      	lsrs	r2, r2, #17
10009e88:	4353      	muls	r3, r2
10009e8a:	0031      	movs	r1, r6
10009e8c:	18c0      	adds	r0, r0, r3
10009e8e:	f7f9 fbcd 	bl	1000362c <__wrap___aeabi_memcpy>
10009e92:	3501      	adds	r5, #1
10009e94:	88a2      	ldrh	r2, [r4, #4]
10009e96:	b2ab      	uxth	r3, r5
10009e98:	0052      	lsls	r2, r2, #1
10009e9a:	4293      	cmp	r3, r2
10009e9c:	dbe8      	blt.n	10009e70 <tu_fifo_write+0x74>
10009e9e:	e7e5      	b.n	10009e6c <tu_fifo_write+0x70>

10009ea0 <tu_fifo_write_n>:
10009ea0:	b5f0      	push	{r4, r5, r6, r7, lr}
10009ea2:	464e      	mov	r6, r9
10009ea4:	4657      	mov	r7, sl
10009ea6:	46de      	mov	lr, fp
10009ea8:	4645      	mov	r5, r8
10009eaa:	b5e0      	push	{r5, r6, r7, lr}
10009eac:	4689      	mov	r9, r1
10009eae:	0006      	movs	r6, r0
10009eb0:	0017      	movs	r7, r2
10009eb2:	b083      	sub	sp, #12
10009eb4:	2a00      	cmp	r2, #0
10009eb6:	d067      	beq.n	10009f88 <tu_fifo_write_n+0xe8>
10009eb8:	68c0      	ldr	r0, [r0, #12]
10009eba:	2800      	cmp	r0, #0
10009ebc:	d003      	beq.n	10009ec6 <tu_fifo_write_n+0x26>
10009ebe:	2101      	movs	r1, #1
10009ec0:	4249      	negs	r1, r1
10009ec2:	f001 f8b1 	bl	1000b028 <__mutex_enter_timeout_ms_veneer>
10009ec6:	8933      	ldrh	r3, [r6, #8]
10009ec8:	79f2      	ldrb	r2, [r6, #7]
10009eca:	b29b      	uxth	r3, r3
10009ecc:	4698      	mov	r8, r3
10009ece:	8973      	ldrh	r3, [r6, #10]
10009ed0:	88b5      	ldrh	r5, [r6, #4]
10009ed2:	b29b      	uxth	r3, r3
10009ed4:	09d2      	lsrs	r2, r2, #7
10009ed6:	d140      	bne.n	10009f5a <tu_fifo_write_n+0xba>
10009ed8:	4598      	cmp	r8, r3
10009eda:	d25e      	bcs.n	10009f9a <tu_fifo_write_n+0xfa>
10009edc:	006a      	lsls	r2, r5, #1
10009ede:	1ad3      	subs	r3, r2, r3
10009ee0:	4443      	add	r3, r8
10009ee2:	b29b      	uxth	r3, r3
10009ee4:	42ab      	cmp	r3, r5
10009ee6:	d25d      	bcs.n	10009fa4 <tu_fifo_write_n+0x104>
10009ee8:	1aeb      	subs	r3, r5, r3
10009eea:	1c1a      	adds	r2, r3, #0
10009eec:	b29b      	uxth	r3, r3
10009eee:	42bb      	cmp	r3, r7
10009ef0:	d900      	bls.n	10009ef4 <tu_fifo_write_n+0x54>
10009ef2:	1c3a      	adds	r2, r7, #0
10009ef4:	b297      	uxth	r7, r2
10009ef6:	1b7b      	subs	r3, r7, r5
10009ef8:	b29b      	uxth	r3, r3
10009efa:	9301      	str	r3, [sp, #4]
10009efc:	88f3      	ldrh	r3, [r6, #6]
10009efe:	045b      	lsls	r3, r3, #17
10009f00:	0c5b      	lsrs	r3, r3, #17
10009f02:	469a      	mov	sl, r3
10009f04:	4643      	mov	r3, r8
10009f06:	19db      	adds	r3, r3, r7
10009f08:	b29b      	uxth	r3, r3
10009f0a:	469b      	mov	fp, r3
10009f0c:	4644      	mov	r4, r8
10009f0e:	45a8      	cmp	r8, r5
10009f10:	d303      	bcc.n	10009f1a <tu_fifo_write_n+0x7a>
10009f12:	1b64      	subs	r4, r4, r5
10009f14:	b2a4      	uxth	r4, r4
10009f16:	42ac      	cmp	r4, r5
10009f18:	d2fb      	bcs.n	10009f12 <tu_fifo_write_n+0x72>
10009f1a:	4653      	mov	r3, sl
10009f1c:	4363      	muls	r3, r4
10009f1e:	6830      	ldr	r0, [r6, #0]
10009f20:	1b2d      	subs	r5, r5, r4
10009f22:	b2ad      	uxth	r5, r5
10009f24:	18c0      	adds	r0, r0, r3
10009f26:	42bd      	cmp	r5, r7
10009f28:	d34b      	bcc.n	10009fc2 <tu_fifo_write_n+0x122>
10009f2a:	4652      	mov	r2, sl
10009f2c:	4649      	mov	r1, r9
10009f2e:	437a      	muls	r2, r7
10009f30:	f7f9 fb7c 	bl	1000362c <__wrap___aeabi_memcpy>
10009f34:	88b3      	ldrh	r3, [r6, #4]
10009f36:	005b      	lsls	r3, r3, #1
10009f38:	45d8      	cmp	r8, fp
10009f3a:	d801      	bhi.n	10009f40 <tu_fifo_write_n+0xa0>
10009f3c:	459b      	cmp	fp, r3
10009f3e:	db03      	blt.n	10009f48 <tu_fifo_write_n+0xa8>
10009f40:	465a      	mov	r2, fp
10009f42:	1ad3      	subs	r3, r2, r3
10009f44:	b29b      	uxth	r3, r3
10009f46:	469b      	mov	fp, r3
10009f48:	465b      	mov	r3, fp
10009f4a:	003d      	movs	r5, r7
10009f4c:	8133      	strh	r3, [r6, #8]
10009f4e:	68f0      	ldr	r0, [r6, #12]
10009f50:	2800      	cmp	r0, #0
10009f52:	d01a      	beq.n	10009f8a <tu_fifo_write_n+0xea>
10009f54:	f001 f850 	bl	1000aff8 <__mutex_exit_veneer>
10009f58:	e017      	b.n	10009f8a <tu_fifo_write_n+0xea>
10009f5a:	88f2      	ldrh	r2, [r6, #6]
10009f5c:	0452      	lsls	r2, r2, #17
10009f5e:	0c52      	lsrs	r2, r2, #17
10009f60:	4692      	mov	sl, r2
10009f62:	42af      	cmp	r7, r5
10009f64:	d220      	bcs.n	10009fa8 <tu_fifo_write_n+0x108>
10009f66:	4598      	cmp	r8, r3
10009f68:	d34d      	bcc.n	1000a006 <tu_fifo_write_n+0x166>
10009f6a:	4642      	mov	r2, r8
10009f6c:	1ad2      	subs	r2, r2, r3
10009f6e:	b292      	uxth	r2, r2
10009f70:	0069      	lsls	r1, r5, #1
10009f72:	1b78      	subs	r0, r7, r5
10009f74:	b280      	uxth	r0, r0
10009f76:	19d2      	adds	r2, r2, r7
10009f78:	9001      	str	r0, [sp, #4]
10009f7a:	428a      	cmp	r2, r1
10009f7c:	da33      	bge.n	10009fe6 <tu_fifo_write_n+0x146>
10009f7e:	4643      	mov	r3, r8
10009f80:	18fb      	adds	r3, r7, r3
10009f82:	b29b      	uxth	r3, r3
10009f84:	469b      	mov	fp, r3
10009f86:	e7c1      	b.n	10009f0c <tu_fifo_write_n+0x6c>
10009f88:	2500      	movs	r5, #0
10009f8a:	0028      	movs	r0, r5
10009f8c:	b003      	add	sp, #12
10009f8e:	bcf0      	pop	{r4, r5, r6, r7}
10009f90:	46bb      	mov	fp, r7
10009f92:	46b2      	mov	sl, r6
10009f94:	46a9      	mov	r9, r5
10009f96:	46a0      	mov	r8, r4
10009f98:	bdf0      	pop	{r4, r5, r6, r7, pc}
10009f9a:	4642      	mov	r2, r8
10009f9c:	1ad3      	subs	r3, r2, r3
10009f9e:	b29b      	uxth	r3, r3
10009fa0:	42ab      	cmp	r3, r5
10009fa2:	d3a1      	bcc.n	10009ee8 <tu_fifo_write_n+0x48>
10009fa4:	2500      	movs	r5, #0
10009fa6:	e7d2      	b.n	10009f4e <tu_fifo_write_n+0xae>
10009fa8:	2d00      	cmp	r5, #0
10009faa:	d0d0      	beq.n	10009f4e <tu_fifo_write_n+0xae>
10009fac:	1b7f      	subs	r7, r7, r5
10009fae:	4357      	muls	r7, r2
10009fb0:	4698      	mov	r8, r3
10009fb2:	195a      	adds	r2, r3, r5
10009fb4:	2300      	movs	r3, #0
10009fb6:	b292      	uxth	r2, r2
10009fb8:	44b9      	add	r9, r7
10009fba:	4693      	mov	fp, r2
10009fbc:	002f      	movs	r7, r5
10009fbe:	9301      	str	r3, [sp, #4]
10009fc0:	e7a4      	b.n	10009f0c <tu_fifo_write_n+0x6c>
10009fc2:	4653      	mov	r3, sl
10009fc4:	435d      	muls	r5, r3
10009fc6:	b2ad      	uxth	r5, r5
10009fc8:	002a      	movs	r2, r5
10009fca:	4649      	mov	r1, r9
10009fcc:	f7f9 fb2e 	bl	1000362c <__wrap___aeabi_memcpy>
10009fd0:	9b01      	ldr	r3, [sp, #4]
10009fd2:	0029      	movs	r1, r5
10009fd4:	18e2      	adds	r2, r4, r3
10009fd6:	4653      	mov	r3, sl
10009fd8:	435a      	muls	r2, r3
10009fda:	6830      	ldr	r0, [r6, #0]
10009fdc:	b292      	uxth	r2, r2
10009fde:	4449      	add	r1, r9
10009fe0:	f7f9 fb24 	bl	1000362c <__wrap___aeabi_memcpy>
10009fe4:	e7a6      	b.n	10009f34 <tu_fifo_write_n+0x94>
10009fe6:	195a      	adds	r2, r3, r5
10009fe8:	b292      	uxth	r2, r2
10009fea:	4693      	mov	fp, r2
10009fec:	1bd2      	subs	r2, r2, r7
10009fee:	b292      	uxth	r2, r2
10009ff0:	4690      	mov	r8, r2
10009ff2:	4293      	cmp	r3, r2
10009ff4:	d90c      	bls.n	1000a010 <tu_fifo_write_n+0x170>
10009ff6:	4643      	mov	r3, r8
10009ff8:	1a59      	subs	r1, r3, r1
10009ffa:	b28b      	uxth	r3, r1
10009ffc:	4698      	mov	r8, r3
10009ffe:	18fb      	adds	r3, r7, r3
1000a000:	b29b      	uxth	r3, r3
1000a002:	469b      	mov	fp, r3
1000a004:	e782      	b.n	10009f0c <tu_fifo_write_n+0x6c>
1000a006:	0069      	lsls	r1, r5, #1
1000a008:	1aca      	subs	r2, r1, r3
1000a00a:	4442      	add	r2, r8
1000a00c:	b292      	uxth	r2, r2
1000a00e:	e7b0      	b.n	10009f72 <tu_fifo_write_n+0xd2>
1000a010:	4291      	cmp	r1, r2
1000a012:	dd00      	ble.n	1000a016 <tu_fifo_write_n+0x176>
1000a014:	e77a      	b.n	10009f0c <tu_fifo_write_n+0x6c>
1000a016:	e7ee      	b.n	10009ff6 <tu_fifo_write_n+0x156>

1000a018 <tu_fifo_clear>:
1000a018:	b510      	push	{r4, lr}
1000a01a:	0004      	movs	r4, r0
1000a01c:	68c0      	ldr	r0, [r0, #12]
1000a01e:	2800      	cmp	r0, #0
1000a020:	d003      	beq.n	1000a02a <tu_fifo_clear+0x12>
1000a022:	2101      	movs	r1, #1
1000a024:	4249      	negs	r1, r1
1000a026:	f000 ffff 	bl	1000b028 <__mutex_enter_timeout_ms_veneer>
1000a02a:	6920      	ldr	r0, [r4, #16]
1000a02c:	2800      	cmp	r0, #0
1000a02e:	d003      	beq.n	1000a038 <tu_fifo_clear+0x20>
1000a030:	2101      	movs	r1, #1
1000a032:	4249      	negs	r1, r1
1000a034:	f000 fff8 	bl	1000b028 <__mutex_enter_timeout_ms_veneer>
1000a038:	2300      	movs	r3, #0
1000a03a:	68e0      	ldr	r0, [r4, #12]
1000a03c:	8163      	strh	r3, [r4, #10]
1000a03e:	8123      	strh	r3, [r4, #8]
1000a040:	2800      	cmp	r0, #0
1000a042:	d001      	beq.n	1000a048 <tu_fifo_clear+0x30>
1000a044:	f000 ffd8 	bl	1000aff8 <__mutex_exit_veneer>
1000a048:	6920      	ldr	r0, [r4, #16]
1000a04a:	2800      	cmp	r0, #0
1000a04c:	d001      	beq.n	1000a052 <tu_fifo_clear+0x3a>
1000a04e:	f000 ffd3 	bl	1000aff8 <__mutex_exit_veneer>
1000a052:	2001      	movs	r0, #1
1000a054:	bd10      	pop	{r4, pc}
1000a056:	46c0      	nop			@ (mov r8, r8)

1000a058 <board_init>:
1000a058:	21e1      	movs	r1, #225	@ 0xe1
1000a05a:	b510      	push	{r4, lr}
1000a05c:	4b04      	ldr	r3, [pc, #16]	@ (1000a070 <board_init+0x18>)
1000a05e:	4805      	ldr	r0, [pc, #20]	@ (1000a074 <board_init+0x1c>)
1000a060:	2200      	movs	r2, #0
1000a062:	6018      	str	r0, [r3, #0]
1000a064:	0249      	lsls	r1, r1, #9
1000a066:	2301      	movs	r3, #1
1000a068:	f7fb fa94 	bl	10005594 <stdio_uart_init_full>
1000a06c:	bd10      	pop	{r4, pc}
1000a06e:	46c0      	nop			@ (mov r8, r8)
1000a070:	20004254 	.word	0x20004254
1000a074:	40034000 	.word	0x40034000

1000a078 <_retrieve_unique_id_on_boot>:
1000a078:	b510      	push	{r4, lr}
1000a07a:	4802      	ldr	r0, [pc, #8]	@ (1000a084 <_retrieve_unique_id_on_boot+0xc>)
1000a07c:	f000 f804 	bl	1000a088 <flash_get_unique_id>
1000a080:	bd10      	pop	{r4, pc}
1000a082:	46c0      	nop			@ (mov r8, r8)
1000a084:	20004140 	.word	0x20004140

1000a088 <flash_get_unique_id>:
1000a088:	b510      	push	{r4, lr}
1000a08a:	b088      	sub	sp, #32
1000a08c:	0004      	movs	r4, r0
1000a08e:	220d      	movs	r2, #13
1000a090:	2100      	movs	r1, #0
1000a092:	4668      	mov	r0, sp
1000a094:	f7f9 fac4 	bl	10003620 <__wrap_memset>
1000a098:	220d      	movs	r2, #13
1000a09a:	2100      	movs	r1, #0
1000a09c:	a804      	add	r0, sp, #16
1000a09e:	f7f9 fabf 	bl	10003620 <__wrap_memset>
1000a0a2:	234b      	movs	r3, #75	@ 0x4b
1000a0a4:	466a      	mov	r2, sp
1000a0a6:	4668      	mov	r0, sp
1000a0a8:	7013      	strb	r3, [r2, #0]
1000a0aa:	a904      	add	r1, sp, #16
1000a0ac:	220d      	movs	r2, #13
1000a0ae:	f000 ff9b 	bl	1000afe8 <__flash_do_cmd_veneer>
1000a0b2:	2115      	movs	r1, #21
1000a0b4:	2208      	movs	r2, #8
1000a0b6:	0020      	movs	r0, r4
1000a0b8:	4469      	add	r1, sp
1000a0ba:	f7f9 fab7 	bl	1000362c <__wrap___aeabi_memcpy>
1000a0be:	b008      	add	sp, #32
1000a0c0:	bd10      	pop	{r4, pc}
1000a0c2:	46c0      	nop			@ (mov r8, r8)

1000a0c4 <midih_init>:
1000a0c4:	b5f0      	push	{r4, r5, r6, r7, lr}
1000a0c6:	46d6      	mov	lr, sl
1000a0c8:	464f      	mov	r7, r9
1000a0ca:	4646      	mov	r6, r8
1000a0cc:	22dc      	movs	r2, #220	@ 0xdc
1000a0ce:	b5c0      	push	{r6, r7, lr}
1000a0d0:	4c2c      	ldr	r4, [pc, #176]	@ (1000a184 <midih_init+0xc0>)
1000a0d2:	2100      	movs	r1, #0
1000a0d4:	0020      	movs	r0, r4
1000a0d6:	b082      	sub	sp, #8
1000a0d8:	0112      	lsls	r2, r2, #4
1000a0da:	f7f9 faa1 	bl	10003620 <__wrap_memset>
1000a0de:	23dc      	movs	r3, #220	@ 0xdc
1000a0e0:	011b      	lsls	r3, r3, #4
1000a0e2:	469a      	mov	sl, r3
1000a0e4:	4b28      	ldr	r3, [pc, #160]	@ (1000a188 <midih_init+0xc4>)
1000a0e6:	44a2      	add	sl, r4
1000a0e8:	4698      	mov	r8, r3
1000a0ea:	2300      	movs	r3, #0
1000a0ec:	4699      	mov	r9, r3
1000a0ee:	4643      	mov	r3, r8
1000a0f0:	681f      	ldr	r7, [r3, #0]
1000a0f2:	0038      	movs	r0, r7
1000a0f4:	f7f9 fa66 	bl	100035c4 <__wrap_malloc>
1000a0f8:	4643      	mov	r3, r8
1000a0fa:	6420      	str	r0, [r4, #64]	@ 0x40
1000a0fc:	0005      	movs	r5, r0
1000a0fe:	6858      	ldr	r0, [r3, #4]
1000a100:	f7f9 fa60 	bl	100035c4 <__wrap_malloc>
1000a104:	4643      	mov	r3, r8
1000a106:	6460      	str	r0, [r4, #68]	@ 0x44
1000a108:	7a1b      	ldrb	r3, [r3, #8]
1000a10a:	0006      	movs	r6, r0
1000a10c:	0058      	lsls	r0, r3, #1
1000a10e:	18c0      	adds	r0, r0, r3
1000a110:	2101      	movs	r1, #1
1000a112:	0040      	lsls	r0, r0, #1
1000a114:	f7f9 fa68 	bl	100035e8 <__wrap_calloc>
1000a118:	60e0      	str	r0, [r4, #12]
1000a11a:	2d00      	cmp	r5, #0
1000a11c:	d02f      	beq.n	1000a17e <midih_init+0xba>
1000a11e:	2e00      	cmp	r6, #0
1000a120:	d02d      	beq.n	1000a17e <midih_init+0xba>
1000a122:	2800      	cmp	r0, #0
1000a124:	d02b      	beq.n	1000a17e <midih_init+0xba>
1000a126:	0020      	movs	r0, r4
1000a128:	464b      	mov	r3, r9
1000a12a:	0029      	movs	r1, r5
1000a12c:	b2ba      	uxth	r2, r7
1000a12e:	9300      	str	r3, [sp, #0]
1000a130:	3018      	adds	r0, #24
1000a132:	2301      	movs	r3, #1
1000a134:	f7ff fd4c 	bl	10009bd0 <tu_fifo_config>
1000a138:	4643      	mov	r3, r8
1000a13a:	0020      	movs	r0, r4
1000a13c:	889a      	ldrh	r2, [r3, #4]
1000a13e:	0025      	movs	r5, r4
1000a140:	464b      	mov	r3, r9
1000a142:	6c61      	ldr	r1, [r4, #68]	@ 0x44
1000a144:	3548      	adds	r5, #72	@ 0x48
1000a146:	9300      	str	r3, [sp, #0]
1000a148:	302c      	adds	r0, #44	@ 0x2c
1000a14a:	2301      	movs	r3, #1
1000a14c:	f7ff fd40 	bl	10009bd0 <tu_fifo_config>
1000a150:	0028      	movs	r0, r5
1000a152:	f7f7 fe77 	bl	10001e44 <mutex_init>
1000a156:	464b      	mov	r3, r9
1000a158:	62a5      	str	r5, [r4, #40]	@ 0x28
1000a15a:	3508      	adds	r5, #8
1000a15c:	6263      	str	r3, [r4, #36]	@ 0x24
1000a15e:	0028      	movs	r0, r5
1000a160:	f7f7 fe70 	bl	10001e44 <mutex_init>
1000a164:	464b      	mov	r3, r9
1000a166:	63a5      	str	r5, [r4, #56]	@ 0x38
1000a168:	63e3      	str	r3, [r4, #60]	@ 0x3c
1000a16a:	34dc      	adds	r4, #220	@ 0xdc
1000a16c:	45a2      	cmp	sl, r4
1000a16e:	d1be      	bne.n	1000a0ee <midih_init+0x2a>
1000a170:	2001      	movs	r0, #1
1000a172:	b002      	add	sp, #8
1000a174:	bce0      	pop	{r5, r6, r7}
1000a176:	46ba      	mov	sl, r7
1000a178:	46b1      	mov	r9, r6
1000a17a:	46a8      	mov	r8, r5
1000a17c:	bdf0      	pop	{r4, r5, r6, r7, pc}
1000a17e:	2000      	movs	r0, #0
1000a180:	e7f7      	b.n	1000a172 <midih_init+0xae>
1000a182:	46c0      	nop			@ (mov r8, r8)
1000a184:	20002558 	.word	0x20002558
1000a188:	20000998 	.word	0x20000998

1000a18c <midih_xfer_cb>:
1000a18c:	b5f0      	push	{r4, r5, r6, r7, lr}
1000a18e:	4646      	mov	r6, r8
1000a190:	46d6      	mov	lr, sl
1000a192:	464f      	mov	r7, r9
1000a194:	b5c0      	push	{r6, r7, lr}
1000a196:	001d      	movs	r5, r3
1000a198:	1e43      	subs	r3, r0, #1
1000a19a:	0006      	movs	r6, r0
1000a19c:	b082      	sub	sp, #8
1000a19e:	2b0f      	cmp	r3, #15
1000a1a0:	d900      	bls.n	1000a1a4 <midih_xfer_cb+0x18>
1000a1a2:	e06e      	b.n	1000a282 <midih_xfer_cb+0xf6>
1000a1a4:	24dc      	movs	r4, #220	@ 0xdc
1000a1a6:	4344      	muls	r4, r0
1000a1a8:	4b49      	ldr	r3, [pc, #292]	@ (1000a2d0 <midih_xfer_cb+0x144>)
1000a1aa:	18e4      	adds	r4, r4, r3
1000a1ac:	78a3      	ldrb	r3, [r4, #2]
1000a1ae:	428b      	cmp	r3, r1
1000a1b0:	d004      	beq.n	1000a1bc <midih_xfer_cb+0x30>
1000a1b2:	78e3      	ldrb	r3, [r4, #3]
1000a1b4:	428b      	cmp	r3, r1
1000a1b6:	d038      	beq.n	1000a22a <midih_xfer_cb+0x9e>
1000a1b8:	2001      	movs	r0, #1
1000a1ba:	e030      	b.n	1000a21e <midih_xfer_cb+0x92>
1000a1bc:	2398      	movs	r3, #152	@ 0x98
1000a1be:	4698      	mov	r8, r3
1000a1c0:	44a0      	add	r8, r4
1000a1c2:	2d00      	cmp	r5, #0
1000a1c4:	d023      	beq.n	1000a20e <midih_xfer_cb+0x82>
1000a1c6:	4647      	mov	r7, r8
1000a1c8:	08ad      	lsrs	r5, r5, #2
1000a1ca:	d020      	beq.n	1000a20e <midih_xfer_cb+0x82>
1000a1cc:	2300      	movs	r3, #0
1000a1ce:	4699      	mov	r9, r3
1000a1d0:	3318      	adds	r3, #24
1000a1d2:	469a      	mov	sl, r3
1000a1d4:	3526      	adds	r5, #38	@ 0x26
1000a1d6:	00ad      	lsls	r5, r5, #2
1000a1d8:	1965      	adds	r5, r4, r5
1000a1da:	44a2      	add	sl, r4
1000a1dc:	e002      	b.n	1000a1e4 <midih_xfer_cb+0x58>
1000a1de:	3704      	adds	r7, #4
1000a1e0:	42bd      	cmp	r5, r7
1000a1e2:	d00d      	beq.n	1000a200 <midih_xfer_cb+0x74>
1000a1e4:	683b      	ldr	r3, [r7, #0]
1000a1e6:	2b00      	cmp	r3, #0
1000a1e8:	d0f9      	beq.n	1000a1de <midih_xfer_cb+0x52>
1000a1ea:	0039      	movs	r1, r7
1000a1ec:	2204      	movs	r2, #4
1000a1ee:	4650      	mov	r0, sl
1000a1f0:	f7ff fe56 	bl	10009ea0 <tu_fifo_write_n>
1000a1f4:	2301      	movs	r3, #1
1000a1f6:	469c      	mov	ip, r3
1000a1f8:	3704      	adds	r7, #4
1000a1fa:	44e1      	add	r9, ip
1000a1fc:	42bd      	cmp	r5, r7
1000a1fe:	d1f1      	bne.n	1000a1e4 <midih_xfer_cb+0x58>
1000a200:	4b34      	ldr	r3, [pc, #208]	@ (1000a2d4 <midih_xfer_cb+0x148>)
1000a202:	2b00      	cmp	r3, #0
1000a204:	d002      	beq.n	1000a20c <midih_xfer_cb+0x80>
1000a206:	464b      	mov	r3, r9
1000a208:	2b00      	cmp	r3, #0
1000a20a:	d157      	bne.n	1000a2bc <midih_xfer_cb+0x130>
1000a20c:	78a1      	ldrb	r1, [r4, #2]
1000a20e:	2200      	movs	r2, #0
1000a210:	88a3      	ldrh	r3, [r4, #4]
1000a212:	7820      	ldrb	r0, [r4, #0]
1000a214:	9201      	str	r2, [sp, #4]
1000a216:	9200      	str	r2, [sp, #0]
1000a218:	4642      	mov	r2, r8
1000a21a:	f7fd fd47 	bl	10007cac <usbh_edpt_xfer_with_callback>
1000a21e:	b002      	add	sp, #8
1000a220:	bce0      	pop	{r5, r6, r7}
1000a222:	46ba      	mov	sl, r7
1000a224:	46b1      	mov	r9, r6
1000a226:	46a8      	mov	r8, r5
1000a228:	bdf0      	pop	{r4, r5, r6, r7, pc}
1000a22a:	0027      	movs	r7, r4
1000a22c:	372c      	adds	r7, #44	@ 0x2c
1000a22e:	0038      	movs	r0, r7
1000a230:	f7ff fd04 	bl	10009c3c <tu_fifo_count>
1000a234:	2800      	cmp	r0, #0
1000a236:	d126      	bne.n	1000a286 <midih_xfer_cb+0xfa>
1000a238:	0038      	movs	r0, r7
1000a23a:	f7ff fcff 	bl	10009c3c <tu_fifo_count>
1000a23e:	2800      	cmp	r0, #0
1000a240:	d117      	bne.n	1000a272 <midih_xfer_cb+0xe6>
1000a242:	2d00      	cmp	r5, #0
1000a244:	d015      	beq.n	1000a272 <midih_xfer_cb+0xe6>
1000a246:	0028      	movs	r0, r5
1000a248:	88e1      	ldrh	r1, [r4, #6]
1000a24a:	f7f8 fda1 	bl	10002d90 <__wrap___aeabi_uidiv>
1000a24e:	1e0d      	subs	r5, r1, #0
1000a250:	d10f      	bne.n	1000a272 <midih_xfer_cb+0xe6>
1000a252:	0030      	movs	r0, r6
1000a254:	78e1      	ldrb	r1, [r4, #3]
1000a256:	f7fd fce1 	bl	10007c1c <usbh_edpt_claim>
1000a25a:	2800      	cmp	r0, #0
1000a25c:	d009      	beq.n	1000a272 <midih_xfer_cb+0xe6>
1000a25e:	2300      	movs	r3, #0
1000a260:	78e1      	ldrb	r1, [r4, #3]
1000a262:	001a      	movs	r2, r3
1000a264:	0030      	movs	r0, r6
1000a266:	9501      	str	r5, [sp, #4]
1000a268:	9500      	str	r5, [sp, #0]
1000a26a:	f7fd fd1f 	bl	10007cac <usbh_edpt_xfer_with_callback>
1000a26e:	2800      	cmp	r0, #0
1000a270:	d007      	beq.n	1000a282 <midih_xfer_cb+0xf6>
1000a272:	4b19      	ldr	r3, [pc, #100]	@ (1000a2d8 <midih_xfer_cb+0x14c>)
1000a274:	2b00      	cmp	r3, #0
1000a276:	d09f      	beq.n	1000a1b8 <midih_xfer_cb+0x2c>
1000a278:	0030      	movs	r0, r6
1000a27a:	e000      	b.n	1000a27e <midih_xfer_cb+0xf2>
1000a27c:	bf00      	nop
1000a27e:	2001      	movs	r0, #1
1000a280:	e7cd      	b.n	1000a21e <midih_xfer_cb+0x92>
1000a282:	2000      	movs	r0, #0
1000a284:	e7cb      	b.n	1000a21e <midih_xfer_cb+0x92>
1000a286:	0030      	movs	r0, r6
1000a288:	78e1      	ldrb	r1, [r4, #3]
1000a28a:	f7fd fcc7 	bl	10007c1c <usbh_edpt_claim>
1000a28e:	2800      	cmp	r0, #0
1000a290:	d0d2      	beq.n	1000a238 <midih_xfer_cb+0xac>
1000a292:	2358      	movs	r3, #88	@ 0x58
1000a294:	4698      	mov	r8, r3
1000a296:	44a0      	add	r8, r4
1000a298:	4641      	mov	r1, r8
1000a29a:	0038      	movs	r0, r7
1000a29c:	88e2      	ldrh	r2, [r4, #6]
1000a29e:	f7ff fd39 	bl	10009d14 <tu_fifo_read_n>
1000a2a2:	78e1      	ldrb	r1, [r4, #3]
1000a2a4:	1e03      	subs	r3, r0, #0
1000a2a6:	d00f      	beq.n	1000a2c8 <midih_xfer_cb+0x13c>
1000a2a8:	2200      	movs	r2, #0
1000a2aa:	0030      	movs	r0, r6
1000a2ac:	9201      	str	r2, [sp, #4]
1000a2ae:	9200      	str	r2, [sp, #0]
1000a2b0:	4642      	mov	r2, r8
1000a2b2:	f7fd fcfb 	bl	10007cac <usbh_edpt_xfer_with_callback>
1000a2b6:	2800      	cmp	r0, #0
1000a2b8:	d0be      	beq.n	1000a238 <midih_xfer_cb+0xac>
1000a2ba:	e7da      	b.n	1000a272 <midih_xfer_cb+0xe6>
1000a2bc:	4649      	mov	r1, r9
1000a2be:	0030      	movs	r0, r6
1000a2c0:	f7f6 f992 	bl	100005e8 <tuh_midi_rx_cb>
1000a2c4:	78a1      	ldrb	r1, [r4, #2]
1000a2c6:	e7a2      	b.n	1000a20e <midih_xfer_cb+0x82>
1000a2c8:	0030      	movs	r0, r6
1000a2ca:	f7fd fccb 	bl	10007c64 <usbh_edpt_release>
1000a2ce:	e7b3      	b.n	1000a238 <midih_xfer_cb+0xac>
1000a2d0:	2000247c 	.word	0x2000247c
1000a2d4:	100005e9 	.word	0x100005e9
1000a2d8:	00000000 	.word	0x00000000

1000a2dc <midih_close>:
1000a2dc:	1e43      	subs	r3, r0, #1
1000a2de:	b510      	push	{r4, lr}
1000a2e0:	2b0f      	cmp	r3, #15
1000a2e2:	d826      	bhi.n	1000a332 <midih_close+0x56>
1000a2e4:	24dc      	movs	r4, #220	@ 0xdc
1000a2e6:	4344      	muls	r4, r0
1000a2e8:	4b12      	ldr	r3, [pc, #72]	@ (1000a334 <midih_close+0x58>)
1000a2ea:	18e4      	adds	r4, r4, r3
1000a2ec:	4b12      	ldr	r3, [pc, #72]	@ (1000a338 <midih_close+0x5c>)
1000a2ee:	2b00      	cmp	r3, #0
1000a2f0:	d002      	beq.n	1000a2f8 <midih_close+0x1c>
1000a2f2:	2100      	movs	r1, #0
1000a2f4:	e000      	b.n	1000a2f8 <midih_close+0x1c>
1000a2f6:	bf00      	nop
1000a2f8:	0020      	movs	r0, r4
1000a2fa:	3018      	adds	r0, #24
1000a2fc:	f7ff fe8c 	bl	1000a018 <tu_fifo_clear>
1000a300:	0020      	movs	r0, r4
1000a302:	302c      	adds	r0, #44	@ 0x2c
1000a304:	f7ff fe88 	bl	1000a018 <tu_fifo_clear>
1000a308:	2300      	movs	r3, #0
1000a30a:	2200      	movs	r2, #0
1000a30c:	0020      	movs	r0, r4
1000a30e:	6063      	str	r3, [r4, #4]
1000a310:	8123      	strh	r3, [r4, #8]
1000a312:	33ff      	adds	r3, #255	@ 0xff
1000a314:	6023      	str	r3, [r4, #0]
1000a316:	3b27      	subs	r3, #39	@ 0x27
1000a318:	54e2      	strb	r2, [r4, r3]
1000a31a:	2100      	movs	r1, #0
1000a31c:	2206      	movs	r2, #6
1000a31e:	3010      	adds	r0, #16
1000a320:	f7f9 f97e 	bl	10003620 <__wrap_memset>
1000a324:	4b05      	ldr	r3, [pc, #20]	@ (1000a33c <midih_close+0x60>)
1000a326:	2100      	movs	r1, #0
1000a328:	7a1a      	ldrb	r2, [r3, #8]
1000a32a:	68e0      	ldr	r0, [r4, #12]
1000a32c:	0092      	lsls	r2, r2, #2
1000a32e:	f7f9 f977 	bl	10003620 <__wrap_memset>
1000a332:	bd10      	pop	{r4, pc}
1000a334:	2000247c 	.word	0x2000247c
1000a338:	00000000 	.word	0x00000000
1000a33c:	20000998 	.word	0x20000998

1000a340 <midih_open>:
1000a340:	b5f0      	push	{r4, r5, r6, r7, lr}
1000a342:	4645      	mov	r5, r8
1000a344:	46de      	mov	lr, fp
1000a346:	4657      	mov	r7, sl
1000a348:	464e      	mov	r6, r9
1000a34a:	b5e0      	push	{r5, r6, r7, lr}
1000a34c:	000d      	movs	r5, r1
1000a34e:	3901      	subs	r1, #1
1000a350:	b085      	sub	sp, #20
1000a352:	290f      	cmp	r1, #15
1000a354:	d802      	bhi.n	1000a35c <midih_open+0x1c>
1000a356:	7951      	ldrb	r1, [r2, #5]
1000a358:	2901      	cmp	r1, #1
1000a35a:	d007      	beq.n	1000a36c <midih_open+0x2c>
1000a35c:	2000      	movs	r0, #0
1000a35e:	b005      	add	sp, #20
1000a360:	bcf0      	pop	{r4, r5, r6, r7}
1000a362:	46bb      	mov	fp, r7
1000a364:	46b2      	mov	sl, r6
1000a366:	46a9      	mov	r9, r5
1000a368:	46a0      	mov	r8, r4
1000a36a:	bdf0      	pop	{r4, r5, r6, r7, pc}
1000a36c:	7991      	ldrb	r1, [r2, #6]
1000a36e:	2700      	movs	r7, #0
1000a370:	2901      	cmp	r1, #1
1000a372:	d100      	bne.n	1000a376 <midih_open+0x36>
1000a374:	e080      	b.n	1000a478 <midih_open+0x138>
1000a376:	2903      	cmp	r1, #3
1000a378:	d1f0      	bne.n	1000a35c <midih_open+0x1c>
1000a37a:	7814      	ldrb	r4, [r2, #0]
1000a37c:	1910      	adds	r0, r2, r4
1000a37e:	7841      	ldrb	r1, [r0, #1]
1000a380:	000e      	movs	r6, r1
1000a382:	3e24      	subs	r6, #36	@ 0x24
1000a384:	2e01      	cmp	r6, #1
1000a386:	d800      	bhi.n	1000a38a <midih_open+0x4a>
1000a388:	e096      	b.n	1000a4b8 <midih_open+0x178>
1000a38a:	2905      	cmp	r1, #5
1000a38c:	d1e6      	bne.n	1000a35c <midih_open+0x1c>
1000a38e:	26dc      	movs	r6, #220	@ 0xdc
1000a390:	436e      	muls	r6, r5
1000a392:	46b0      	mov	r8, r6
1000a394:	4e65      	ldr	r6, [pc, #404]	@ (1000a52c <midih_open+0x1ec>)
1000a396:	7892      	ldrb	r2, [r2, #2]
1000a398:	46b4      	mov	ip, r6
1000a39a:	4646      	mov	r6, r8
1000a39c:	19e4      	adds	r4, r4, r7
1000a39e:	4466      	add	r6, ip
1000a3a0:	b2a4      	uxth	r4, r4
1000a3a2:	7072      	strb	r2, [r6, #1]
1000a3a4:	42a3      	cmp	r3, r4
1000a3a6:	d800      	bhi.n	1000a3aa <midih_open+0x6a>
1000a3a8:	e0b1      	b.n	1000a50e <midih_open+0x1ce>
1000a3aa:	4a61      	ldr	r2, [pc, #388]	@ (1000a530 <midih_open+0x1f0>)
1000a3ac:	6817      	ldr	r7, [r2, #0]
1000a3ae:	6852      	ldr	r2, [r2, #4]
1000a3b0:	46b8      	mov	r8, r7
1000a3b2:	4694      	mov	ip, r2
1000a3b4:	b292      	uxth	r2, r2
1000a3b6:	9202      	str	r2, [sp, #8]
1000a3b8:	2200      	movs	r2, #0
1000a3ba:	4693      	mov	fp, r2
1000a3bc:	9201      	str	r2, [sp, #4]
1000a3be:	3240      	adds	r2, #64	@ 0x40
1000a3c0:	4692      	mov	sl, r2
1000a3c2:	2200      	movs	r2, #0
1000a3c4:	b2bf      	uxth	r7, r7
1000a3c6:	4691      	mov	r9, r2
1000a3c8:	9703      	str	r7, [sp, #12]
1000a3ca:	002a      	movs	r2, r5
1000a3cc:	2700      	movs	r7, #0
1000a3ce:	003d      	movs	r5, r7
1000a3d0:	4667      	mov	r7, ip
1000a3d2:	4694      	mov	ip, r2
1000a3d4:	e024      	b.n	1000a420 <midih_open+0xe0>
1000a3d6:	2925      	cmp	r1, #37	@ 0x25
1000a3d8:	d029      	beq.n	1000a42e <midih_open+0xee>
1000a3da:	2905      	cmp	r1, #5
1000a3dc:	d1be      	bne.n	1000a35c <midih_open+0x1c>
1000a3de:	7942      	ldrb	r2, [r0, #5]
1000a3e0:	7901      	ldrb	r1, [r0, #4]
1000a3e2:	0212      	lsls	r2, r2, #8
1000a3e4:	430a      	orrs	r2, r1
1000a3e6:	2a40      	cmp	r2, #64	@ 0x40
1000a3e8:	d904      	bls.n	1000a3f4 <midih_open+0xb4>
1000a3ea:	4652      	mov	r2, sl
1000a3ec:	7102      	strb	r2, [r0, #4]
1000a3ee:	464a      	mov	r2, r9
1000a3f0:	7142      	strb	r2, [r0, #5]
1000a3f2:	2240      	movs	r2, #64	@ 0x40
1000a3f4:	7885      	ldrb	r5, [r0, #2]
1000a3f6:	09e9      	lsrs	r1, r5, #7
1000a3f8:	d12f      	bne.n	1000a45a <midih_open+0x11a>
1000a3fa:	78f1      	ldrb	r1, [r6, #3]
1000a3fc:	2900      	cmp	r1, #0
1000a3fe:	d1ad      	bne.n	1000a35c <midih_open+0x1c>
1000a400:	7a71      	ldrb	r1, [r6, #9]
1000a402:	2900      	cmp	r1, #0
1000a404:	d1aa      	bne.n	1000a35c <midih_open+0x1c>
1000a406:	42ba      	cmp	r2, r7
1000a408:	d900      	bls.n	1000a40c <midih_open+0xcc>
1000a40a:	9a02      	ldr	r2, [sp, #8]
1000a40c:	70f5      	strb	r5, [r6, #3]
1000a40e:	80f2      	strh	r2, [r6, #6]
1000a410:	9001      	str	r0, [sp, #4]
1000a412:	7802      	ldrb	r2, [r0, #0]
1000a414:	1914      	adds	r4, r2, r4
1000a416:	b2a4      	uxth	r4, r4
1000a418:	1880      	adds	r0, r0, r2
1000a41a:	429c      	cmp	r4, r3
1000a41c:	d251      	bcs.n	1000a4c2 <midih_open+0x182>
1000a41e:	7841      	ldrb	r1, [r0, #1]
1000a420:	2924      	cmp	r1, #36	@ 0x24
1000a422:	d1d8      	bne.n	1000a3d6 <midih_open+0x96>
1000a424:	7882      	ldrb	r2, [r0, #2]
1000a426:	3a01      	subs	r2, #1
1000a428:	2a03      	cmp	r2, #3
1000a42a:	d897      	bhi.n	1000a35c <midih_open+0x1c>
1000a42c:	e7f1      	b.n	1000a412 <midih_open+0xd2>
1000a42e:	7882      	ldrb	r2, [r0, #2]
1000a430:	2a01      	cmp	r2, #1
1000a432:	d193      	bne.n	1000a35c <midih_open+0x1c>
1000a434:	2d00      	cmp	r5, #0
1000a436:	d091      	beq.n	1000a35c <midih_open+0x1c>
1000a438:	09ea      	lsrs	r2, r5, #7
1000a43a:	d12d      	bne.n	1000a498 <midih_open+0x158>
1000a43c:	78f2      	ldrb	r2, [r6, #3]
1000a43e:	42aa      	cmp	r2, r5
1000a440:	d000      	beq.n	1000a444 <midih_open+0x104>
1000a442:	e78b      	b.n	1000a35c <midih_open+0x1c>
1000a444:	7a72      	ldrb	r2, [r6, #9]
1000a446:	2a00      	cmp	r2, #0
1000a448:	d000      	beq.n	1000a44c <midih_open+0x10c>
1000a44a:	e787      	b.n	1000a35c <midih_open+0x1c>
1000a44c:	78c2      	ldrb	r2, [r0, #3]
1000a44e:	7272      	strb	r2, [r6, #9]
1000a450:	7802      	ldrb	r2, [r0, #0]
1000a452:	2500      	movs	r5, #0
1000a454:	1914      	adds	r4, r2, r4
1000a456:	b2a4      	uxth	r4, r4
1000a458:	e7de      	b.n	1000a418 <midih_open+0xd8>
1000a45a:	78b1      	ldrb	r1, [r6, #2]
1000a45c:	2900      	cmp	r1, #0
1000a45e:	d000      	beq.n	1000a462 <midih_open+0x122>
1000a460:	e77c      	b.n	1000a35c <midih_open+0x1c>
1000a462:	7a31      	ldrb	r1, [r6, #8]
1000a464:	2900      	cmp	r1, #0
1000a466:	d000      	beq.n	1000a46a <midih_open+0x12a>
1000a468:	e778      	b.n	1000a35c <midih_open+0x1c>
1000a46a:	4542      	cmp	r2, r8
1000a46c:	d900      	bls.n	1000a470 <midih_open+0x130>
1000a46e:	9a03      	ldr	r2, [sp, #12]
1000a470:	4683      	mov	fp, r0
1000a472:	70b5      	strb	r5, [r6, #2]
1000a474:	80b2      	strh	r2, [r6, #4]
1000a476:	e7cc      	b.n	1000a412 <midih_open+0xd2>
1000a478:	2b00      	cmp	r3, #0
1000a47a:	d107      	bne.n	1000a48c <midih_open+0x14c>
1000a47c:	e76e      	b.n	1000a35c <midih_open+0x1c>
1000a47e:	7811      	ldrb	r1, [r2, #0]
1000a480:	19cf      	adds	r7, r1, r7
1000a482:	1852      	adds	r2, r2, r1
1000a484:	b2bf      	uxth	r7, r7
1000a486:	7951      	ldrb	r1, [r2, #5]
1000a488:	42bb      	cmp	r3, r7
1000a48a:	d910      	bls.n	1000a4ae <midih_open+0x16e>
1000a48c:	2901      	cmp	r1, #1
1000a48e:	d1f6      	bne.n	1000a47e <midih_open+0x13e>
1000a490:	7991      	ldrb	r1, [r2, #6]
1000a492:	2903      	cmp	r1, #3
1000a494:	d1f3      	bne.n	1000a47e <midih_open+0x13e>
1000a496:	e76e      	b.n	1000a376 <midih_open+0x36>
1000a498:	78b2      	ldrb	r2, [r6, #2]
1000a49a:	42aa      	cmp	r2, r5
1000a49c:	d000      	beq.n	1000a4a0 <midih_open+0x160>
1000a49e:	e75d      	b.n	1000a35c <midih_open+0x1c>
1000a4a0:	7a32      	ldrb	r2, [r6, #8]
1000a4a2:	2a00      	cmp	r2, #0
1000a4a4:	d000      	beq.n	1000a4a8 <midih_open+0x168>
1000a4a6:	e759      	b.n	1000a35c <midih_open+0x1c>
1000a4a8:	78c2      	ldrb	r2, [r0, #3]
1000a4aa:	7232      	strb	r2, [r6, #8]
1000a4ac:	e7d0      	b.n	1000a450 <midih_open+0x110>
1000a4ae:	2901      	cmp	r1, #1
1000a4b0:	d000      	beq.n	1000a4b4 <midih_open+0x174>
1000a4b2:	e753      	b.n	1000a35c <midih_open+0x1c>
1000a4b4:	7991      	ldrb	r1, [r2, #6]
1000a4b6:	e75e      	b.n	1000a376 <midih_open+0x36>
1000a4b8:	7886      	ldrb	r6, [r0, #2]
1000a4ba:	2e01      	cmp	r6, #1
1000a4bc:	d000      	beq.n	1000a4c0 <midih_open+0x180>
1000a4be:	e74d      	b.n	1000a35c <midih_open+0x1c>
1000a4c0:	e765      	b.n	1000a38e <midih_open+0x4e>
1000a4c2:	78f3      	ldrb	r3, [r6, #3]
1000a4c4:	4665      	mov	r5, ip
1000a4c6:	2b00      	cmp	r3, #0
1000a4c8:	d019      	beq.n	1000a4fe <midih_open+0x1be>
1000a4ca:	7a73      	ldrb	r3, [r6, #9]
1000a4cc:	2b00      	cmp	r3, #0
1000a4ce:	d016      	beq.n	1000a4fe <midih_open+0x1be>
1000a4d0:	465b      	mov	r3, fp
1000a4d2:	2b00      	cmp	r3, #0
1000a4d4:	d006      	beq.n	1000a4e4 <midih_open+0x1a4>
1000a4d6:	4659      	mov	r1, fp
1000a4d8:	0028      	movs	r0, r5
1000a4da:	f7fd fc1f 	bl	10007d1c <tuh_edpt_open>
1000a4de:	2800      	cmp	r0, #0
1000a4e0:	d100      	bne.n	1000a4e4 <midih_open+0x1a4>
1000a4e2:	e73b      	b.n	1000a35c <midih_open+0x1c>
1000a4e4:	9b01      	ldr	r3, [sp, #4]
1000a4e6:	2b00      	cmp	r3, #0
1000a4e8:	d006      	beq.n	1000a4f8 <midih_open+0x1b8>
1000a4ea:	0019      	movs	r1, r3
1000a4ec:	0028      	movs	r0, r5
1000a4ee:	f7fd fc15 	bl	10007d1c <tuh_edpt_open>
1000a4f2:	2800      	cmp	r0, #0
1000a4f4:	d100      	bne.n	1000a4f8 <midih_open+0x1b8>
1000a4f6:	e731      	b.n	1000a35c <midih_open+0x1c>
1000a4f8:	2001      	movs	r0, #1
1000a4fa:	7035      	strb	r5, [r6, #0]
1000a4fc:	e72f      	b.n	1000a35e <midih_open+0x1e>
1000a4fe:	78b3      	ldrb	r3, [r6, #2]
1000a500:	2b00      	cmp	r3, #0
1000a502:	d100      	bne.n	1000a506 <midih_open+0x1c6>
1000a504:	e72a      	b.n	1000a35c <midih_open+0x1c>
1000a506:	7a33      	ldrb	r3, [r6, #8]
1000a508:	2b00      	cmp	r3, #0
1000a50a:	d1e1      	bne.n	1000a4d0 <midih_open+0x190>
1000a50c:	e726      	b.n	1000a35c <midih_open+0x1c>
1000a50e:	78f3      	ldrb	r3, [r6, #3]
1000a510:	2b00      	cmp	r3, #0
1000a512:	d002      	beq.n	1000a51a <midih_open+0x1da>
1000a514:	7a73      	ldrb	r3, [r6, #9]
1000a516:	2b00      	cmp	r3, #0
1000a518:	d1ee      	bne.n	1000a4f8 <midih_open+0x1b8>
1000a51a:	78b3      	ldrb	r3, [r6, #2]
1000a51c:	2b00      	cmp	r3, #0
1000a51e:	d100      	bne.n	1000a522 <midih_open+0x1e2>
1000a520:	e71c      	b.n	1000a35c <midih_open+0x1c>
1000a522:	7a33      	ldrb	r3, [r6, #8]
1000a524:	2b00      	cmp	r3, #0
1000a526:	d1e7      	bne.n	1000a4f8 <midih_open+0x1b8>
1000a528:	e718      	b.n	1000a35c <midih_open+0x1c>
1000a52a:	46c0      	nop			@ (mov r8, r8)
1000a52c:	2000247c 	.word	0x2000247c
1000a530:	20000998 	.word	0x20000998

1000a534 <midih_set_config>:
1000a534:	b5f0      	push	{r4, r5, r6, r7, lr}
1000a536:	1e43      	subs	r3, r0, #1
1000a538:	0006      	movs	r6, r0
1000a53a:	000f      	movs	r7, r1
1000a53c:	b083      	sub	sp, #12
1000a53e:	2b0f      	cmp	r3, #15
1000a540:	d824      	bhi.n	1000a58c <midih_set_config+0x58>
1000a542:	24dc      	movs	r4, #220	@ 0xdc
1000a544:	4344      	muls	r4, r0
1000a546:	4b12      	ldr	r3, [pc, #72]	@ (1000a590 <midih_set_config+0x5c>)
1000a548:	2201      	movs	r2, #1
1000a54a:	18e4      	adds	r4, r4, r3
1000a54c:	23d8      	movs	r3, #216	@ 0xd8
1000a54e:	2500      	movs	r5, #0
1000a550:	54e2      	strb	r2, [r4, r3]
1000a552:	0022      	movs	r2, r4
1000a554:	88a3      	ldrh	r3, [r4, #4]
1000a556:	78a1      	ldrb	r1, [r4, #2]
1000a558:	7820      	ldrb	r0, [r4, #0]
1000a55a:	3298      	adds	r2, #152	@ 0x98
1000a55c:	9501      	str	r5, [sp, #4]
1000a55e:	9500      	str	r5, [sp, #0]
1000a560:	f7fd fba4 	bl	10007cac <usbh_edpt_xfer_with_callback>
1000a564:	1e05      	subs	r5, r0, #0
1000a566:	d011      	beq.n	1000a58c <midih_set_config+0x58>
1000a568:	4b0a      	ldr	r3, [pc, #40]	@ (1000a594 <midih_set_config+0x60>)
1000a56a:	2b00      	cmp	r3, #0
1000a56c:	d007      	beq.n	1000a57e <midih_set_config+0x4a>
1000a56e:	7a60      	ldrb	r0, [r4, #9]
1000a570:	7a23      	ldrb	r3, [r4, #8]
1000a572:	78e2      	ldrb	r2, [r4, #3]
1000a574:	78a1      	ldrb	r1, [r4, #2]
1000a576:	9000      	str	r0, [sp, #0]
1000a578:	0030      	movs	r0, r6
1000a57a:	e000      	b.n	1000a57e <midih_set_config+0x4a>
1000a57c:	bf00      	nop
1000a57e:	0039      	movs	r1, r7
1000a580:	0030      	movs	r0, r6
1000a582:	f7fd fc99 	bl	10007eb8 <usbh_driver_set_config_complete>
1000a586:	0028      	movs	r0, r5
1000a588:	b003      	add	sp, #12
1000a58a:	bdf0      	pop	{r4, r5, r6, r7, pc}
1000a58c:	2500      	movs	r5, #0
1000a58e:	e7fa      	b.n	1000a586 <midih_set_config+0x52>
1000a590:	2000247c 	.word	0x2000247c
1000a594:	00000000 	.word	0x00000000

1000a598 <tuh_midi_packet_read>:
1000a598:	1e43      	subs	r3, r0, #1
1000a59a:	b570      	push	{r4, r5, r6, lr}
1000a59c:	000d      	movs	r5, r1
1000a59e:	2b0f      	cmp	r3, #15
1000a5a0:	d808      	bhi.n	1000a5b4 <tuh_midi_packet_read+0x1c>
1000a5a2:	24dc      	movs	r4, #220	@ 0xdc
1000a5a4:	4344      	muls	r4, r0
1000a5a6:	4b09      	ldr	r3, [pc, #36]	@ (1000a5cc <tuh_midi_packet_read+0x34>)
1000a5a8:	18e4      	adds	r4, r4, r3
1000a5aa:	0020      	movs	r0, r4
1000a5ac:	f7ff fb46 	bl	10009c3c <tu_fifo_count>
1000a5b0:	2803      	cmp	r0, #3
1000a5b2:	d801      	bhi.n	1000a5b8 <tuh_midi_packet_read+0x20>
1000a5b4:	2000      	movs	r0, #0
1000a5b6:	bd70      	pop	{r4, r5, r6, pc}
1000a5b8:	2204      	movs	r2, #4
1000a5ba:	0029      	movs	r1, r5
1000a5bc:	0020      	movs	r0, r4
1000a5be:	f7ff fba9 	bl	10009d14 <tu_fifo_read_n>
1000a5c2:	3804      	subs	r0, #4
1000a5c4:	4243      	negs	r3, r0
1000a5c6:	4158      	adcs	r0, r3
1000a5c8:	b2c0      	uxtb	r0, r0
1000a5ca:	e7f4      	b.n	1000a5b6 <tuh_midi_packet_read+0x1e>
1000a5cc:	20002494 	.word	0x20002494

1000a5d0 <calloc>:
1000a5d0:	0003      	movs	r3, r0
1000a5d2:	b510      	push	{r4, lr}
1000a5d4:	000a      	movs	r2, r1
1000a5d6:	4903      	ldr	r1, [pc, #12]	@ (1000a5e4 <calloc+0x14>)
1000a5d8:	6808      	ldr	r0, [r1, #0]
1000a5da:	0019      	movs	r1, r3
1000a5dc:	f000 f804 	bl	1000a5e8 <_calloc_r>
1000a5e0:	bd10      	pop	{r4, pc}
1000a5e2:	46c0      	nop			@ (mov r8, r8)
1000a5e4:	20000db8 	.word	0x20000db8

1000a5e8 <_calloc_r>:
1000a5e8:	b570      	push	{r4, r5, r6, lr}
1000a5ea:	0c0b      	lsrs	r3, r1, #16
1000a5ec:	2400      	movs	r4, #0
1000a5ee:	0c15      	lsrs	r5, r2, #16
1000a5f0:	2b00      	cmp	r3, #0
1000a5f2:	d128      	bne.n	1000a646 <_calloc_r+0x5e>
1000a5f4:	2d00      	cmp	r5, #0
1000a5f6:	d13c      	bne.n	1000a672 <_calloc_r+0x8a>
1000a5f8:	b28b      	uxth	r3, r1
1000a5fa:	b291      	uxth	r1, r2
1000a5fc:	4359      	muls	r1, r3
1000a5fe:	f000 f851 	bl	1000a6a4 <_malloc_r>
1000a602:	1e05      	subs	r5, r0, #0
1000a604:	d033      	beq.n	1000a66e <_calloc_r+0x86>
1000a606:	0003      	movs	r3, r0
1000a608:	3b08      	subs	r3, #8
1000a60a:	685a      	ldr	r2, [r3, #4]
1000a60c:	2303      	movs	r3, #3
1000a60e:	439a      	bics	r2, r3
1000a610:	3a04      	subs	r2, #4
1000a612:	2a24      	cmp	r2, #36	@ 0x24
1000a614:	d812      	bhi.n	1000a63c <_calloc_r+0x54>
1000a616:	0003      	movs	r3, r0
1000a618:	2a13      	cmp	r2, #19
1000a61a:	d90a      	bls.n	1000a632 <_calloc_r+0x4a>
1000a61c:	6004      	str	r4, [r0, #0]
1000a61e:	6044      	str	r4, [r0, #4]
1000a620:	3308      	adds	r3, #8
1000a622:	2a1b      	cmp	r2, #27
1000a624:	d905      	bls.n	1000a632 <_calloc_r+0x4a>
1000a626:	6084      	str	r4, [r0, #8]
1000a628:	60c4      	str	r4, [r0, #12]
1000a62a:	2a24      	cmp	r2, #36	@ 0x24
1000a62c:	d02a      	beq.n	1000a684 <_calloc_r+0x9c>
1000a62e:	0003      	movs	r3, r0
1000a630:	3310      	adds	r3, #16
1000a632:	2200      	movs	r2, #0
1000a634:	601a      	str	r2, [r3, #0]
1000a636:	605a      	str	r2, [r3, #4]
1000a638:	609a      	str	r2, [r3, #8]
1000a63a:	e002      	b.n	1000a642 <_calloc_r+0x5a>
1000a63c:	2100      	movs	r1, #0
1000a63e:	f7f8 ffef 	bl	10003620 <__wrap_memset>
1000a642:	0028      	movs	r0, r5
1000a644:	bd70      	pop	{r4, r5, r6, pc}
1000a646:	2d00      	cmp	r5, #0
1000a648:	d116      	bne.n	1000a678 <_calloc_r+0x90>
1000a64a:	1c15      	adds	r5, r2, #0
1000a64c:	b289      	uxth	r1, r1
1000a64e:	b292      	uxth	r2, r2
1000a650:	434a      	muls	r2, r1
1000a652:	b2ad      	uxth	r5, r5
1000a654:	b29b      	uxth	r3, r3
1000a656:	436b      	muls	r3, r5
1000a658:	0c11      	lsrs	r1, r2, #16
1000a65a:	185b      	adds	r3, r3, r1
1000a65c:	0c19      	lsrs	r1, r3, #16
1000a65e:	d10b      	bne.n	1000a678 <_calloc_r+0x90>
1000a660:	0419      	lsls	r1, r3, #16
1000a662:	b292      	uxth	r2, r2
1000a664:	4311      	orrs	r1, r2
1000a666:	f000 f81d 	bl	1000a6a4 <_malloc_r>
1000a66a:	1e05      	subs	r5, r0, #0
1000a66c:	d1cb      	bne.n	1000a606 <_calloc_r+0x1e>
1000a66e:	2500      	movs	r5, #0
1000a670:	e7e7      	b.n	1000a642 <_calloc_r+0x5a>
1000a672:	1c2b      	adds	r3, r5, #0
1000a674:	1c0d      	adds	r5, r1, #0
1000a676:	e7e9      	b.n	1000a64c <_calloc_r+0x64>
1000a678:	f000 fb1c 	bl	1000acb4 <__errno>
1000a67c:	230c      	movs	r3, #12
1000a67e:	2500      	movs	r5, #0
1000a680:	6003      	str	r3, [r0, #0]
1000a682:	e7de      	b.n	1000a642 <_calloc_r+0x5a>
1000a684:	0003      	movs	r3, r0
1000a686:	6104      	str	r4, [r0, #16]
1000a688:	3318      	adds	r3, #24
1000a68a:	6144      	str	r4, [r0, #20]
1000a68c:	e7d1      	b.n	1000a632 <_calloc_r+0x4a>
1000a68e:	46c0      	nop			@ (mov r8, r8)

1000a690 <malloc>:
1000a690:	b510      	push	{r4, lr}
1000a692:	4b03      	ldr	r3, [pc, #12]	@ (1000a6a0 <malloc+0x10>)
1000a694:	0001      	movs	r1, r0
1000a696:	6818      	ldr	r0, [r3, #0]
1000a698:	f000 f804 	bl	1000a6a4 <_malloc_r>
1000a69c:	bd10      	pop	{r4, pc}
1000a69e:	46c0      	nop			@ (mov r8, r8)
1000a6a0:	20000db8 	.word	0x20000db8

1000a6a4 <_malloc_r>:
1000a6a4:	b5f0      	push	{r4, r5, r6, r7, lr}
1000a6a6:	464e      	mov	r6, r9
1000a6a8:	4645      	mov	r5, r8
1000a6aa:	46de      	mov	lr, fp
1000a6ac:	4657      	mov	r7, sl
1000a6ae:	b5e0      	push	{r5, r6, r7, lr}
1000a6b0:	000d      	movs	r5, r1
1000a6b2:	350b      	adds	r5, #11
1000a6b4:	0006      	movs	r6, r0
1000a6b6:	b085      	sub	sp, #20
1000a6b8:	2d16      	cmp	r5, #22
1000a6ba:	d821      	bhi.n	1000a700 <_malloc_r+0x5c>
1000a6bc:	2910      	cmp	r1, #16
1000a6be:	d900      	bls.n	1000a6c2 <_malloc_r+0x1e>
1000a6c0:	e0d4      	b.n	1000a86c <_malloc_r+0x1c8>
1000a6c2:	f000 fad5 	bl	1000ac70 <__malloc_lock>
1000a6c6:	2510      	movs	r5, #16
1000a6c8:	2318      	movs	r3, #24
1000a6ca:	2102      	movs	r1, #2
1000a6cc:	4fca      	ldr	r7, [pc, #808]	@ (1000a9f8 <_malloc_r+0x354>)
1000a6ce:	18fb      	adds	r3, r7, r3
1000a6d0:	001a      	movs	r2, r3
1000a6d2:	685c      	ldr	r4, [r3, #4]
1000a6d4:	3a08      	subs	r2, #8
1000a6d6:	4294      	cmp	r4, r2
1000a6d8:	d100      	bne.n	1000a6dc <_malloc_r+0x38>
1000a6da:	e186      	b.n	1000a9ea <_malloc_r+0x346>
1000a6dc:	2203      	movs	r2, #3
1000a6de:	6863      	ldr	r3, [r4, #4]
1000a6e0:	68a1      	ldr	r1, [r4, #8]
1000a6e2:	4393      	bics	r3, r2
1000a6e4:	68e2      	ldr	r2, [r4, #12]
1000a6e6:	60ca      	str	r2, [r1, #12]
1000a6e8:	6091      	str	r1, [r2, #8]
1000a6ea:	2101      	movs	r1, #1
1000a6ec:	18e3      	adds	r3, r4, r3
1000a6ee:	685a      	ldr	r2, [r3, #4]
1000a6f0:	0030      	movs	r0, r6
1000a6f2:	430a      	orrs	r2, r1
1000a6f4:	605a      	str	r2, [r3, #4]
1000a6f6:	f000 fac3 	bl	1000ac80 <__malloc_unlock>
1000a6fa:	0020      	movs	r0, r4
1000a6fc:	3008      	adds	r0, #8
1000a6fe:	e0b8      	b.n	1000a872 <_malloc_r+0x1ce>
1000a700:	2307      	movs	r3, #7
1000a702:	439d      	bics	r5, r3
1000a704:	d500      	bpl.n	1000a708 <_malloc_r+0x64>
1000a706:	e0b1      	b.n	1000a86c <_malloc_r+0x1c8>
1000a708:	42a9      	cmp	r1, r5
1000a70a:	d900      	bls.n	1000a70e <_malloc_r+0x6a>
1000a70c:	e0ae      	b.n	1000a86c <_malloc_r+0x1c8>
1000a70e:	f000 faaf 	bl	1000ac70 <__malloc_lock>
1000a712:	23fc      	movs	r3, #252	@ 0xfc
1000a714:	005b      	lsls	r3, r3, #1
1000a716:	429d      	cmp	r5, r3
1000a718:	d200      	bcs.n	1000a71c <_malloc_r+0x78>
1000a71a:	e1e0      	b.n	1000aade <_malloc_r+0x43a>
1000a71c:	0a69      	lsrs	r1, r5, #9
1000a71e:	d100      	bne.n	1000a722 <_malloc_r+0x7e>
1000a720:	e0ae      	b.n	1000a880 <_malloc_r+0x1dc>
1000a722:	2904      	cmp	r1, #4
1000a724:	d900      	bls.n	1000a728 <_malloc_r+0x84>
1000a726:	e1a1      	b.n	1000aa6c <_malloc_r+0x3c8>
1000a728:	2338      	movs	r3, #56	@ 0x38
1000a72a:	4698      	mov	r8, r3
1000a72c:	09a9      	lsrs	r1, r5, #6
1000a72e:	4488      	add	r8, r1
1000a730:	3139      	adds	r1, #57	@ 0x39
1000a732:	00cb      	lsls	r3, r1, #3
1000a734:	2208      	movs	r2, #8
1000a736:	4252      	negs	r2, r2
1000a738:	4694      	mov	ip, r2
1000a73a:	4faf      	ldr	r7, [pc, #700]	@ (1000a9f8 <_malloc_r+0x354>)
1000a73c:	18fb      	adds	r3, r7, r3
1000a73e:	449c      	add	ip, r3
1000a740:	4663      	mov	r3, ip
1000a742:	68dc      	ldr	r4, [r3, #12]
1000a744:	45a4      	cmp	ip, r4
1000a746:	d014      	beq.n	1000a772 <_malloc_r+0xce>
1000a748:	2303      	movs	r3, #3
1000a74a:	4699      	mov	r9, r3
1000a74c:	000b      	movs	r3, r1
1000a74e:	4661      	mov	r1, ip
1000a750:	469c      	mov	ip, r3
1000a752:	e007      	b.n	1000a764 <_malloc_r+0xc0>
1000a754:	68e0      	ldr	r0, [r4, #12]
1000a756:	2a00      	cmp	r2, #0
1000a758:	db00      	blt.n	1000a75c <_malloc_r+0xb8>
1000a75a:	e140      	b.n	1000a9de <_malloc_r+0x33a>
1000a75c:	4281      	cmp	r1, r0
1000a75e:	d100      	bne.n	1000a762 <_malloc_r+0xbe>
1000a760:	e141      	b.n	1000a9e6 <_malloc_r+0x342>
1000a762:	0004      	movs	r4, r0
1000a764:	464a      	mov	r2, r9
1000a766:	6863      	ldr	r3, [r4, #4]
1000a768:	4393      	bics	r3, r2
1000a76a:	1b5a      	subs	r2, r3, r5
1000a76c:	2a0f      	cmp	r2, #15
1000a76e:	ddf1      	ble.n	1000a754 <_malloc_r+0xb0>
1000a770:	4641      	mov	r1, r8
1000a772:	003a      	movs	r2, r7
1000a774:	693c      	ldr	r4, [r7, #16]
1000a776:	3208      	adds	r2, #8
1000a778:	4294      	cmp	r4, r2
1000a77a:	d100      	bne.n	1000a77e <_malloc_r+0xda>
1000a77c:	e11e      	b.n	1000a9bc <_malloc_r+0x318>
1000a77e:	2003      	movs	r0, #3
1000a780:	6863      	ldr	r3, [r4, #4]
1000a782:	4383      	bics	r3, r0
1000a784:	1b58      	subs	r0, r3, r5
1000a786:	280f      	cmp	r0, #15
1000a788:	dd00      	ble.n	1000a78c <_malloc_r+0xe8>
1000a78a:	e1ac      	b.n	1000aae6 <_malloc_r+0x442>
1000a78c:	613a      	str	r2, [r7, #16]
1000a78e:	617a      	str	r2, [r7, #20]
1000a790:	2800      	cmp	r0, #0
1000a792:	daaa      	bge.n	1000a6ea <_malloc_r+0x46>
1000a794:	687a      	ldr	r2, [r7, #4]
1000a796:	4690      	mov	r8, r2
1000a798:	2280      	movs	r2, #128	@ 0x80
1000a79a:	0092      	lsls	r2, r2, #2
1000a79c:	4293      	cmp	r3, r2
1000a79e:	d300      	bcc.n	1000a7a2 <_malloc_r+0xfe>
1000a7a0:	e136      	b.n	1000aa10 <_malloc_r+0x36c>
1000a7a2:	08da      	lsrs	r2, r3, #3
1000a7a4:	0958      	lsrs	r0, r3, #5
1000a7a6:	2301      	movs	r3, #1
1000a7a8:	4083      	lsls	r3, r0
1000a7aa:	4640      	mov	r0, r8
1000a7ac:	4318      	orrs	r0, r3
1000a7ae:	4680      	mov	r8, r0
1000a7b0:	00d3      	lsls	r3, r2, #3
1000a7b2:	19db      	adds	r3, r3, r7
1000a7b4:	689a      	ldr	r2, [r3, #8]
1000a7b6:	6078      	str	r0, [r7, #4]
1000a7b8:	60e3      	str	r3, [r4, #12]
1000a7ba:	60a2      	str	r2, [r4, #8]
1000a7bc:	609c      	str	r4, [r3, #8]
1000a7be:	60d4      	str	r4, [r2, #12]
1000a7c0:	2001      	movs	r0, #1
1000a7c2:	108b      	asrs	r3, r1, #2
1000a7c4:	4098      	lsls	r0, r3
1000a7c6:	4540      	cmp	r0, r8
1000a7c8:	d862      	bhi.n	1000a890 <_malloc_r+0x1ec>
1000a7ca:	4643      	mov	r3, r8
1000a7cc:	4203      	tst	r3, r0
1000a7ce:	d10a      	bne.n	1000a7e6 <_malloc_r+0x142>
1000a7d0:	2303      	movs	r3, #3
1000a7d2:	4399      	bics	r1, r3
1000a7d4:	4643      	mov	r3, r8
1000a7d6:	0040      	lsls	r0, r0, #1
1000a7d8:	3104      	adds	r1, #4
1000a7da:	4203      	tst	r3, r0
1000a7dc:	d103      	bne.n	1000a7e6 <_malloc_r+0x142>
1000a7de:	0040      	lsls	r0, r0, #1
1000a7e0:	3104      	adds	r1, #4
1000a7e2:	4203      	tst	r3, r0
1000a7e4:	d0fb      	beq.n	1000a7de <_malloc_r+0x13a>
1000a7e6:	2303      	movs	r3, #3
1000a7e8:	46b3      	mov	fp, r6
1000a7ea:	469c      	mov	ip, r3
1000a7ec:	000e      	movs	r6, r1
1000a7ee:	46b8      	mov	r8, r7
1000a7f0:	9001      	str	r0, [sp, #4]
1000a7f2:	00f0      	lsls	r0, r6, #3
1000a7f4:	4440      	add	r0, r8
1000a7f6:	0001      	movs	r1, r0
1000a7f8:	46b2      	mov	sl, r6
1000a7fa:	68cb      	ldr	r3, [r1, #12]
1000a7fc:	e00b      	b.n	1000a816 <_malloc_r+0x172>
1000a7fe:	4664      	mov	r4, ip
1000a800:	685a      	ldr	r2, [r3, #4]
1000a802:	001f      	movs	r7, r3
1000a804:	43a2      	bics	r2, r4
1000a806:	68db      	ldr	r3, [r3, #12]
1000a808:	1b54      	subs	r4, r2, r5
1000a80a:	2c0f      	cmp	r4, #15
1000a80c:	dd00      	ble.n	1000a810 <_malloc_r+0x16c>
1000a80e:	e139      	b.n	1000aa84 <_malloc_r+0x3e0>
1000a810:	2c00      	cmp	r4, #0
1000a812:	db00      	blt.n	1000a816 <_malloc_r+0x172>
1000a814:	e153      	b.n	1000aabe <_malloc_r+0x41a>
1000a816:	4299      	cmp	r1, r3
1000a818:	d1f1      	bne.n	1000a7fe <_malloc_r+0x15a>
1000a81a:	2301      	movs	r3, #1
1000a81c:	4699      	mov	r9, r3
1000a81e:	44ca      	add	sl, r9
1000a820:	4653      	mov	r3, sl
1000a822:	3108      	adds	r1, #8
1000a824:	079b      	lsls	r3, r3, #30
1000a826:	d1e8      	bne.n	1000a7fa <_malloc_r+0x156>
1000a828:	2203      	movs	r2, #3
1000a82a:	e005      	b.n	1000a838 <_malloc_r+0x194>
1000a82c:	6803      	ldr	r3, [r0, #0]
1000a82e:	3808      	subs	r0, #8
1000a830:	3e01      	subs	r6, #1
1000a832:	4283      	cmp	r3, r0
1000a834:	d000      	beq.n	1000a838 <_malloc_r+0x194>
1000a836:	e213      	b.n	1000ac60 <_malloc_r+0x5bc>
1000a838:	4232      	tst	r2, r6
1000a83a:	d1f7      	bne.n	1000a82c <_malloc_r+0x188>
1000a83c:	4643      	mov	r3, r8
1000a83e:	9a01      	ldr	r2, [sp, #4]
1000a840:	685b      	ldr	r3, [r3, #4]
1000a842:	4393      	bics	r3, r2
1000a844:	4642      	mov	r2, r8
1000a846:	6053      	str	r3, [r2, #4]
1000a848:	9a01      	ldr	r2, [sp, #4]
1000a84a:	0052      	lsls	r2, r2, #1
1000a84c:	9201      	str	r2, [sp, #4]
1000a84e:	429a      	cmp	r2, r3
1000a850:	d81c      	bhi.n	1000a88c <_malloc_r+0x1e8>
1000a852:	2a00      	cmp	r2, #0
1000a854:	d106      	bne.n	1000a864 <_malloc_r+0x1c0>
1000a856:	e019      	b.n	1000a88c <_malloc_r+0x1e8>
1000a858:	2204      	movs	r2, #4
1000a85a:	4691      	mov	r9, r2
1000a85c:	9a01      	ldr	r2, [sp, #4]
1000a85e:	44ca      	add	sl, r9
1000a860:	0052      	lsls	r2, r2, #1
1000a862:	9201      	str	r2, [sp, #4]
1000a864:	4213      	tst	r3, r2
1000a866:	d0f7      	beq.n	1000a858 <_malloc_r+0x1b4>
1000a868:	4656      	mov	r6, sl
1000a86a:	e7c2      	b.n	1000a7f2 <_malloc_r+0x14e>
1000a86c:	230c      	movs	r3, #12
1000a86e:	6033      	str	r3, [r6, #0]
1000a870:	2000      	movs	r0, #0
1000a872:	b005      	add	sp, #20
1000a874:	bcf0      	pop	{r4, r5, r6, r7}
1000a876:	46bb      	mov	fp, r7
1000a878:	46b2      	mov	sl, r6
1000a87a:	46a9      	mov	r9, r5
1000a87c:	46a0      	mov	r8, r4
1000a87e:	bdf0      	pop	{r4, r5, r6, r7, pc}
1000a880:	2380      	movs	r3, #128	@ 0x80
1000a882:	223f      	movs	r2, #63	@ 0x3f
1000a884:	2140      	movs	r1, #64	@ 0x40
1000a886:	4690      	mov	r8, r2
1000a888:	009b      	lsls	r3, r3, #2
1000a88a:	e753      	b.n	1000a734 <_malloc_r+0x90>
1000a88c:	465e      	mov	r6, fp
1000a88e:	4647      	mov	r7, r8
1000a890:	2203      	movs	r2, #3
1000a892:	68bc      	ldr	r4, [r7, #8]
1000a894:	6863      	ldr	r3, [r4, #4]
1000a896:	4393      	bics	r3, r2
1000a898:	4698      	mov	r8, r3
1000a89a:	42ab      	cmp	r3, r5
1000a89c:	d303      	bcc.n	1000a8a6 <_malloc_r+0x202>
1000a89e:	1b5b      	subs	r3, r3, r5
1000a8a0:	2b0f      	cmp	r3, #15
1000a8a2:	dd00      	ble.n	1000a8a6 <_malloc_r+0x202>
1000a8a4:	e08d      	b.n	1000a9c2 <_malloc_r+0x31e>
1000a8a6:	0023      	movs	r3, r4
1000a8a8:	4443      	add	r3, r8
1000a8aa:	9302      	str	r3, [sp, #8]
1000a8ac:	4b53      	ldr	r3, [pc, #332]	@ (1000a9fc <_malloc_r+0x358>)
1000a8ae:	2008      	movs	r0, #8
1000a8b0:	681b      	ldr	r3, [r3, #0]
1000a8b2:	3310      	adds	r3, #16
1000a8b4:	195b      	adds	r3, r3, r5
1000a8b6:	9301      	str	r3, [sp, #4]
1000a8b8:	f000 fa06 	bl	1000acc8 <sysconf>
1000a8bc:	4950      	ldr	r1, [pc, #320]	@ (1000aa00 <_malloc_r+0x35c>)
1000a8be:	9003      	str	r0, [sp, #12]
1000a8c0:	680b      	ldr	r3, [r1, #0]
1000a8c2:	468a      	mov	sl, r1
1000a8c4:	3301      	adds	r3, #1
1000a8c6:	d006      	beq.n	1000a8d6 <_malloc_r+0x232>
1000a8c8:	4684      	mov	ip, r0
1000a8ca:	9b01      	ldr	r3, [sp, #4]
1000a8cc:	4242      	negs	r2, r0
1000a8ce:	3b01      	subs	r3, #1
1000a8d0:	4463      	add	r3, ip
1000a8d2:	4013      	ands	r3, r2
1000a8d4:	9301      	str	r3, [sp, #4]
1000a8d6:	0030      	movs	r0, r6
1000a8d8:	9901      	ldr	r1, [sp, #4]
1000a8da:	f000 f9d9 	bl	1000ac90 <_sbrk_r>
1000a8de:	0003      	movs	r3, r0
1000a8e0:	4681      	mov	r9, r0
1000a8e2:	3301      	adds	r3, #1
1000a8e4:	d100      	bne.n	1000a8e8 <_malloc_r+0x244>
1000a8e6:	e11c      	b.n	1000ab22 <_malloc_r+0x47e>
1000a8e8:	9b02      	ldr	r3, [sp, #8]
1000a8ea:	4283      	cmp	r3, r0
1000a8ec:	d900      	bls.n	1000a8f0 <_malloc_r+0x24c>
1000a8ee:	e116      	b.n	1000ab1e <_malloc_r+0x47a>
1000a8f0:	4b44      	ldr	r3, [pc, #272]	@ (1000aa04 <_malloc_r+0x360>)
1000a8f2:	9802      	ldr	r0, [sp, #8]
1000a8f4:	469b      	mov	fp, r3
1000a8f6:	681a      	ldr	r2, [r3, #0]
1000a8f8:	9b01      	ldr	r3, [sp, #4]
1000a8fa:	4659      	mov	r1, fp
1000a8fc:	469c      	mov	ip, r3
1000a8fe:	4462      	add	r2, ip
1000a900:	600a      	str	r2, [r1, #0]
1000a902:	9903      	ldr	r1, [sp, #12]
1000a904:	3901      	subs	r1, #1
1000a906:	4548      	cmp	r0, r9
1000a908:	d100      	bne.n	1000a90c <_malloc_r+0x268>
1000a90a:	e157      	b.n	1000abbc <_malloc_r+0x518>
1000a90c:	4653      	mov	r3, sl
1000a90e:	681b      	ldr	r3, [r3, #0]
1000a910:	3301      	adds	r3, #1
1000a912:	d100      	bne.n	1000a916 <_malloc_r+0x272>
1000a914:	e15e      	b.n	1000abd4 <_malloc_r+0x530>
1000a916:	464b      	mov	r3, r9
1000a918:	9802      	ldr	r0, [sp, #8]
1000a91a:	1a1b      	subs	r3, r3, r0
1000a91c:	189b      	adds	r3, r3, r2
1000a91e:	465a      	mov	r2, fp
1000a920:	6013      	str	r3, [r2, #0]
1000a922:	2307      	movs	r3, #7
1000a924:	464a      	mov	r2, r9
1000a926:	4648      	mov	r0, r9
1000a928:	401a      	ands	r2, r3
1000a92a:	9202      	str	r2, [sp, #8]
1000a92c:	4218      	tst	r0, r3
1000a92e:	d100      	bne.n	1000a932 <_malloc_r+0x28e>
1000a930:	e115      	b.n	1000ab5e <_malloc_r+0x4ba>
1000a932:	9803      	ldr	r0, [sp, #12]
1000a934:	3301      	adds	r3, #1
1000a936:	4684      	mov	ip, r0
1000a938:	1a9b      	subs	r3, r3, r2
1000a93a:	9a01      	ldr	r2, [sp, #4]
1000a93c:	4499      	add	r9, r3
1000a93e:	444a      	add	r2, r9
1000a940:	9201      	str	r2, [sp, #4]
1000a942:	4463      	add	r3, ip
1000a944:	400a      	ands	r2, r1
1000a946:	1a9b      	subs	r3, r3, r2
1000a948:	4019      	ands	r1, r3
1000a94a:	0030      	movs	r0, r6
1000a94c:	468a      	mov	sl, r1
1000a94e:	f000 f99f 	bl	1000ac90 <_sbrk_r>
1000a952:	1c43      	adds	r3, r0, #1
1000a954:	d100      	bne.n	1000a958 <_malloc_r+0x2b4>
1000a956:	e158      	b.n	1000ac0a <_malloc_r+0x566>
1000a958:	464b      	mov	r3, r9
1000a95a:	1ac0      	subs	r0, r0, r3
1000a95c:	0003      	movs	r3, r0
1000a95e:	4453      	add	r3, sl
1000a960:	9301      	str	r3, [sp, #4]
1000a962:	465b      	mov	r3, fp
1000a964:	681a      	ldr	r2, [r3, #0]
1000a966:	2001      	movs	r0, #1
1000a968:	4452      	add	r2, sl
1000a96a:	601a      	str	r2, [r3, #0]
1000a96c:	464b      	mov	r3, r9
1000a96e:	4649      	mov	r1, r9
1000a970:	60bb      	str	r3, [r7, #8]
1000a972:	9b01      	ldr	r3, [sp, #4]
1000a974:	4303      	orrs	r3, r0
1000a976:	604b      	str	r3, [r1, #4]
1000a978:	42bc      	cmp	r4, r7
1000a97a:	d013      	beq.n	1000a9a4 <_malloc_r+0x300>
1000a97c:	4643      	mov	r3, r8
1000a97e:	2b0f      	cmp	r3, #15
1000a980:	d800      	bhi.n	1000a984 <_malloc_r+0x2e0>
1000a982:	e12b      	b.n	1000abdc <_malloc_r+0x538>
1000a984:	2107      	movs	r1, #7
1000a986:	3b0c      	subs	r3, #12
1000a988:	438b      	bics	r3, r1
1000a98a:	6861      	ldr	r1, [r4, #4]
1000a98c:	4001      	ands	r1, r0
1000a98e:	2005      	movs	r0, #5
1000a990:	4319      	orrs	r1, r3
1000a992:	6061      	str	r1, [r4, #4]
1000a994:	18e1      	adds	r1, r4, r3
1000a996:	6048      	str	r0, [r1, #4]
1000a998:	6088      	str	r0, [r1, #8]
1000a99a:	2b0f      	cmp	r3, #15
1000a99c:	d900      	bls.n	1000a9a0 <_malloc_r+0x2fc>
1000a99e:	e13f      	b.n	1000ac20 <_malloc_r+0x57c>
1000a9a0:	464b      	mov	r3, r9
1000a9a2:	685b      	ldr	r3, [r3, #4]
1000a9a4:	4918      	ldr	r1, [pc, #96]	@ (1000aa08 <_malloc_r+0x364>)
1000a9a6:	6808      	ldr	r0, [r1, #0]
1000a9a8:	4290      	cmp	r0, r2
1000a9aa:	d200      	bcs.n	1000a9ae <_malloc_r+0x30a>
1000a9ac:	600a      	str	r2, [r1, #0]
1000a9ae:	4917      	ldr	r1, [pc, #92]	@ (1000aa0c <_malloc_r+0x368>)
1000a9b0:	6808      	ldr	r0, [r1, #0]
1000a9b2:	4290      	cmp	r0, r2
1000a9b4:	d200      	bcs.n	1000a9b8 <_malloc_r+0x314>
1000a9b6:	600a      	str	r2, [r1, #0]
1000a9b8:	464c      	mov	r4, r9
1000a9ba:	e0b4      	b.n	1000ab26 <_malloc_r+0x482>
1000a9bc:	687b      	ldr	r3, [r7, #4]
1000a9be:	4698      	mov	r8, r3
1000a9c0:	e6fe      	b.n	1000a7c0 <_malloc_r+0x11c>
1000a9c2:	2201      	movs	r2, #1
1000a9c4:	0029      	movs	r1, r5
1000a9c6:	4313      	orrs	r3, r2
1000a9c8:	4311      	orrs	r1, r2
1000a9ca:	1965      	adds	r5, r4, r5
1000a9cc:	6061      	str	r1, [r4, #4]
1000a9ce:	0030      	movs	r0, r6
1000a9d0:	60bd      	str	r5, [r7, #8]
1000a9d2:	606b      	str	r3, [r5, #4]
1000a9d4:	f000 f954 	bl	1000ac80 <__malloc_unlock>
1000a9d8:	0020      	movs	r0, r4
1000a9da:	3008      	adds	r0, #8
1000a9dc:	e749      	b.n	1000a872 <_malloc_r+0x1ce>
1000a9de:	68a2      	ldr	r2, [r4, #8]
1000a9e0:	60d0      	str	r0, [r2, #12]
1000a9e2:	6082      	str	r2, [r0, #8]
1000a9e4:	e681      	b.n	1000a6ea <_malloc_r+0x46>
1000a9e6:	4661      	mov	r1, ip
1000a9e8:	e6c3      	b.n	1000a772 <_malloc_r+0xce>
1000a9ea:	68dc      	ldr	r4, [r3, #12]
1000a9ec:	3102      	adds	r1, #2
1000a9ee:	42a3      	cmp	r3, r4
1000a9f0:	d100      	bne.n	1000a9f4 <_malloc_r+0x350>
1000a9f2:	e6be      	b.n	1000a772 <_malloc_r+0xce>
1000a9f4:	e672      	b.n	1000a6dc <_malloc_r+0x38>
1000a9f6:	46c0      	nop			@ (mov r8, r8)
1000a9f8:	200009b0 	.word	0x200009b0
1000a9fc:	200023f0 	.word	0x200023f0
1000aa00:	200009a4 	.word	0x200009a4
1000aa04:	200023c0 	.word	0x200023c0
1000aa08:	200023e8 	.word	0x200023e8
1000aa0c:	200023ec 	.word	0x200023ec
1000aa10:	0a5a      	lsrs	r2, r3, #9
1000aa12:	2a04      	cmp	r2, #4
1000aa14:	d97c      	bls.n	1000ab10 <_malloc_r+0x46c>
1000aa16:	2a14      	cmp	r2, #20
1000aa18:	d900      	bls.n	1000aa1c <_malloc_r+0x378>
1000aa1a:	e0b0      	b.n	1000ab7e <_malloc_r+0x4da>
1000aa1c:	0010      	movs	r0, r2
1000aa1e:	305b      	adds	r0, #91	@ 0x5b
1000aa20:	4682      	mov	sl, r0
1000aa22:	325c      	adds	r2, #92	@ 0x5c
1000aa24:	00d2      	lsls	r2, r2, #3
1000aa26:	2008      	movs	r0, #8
1000aa28:	4240      	negs	r0, r0
1000aa2a:	4684      	mov	ip, r0
1000aa2c:	18ba      	adds	r2, r7, r2
1000aa2e:	4494      	add	ip, r2
1000aa30:	4662      	mov	r2, ip
1000aa32:	6892      	ldr	r2, [r2, #8]
1000aa34:	300b      	adds	r0, #11
1000aa36:	4681      	mov	r9, r0
1000aa38:	4594      	cmp	ip, r2
1000aa3a:	d100      	bne.n	1000aa3e <_malloc_r+0x39a>
1000aa3c:	e086      	b.n	1000ab4c <_malloc_r+0x4a8>
1000aa3e:	0008      	movs	r0, r1
1000aa40:	46a2      	mov	sl, r4
1000aa42:	4661      	mov	r1, ip
1000aa44:	4684      	mov	ip, r0
1000aa46:	e002      	b.n	1000aa4e <_malloc_r+0x3aa>
1000aa48:	6892      	ldr	r2, [r2, #8]
1000aa4a:	4291      	cmp	r1, r2
1000aa4c:	d004      	beq.n	1000aa58 <_malloc_r+0x3b4>
1000aa4e:	464c      	mov	r4, r9
1000aa50:	6850      	ldr	r0, [r2, #4]
1000aa52:	43a0      	bics	r0, r4
1000aa54:	4298      	cmp	r0, r3
1000aa56:	d8f7      	bhi.n	1000aa48 <_malloc_r+0x3a4>
1000aa58:	68d3      	ldr	r3, [r2, #12]
1000aa5a:	4661      	mov	r1, ip
1000aa5c:	4654      	mov	r4, sl
1000aa5e:	469c      	mov	ip, r3
1000aa60:	4663      	mov	r3, ip
1000aa62:	60a2      	str	r2, [r4, #8]
1000aa64:	60e3      	str	r3, [r4, #12]
1000aa66:	609c      	str	r4, [r3, #8]
1000aa68:	60d4      	str	r4, [r2, #12]
1000aa6a:	e6a9      	b.n	1000a7c0 <_malloc_r+0x11c>
1000aa6c:	2914      	cmp	r1, #20
1000aa6e:	d967      	bls.n	1000ab40 <_malloc_r+0x49c>
1000aa70:	2954      	cmp	r1, #84	@ 0x54
1000aa72:	d900      	bls.n	1000aa76 <_malloc_r+0x3d2>
1000aa74:	e08c      	b.n	1000ab90 <_malloc_r+0x4ec>
1000aa76:	236e      	movs	r3, #110	@ 0x6e
1000aa78:	4698      	mov	r8, r3
1000aa7a:	0b29      	lsrs	r1, r5, #12
1000aa7c:	4488      	add	r8, r1
1000aa7e:	316f      	adds	r1, #111	@ 0x6f
1000aa80:	00cb      	lsls	r3, r1, #3
1000aa82:	e657      	b.n	1000a734 <_malloc_r+0x90>
1000aa84:	46ba      	mov	sl, r7
1000aa86:	2001      	movs	r0, #1
1000aa88:	4651      	mov	r1, sl
1000aa8a:	4684      	mov	ip, r0
1000aa8c:	1949      	adds	r1, r1, r5
1000aa8e:	4305      	orrs	r5, r0
1000aa90:	4650      	mov	r0, sl
1000aa92:	6045      	str	r5, [r0, #4]
1000aa94:	6885      	ldr	r5, [r0, #8]
1000aa96:	4647      	mov	r7, r8
1000aa98:	4660      	mov	r0, ip
1000aa9a:	60eb      	str	r3, [r5, #12]
1000aa9c:	465e      	mov	r6, fp
1000aa9e:	609d      	str	r5, [r3, #8]
1000aaa0:	4653      	mov	r3, sl
1000aaa2:	6139      	str	r1, [r7, #16]
1000aaa4:	6179      	str	r1, [r7, #20]
1000aaa6:	4320      	orrs	r0, r4
1000aaa8:	3708      	adds	r7, #8
1000aaaa:	6048      	str	r0, [r1, #4]
1000aaac:	60cf      	str	r7, [r1, #12]
1000aaae:	0030      	movs	r0, r6
1000aab0:	608f      	str	r7, [r1, #8]
1000aab2:	509c      	str	r4, [r3, r2]
1000aab4:	f000 f8e4 	bl	1000ac80 <__malloc_unlock>
1000aab8:	4650      	mov	r0, sl
1000aaba:	3008      	adds	r0, #8
1000aabc:	e6d9      	b.n	1000a872 <_malloc_r+0x1ce>
1000aabe:	46ba      	mov	sl, r7
1000aac0:	2001      	movs	r0, #1
1000aac2:	465e      	mov	r6, fp
1000aac4:	4452      	add	r2, sl
1000aac6:	6851      	ldr	r1, [r2, #4]
1000aac8:	4301      	orrs	r1, r0
1000aaca:	6051      	str	r1, [r2, #4]
1000aacc:	68ba      	ldr	r2, [r7, #8]
1000aace:	0030      	movs	r0, r6
1000aad0:	60d3      	str	r3, [r2, #12]
1000aad2:	609a      	str	r2, [r3, #8]
1000aad4:	f000 f8d4 	bl	1000ac80 <__malloc_unlock>
1000aad8:	0038      	movs	r0, r7
1000aada:	3008      	adds	r0, #8
1000aadc:	e6c9      	b.n	1000a872 <_malloc_r+0x1ce>
1000aade:	002b      	movs	r3, r5
1000aae0:	08e9      	lsrs	r1, r5, #3
1000aae2:	3308      	adds	r3, #8
1000aae4:	e5f2      	b.n	1000a6cc <_malloc_r+0x28>
1000aae6:	1961      	adds	r1, r4, r5
1000aae8:	4688      	mov	r8, r1
1000aaea:	2101      	movs	r1, #1
1000aaec:	468c      	mov	ip, r1
1000aaee:	430d      	orrs	r5, r1
1000aaf0:	4641      	mov	r1, r8
1000aaf2:	6065      	str	r5, [r4, #4]
1000aaf4:	6139      	str	r1, [r7, #16]
1000aaf6:	6179      	str	r1, [r7, #20]
1000aaf8:	60ca      	str	r2, [r1, #12]
1000aafa:	608a      	str	r2, [r1, #8]
1000aafc:	4662      	mov	r2, ip
1000aafe:	4302      	orrs	r2, r0
1000ab00:	604a      	str	r2, [r1, #4]
1000ab02:	50e0      	str	r0, [r4, r3]
1000ab04:	0030      	movs	r0, r6
1000ab06:	f000 f8bb 	bl	1000ac80 <__malloc_unlock>
1000ab0a:	0020      	movs	r0, r4
1000ab0c:	3008      	adds	r0, #8
1000ab0e:	e6b0      	b.n	1000a872 <_malloc_r+0x1ce>
1000ab10:	099a      	lsrs	r2, r3, #6
1000ab12:	0010      	movs	r0, r2
1000ab14:	3239      	adds	r2, #57	@ 0x39
1000ab16:	3038      	adds	r0, #56	@ 0x38
1000ab18:	4682      	mov	sl, r0
1000ab1a:	00d2      	lsls	r2, r2, #3
1000ab1c:	e783      	b.n	1000aa26 <_malloc_r+0x382>
1000ab1e:	42bc      	cmp	r4, r7
1000ab20:	d041      	beq.n	1000aba6 <_malloc_r+0x502>
1000ab22:	68bc      	ldr	r4, [r7, #8]
1000ab24:	6863      	ldr	r3, [r4, #4]
1000ab26:	2203      	movs	r2, #3
1000ab28:	4393      	bics	r3, r2
1000ab2a:	001a      	movs	r2, r3
1000ab2c:	1b5b      	subs	r3, r3, r5
1000ab2e:	42aa      	cmp	r2, r5
1000ab30:	d302      	bcc.n	1000ab38 <_malloc_r+0x494>
1000ab32:	2b0f      	cmp	r3, #15
1000ab34:	dd00      	ble.n	1000ab38 <_malloc_r+0x494>
1000ab36:	e744      	b.n	1000a9c2 <_malloc_r+0x31e>
1000ab38:	0030      	movs	r0, r6
1000ab3a:	f000 f8a1 	bl	1000ac80 <__malloc_unlock>
1000ab3e:	e697      	b.n	1000a870 <_malloc_r+0x1cc>
1000ab40:	235b      	movs	r3, #91	@ 0x5b
1000ab42:	4698      	mov	r8, r3
1000ab44:	4488      	add	r8, r1
1000ab46:	315c      	adds	r1, #92	@ 0x5c
1000ab48:	00cb      	lsls	r3, r1, #3
1000ab4a:	e5f3      	b.n	1000a734 <_malloc_r+0x90>
1000ab4c:	4653      	mov	r3, sl
1000ab4e:	1098      	asrs	r0, r3, #2
1000ab50:	2301      	movs	r3, #1
1000ab52:	4083      	lsls	r3, r0
1000ab54:	4640      	mov	r0, r8
1000ab56:	4318      	orrs	r0, r3
1000ab58:	4680      	mov	r8, r0
1000ab5a:	6078      	str	r0, [r7, #4]
1000ab5c:	e780      	b.n	1000aa60 <_malloc_r+0x3bc>
1000ab5e:	9b01      	ldr	r3, [sp, #4]
1000ab60:	9a03      	ldr	r2, [sp, #12]
1000ab62:	444b      	add	r3, r9
1000ab64:	400b      	ands	r3, r1
1000ab66:	1ad3      	subs	r3, r2, r3
1000ab68:	4019      	ands	r1, r3
1000ab6a:	0030      	movs	r0, r6
1000ab6c:	468a      	mov	sl, r1
1000ab6e:	f000 f88f 	bl	1000ac90 <_sbrk_r>
1000ab72:	1c43      	adds	r3, r0, #1
1000ab74:	d000      	beq.n	1000ab78 <_malloc_r+0x4d4>
1000ab76:	e6ef      	b.n	1000a958 <_malloc_r+0x2b4>
1000ab78:	2300      	movs	r3, #0
1000ab7a:	469a      	mov	sl, r3
1000ab7c:	e6f1      	b.n	1000a962 <_malloc_r+0x2be>
1000ab7e:	2a54      	cmp	r2, #84	@ 0x54
1000ab80:	d82e      	bhi.n	1000abe0 <_malloc_r+0x53c>
1000ab82:	0b1a      	lsrs	r2, r3, #12
1000ab84:	0010      	movs	r0, r2
1000ab86:	326f      	adds	r2, #111	@ 0x6f
1000ab88:	306e      	adds	r0, #110	@ 0x6e
1000ab8a:	4682      	mov	sl, r0
1000ab8c:	00d2      	lsls	r2, r2, #3
1000ab8e:	e74a      	b.n	1000aa26 <_malloc_r+0x382>
1000ab90:	23aa      	movs	r3, #170	@ 0xaa
1000ab92:	005b      	lsls	r3, r3, #1
1000ab94:	4299      	cmp	r1, r3
1000ab96:	d82e      	bhi.n	1000abf6 <_malloc_r+0x552>
1000ab98:	3bdd      	subs	r3, #221	@ 0xdd
1000ab9a:	4698      	mov	r8, r3
1000ab9c:	0be9      	lsrs	r1, r5, #15
1000ab9e:	4488      	add	r8, r1
1000aba0:	3178      	adds	r1, #120	@ 0x78
1000aba2:	00cb      	lsls	r3, r1, #3
1000aba4:	e5c6      	b.n	1000a734 <_malloc_r+0x90>
1000aba6:	4b30      	ldr	r3, [pc, #192]	@ (1000ac68 <_malloc_r+0x5c4>)
1000aba8:	469b      	mov	fp, r3
1000abaa:	681a      	ldr	r2, [r3, #0]
1000abac:	9b01      	ldr	r3, [sp, #4]
1000abae:	469c      	mov	ip, r3
1000abb0:	465b      	mov	r3, fp
1000abb2:	4462      	add	r2, ip
1000abb4:	601a      	str	r2, [r3, #0]
1000abb6:	9b03      	ldr	r3, [sp, #12]
1000abb8:	1e59      	subs	r1, r3, #1
1000abba:	e6a7      	b.n	1000a90c <_malloc_r+0x268>
1000abbc:	4648      	mov	r0, r9
1000abbe:	4208      	tst	r0, r1
1000abc0:	d000      	beq.n	1000abc4 <_malloc_r+0x520>
1000abc2:	e6a3      	b.n	1000a90c <_malloc_r+0x268>
1000abc4:	68b9      	ldr	r1, [r7, #8]
1000abc6:	4443      	add	r3, r8
1000abc8:	4689      	mov	r9, r1
1000abca:	2101      	movs	r1, #1
1000abcc:	430b      	orrs	r3, r1
1000abce:	4649      	mov	r1, r9
1000abd0:	604b      	str	r3, [r1, #4]
1000abd2:	e6e7      	b.n	1000a9a4 <_malloc_r+0x300>
1000abd4:	4653      	mov	r3, sl
1000abd6:	464a      	mov	r2, r9
1000abd8:	601a      	str	r2, [r3, #0]
1000abda:	e6a2      	b.n	1000a922 <_malloc_r+0x27e>
1000abdc:	6048      	str	r0, [r1, #4]
1000abde:	e7ab      	b.n	1000ab38 <_malloc_r+0x494>
1000abe0:	20aa      	movs	r0, #170	@ 0xaa
1000abe2:	0040      	lsls	r0, r0, #1
1000abe4:	4282      	cmp	r2, r0
1000abe6:	d826      	bhi.n	1000ac36 <_malloc_r+0x592>
1000abe8:	0bda      	lsrs	r2, r3, #15
1000abea:	0010      	movs	r0, r2
1000abec:	3278      	adds	r2, #120	@ 0x78
1000abee:	3077      	adds	r0, #119	@ 0x77
1000abf0:	4682      	mov	sl, r0
1000abf2:	00d2      	lsls	r2, r2, #3
1000abf4:	e717      	b.n	1000aa26 <_malloc_r+0x382>
1000abf6:	4b1d      	ldr	r3, [pc, #116]	@ (1000ac6c <_malloc_r+0x5c8>)
1000abf8:	4299      	cmp	r1, r3
1000abfa:	d826      	bhi.n	1000ac4a <_malloc_r+0x5a6>
1000abfc:	237c      	movs	r3, #124	@ 0x7c
1000abfe:	4698      	mov	r8, r3
1000ac00:	0ca9      	lsrs	r1, r5, #18
1000ac02:	4488      	add	r8, r1
1000ac04:	317d      	adds	r1, #125	@ 0x7d
1000ac06:	00cb      	lsls	r3, r1, #3
1000ac08:	e594      	b.n	1000a734 <_malloc_r+0x90>
1000ac0a:	9a01      	ldr	r2, [sp, #4]
1000ac0c:	9b02      	ldr	r3, [sp, #8]
1000ac0e:	4694      	mov	ip, r2
1000ac10:	464a      	mov	r2, r9
1000ac12:	3b08      	subs	r3, #8
1000ac14:	4463      	add	r3, ip
1000ac16:	1a9b      	subs	r3, r3, r2
1000ac18:	9301      	str	r3, [sp, #4]
1000ac1a:	2300      	movs	r3, #0
1000ac1c:	469a      	mov	sl, r3
1000ac1e:	e6a0      	b.n	1000a962 <_malloc_r+0x2be>
1000ac20:	0021      	movs	r1, r4
1000ac22:	0030      	movs	r0, r6
1000ac24:	3108      	adds	r1, #8
1000ac26:	f000 f8e5 	bl	1000adf4 <_free_r>
1000ac2a:	465b      	mov	r3, fp
1000ac2c:	681a      	ldr	r2, [r3, #0]
1000ac2e:	68bb      	ldr	r3, [r7, #8]
1000ac30:	4699      	mov	r9, r3
1000ac32:	685b      	ldr	r3, [r3, #4]
1000ac34:	e6b6      	b.n	1000a9a4 <_malloc_r+0x300>
1000ac36:	480d      	ldr	r0, [pc, #52]	@ (1000ac6c <_malloc_r+0x5c8>)
1000ac38:	4282      	cmp	r2, r0
1000ac3a:	d80c      	bhi.n	1000ac56 <_malloc_r+0x5b2>
1000ac3c:	0c9a      	lsrs	r2, r3, #18
1000ac3e:	0010      	movs	r0, r2
1000ac40:	327d      	adds	r2, #125	@ 0x7d
1000ac42:	307c      	adds	r0, #124	@ 0x7c
1000ac44:	4682      	mov	sl, r0
1000ac46:	00d2      	lsls	r2, r2, #3
1000ac48:	e6ed      	b.n	1000aa26 <_malloc_r+0x382>
1000ac4a:	23fe      	movs	r3, #254	@ 0xfe
1000ac4c:	227e      	movs	r2, #126	@ 0x7e
1000ac4e:	217f      	movs	r1, #127	@ 0x7f
1000ac50:	4690      	mov	r8, r2
1000ac52:	009b      	lsls	r3, r3, #2
1000ac54:	e56e      	b.n	1000a734 <_malloc_r+0x90>
1000ac56:	22fe      	movs	r2, #254	@ 0xfe
1000ac58:	207e      	movs	r0, #126	@ 0x7e
1000ac5a:	0092      	lsls	r2, r2, #2
1000ac5c:	4682      	mov	sl, r0
1000ac5e:	e6e2      	b.n	1000aa26 <_malloc_r+0x382>
1000ac60:	4643      	mov	r3, r8
1000ac62:	685b      	ldr	r3, [r3, #4]
1000ac64:	e5f0      	b.n	1000a848 <_malloc_r+0x1a4>
1000ac66:	46c0      	nop			@ (mov r8, r8)
1000ac68:	200023c0 	.word	0x200023c0
1000ac6c:	00000554 	.word	0x00000554

1000ac70 <__malloc_lock>:
1000ac70:	b510      	push	{r4, lr}
1000ac72:	4802      	ldr	r0, [pc, #8]	@ (1000ac7c <__malloc_lock+0xc>)
1000ac74:	f000 f824 	bl	1000acc0 <__retarget_lock_acquire_recursive>
1000ac78:	bd10      	pop	{r4, pc}
1000ac7a:	46c0      	nop			@ (mov r8, r8)
1000ac7c:	200023bc 	.word	0x200023bc

1000ac80 <__malloc_unlock>:
1000ac80:	b510      	push	{r4, lr}
1000ac82:	4802      	ldr	r0, [pc, #8]	@ (1000ac8c <__malloc_unlock+0xc>)
1000ac84:	f000 f81e 	bl	1000acc4 <__retarget_lock_release_recursive>
1000ac88:	bd10      	pop	{r4, pc}
1000ac8a:	46c0      	nop			@ (mov r8, r8)
1000ac8c:	200023bc 	.word	0x200023bc

1000ac90 <_sbrk_r>:
1000ac90:	2300      	movs	r3, #0
1000ac92:	b570      	push	{r4, r5, r6, lr}
1000ac94:	4c06      	ldr	r4, [pc, #24]	@ (1000acb0 <_sbrk_r+0x20>)
1000ac96:	0005      	movs	r5, r0
1000ac98:	0008      	movs	r0, r1
1000ac9a:	6023      	str	r3, [r4, #0]
1000ac9c:	f7fa f948 	bl	10004f30 <_sbrk>
1000aca0:	1c43      	adds	r3, r0, #1
1000aca2:	d000      	beq.n	1000aca6 <_sbrk_r+0x16>
1000aca4:	bd70      	pop	{r4, r5, r6, pc}
1000aca6:	6823      	ldr	r3, [r4, #0]
1000aca8:	2b00      	cmp	r3, #0
1000acaa:	d0fb      	beq.n	1000aca4 <_sbrk_r+0x14>
1000acac:	602b      	str	r3, [r5, #0]
1000acae:	e7f9      	b.n	1000aca4 <_sbrk_r+0x14>
1000acb0:	200040f4 	.word	0x200040f4

1000acb4 <__errno>:
1000acb4:	4b01      	ldr	r3, [pc, #4]	@ (1000acbc <__errno+0x8>)
1000acb6:	6818      	ldr	r0, [r3, #0]
1000acb8:	4770      	bx	lr
1000acba:	46c0      	nop			@ (mov r8, r8)
1000acbc:	20000db8 	.word	0x20000db8

1000acc0 <__retarget_lock_acquire_recursive>:
1000acc0:	4770      	bx	lr
1000acc2:	46c0      	nop			@ (mov r8, r8)

1000acc4 <__retarget_lock_release_recursive>:
1000acc4:	4770      	bx	lr
1000acc6:	46c0      	nop			@ (mov r8, r8)

1000acc8 <sysconf>:
1000acc8:	2380      	movs	r3, #128	@ 0x80
1000acca:	b510      	push	{r4, lr}
1000accc:	015b      	lsls	r3, r3, #5
1000acce:	2808      	cmp	r0, #8
1000acd0:	d101      	bne.n	1000acd6 <sysconf+0xe>
1000acd2:	0018      	movs	r0, r3
1000acd4:	bd10      	pop	{r4, pc}
1000acd6:	f7ff ffed 	bl	1000acb4 <__errno>
1000acda:	2316      	movs	r3, #22
1000acdc:	6003      	str	r3, [r0, #0]
1000acde:	3b17      	subs	r3, #23
1000ace0:	e7f7      	b.n	1000acd2 <sysconf+0xa>
1000ace2:	46c0      	nop			@ (mov r8, r8)

1000ace4 <strlen>:
1000ace4:	b510      	push	{r4, lr}
1000ace6:	0783      	lsls	r3, r0, #30
1000ace8:	d00a      	beq.n	1000ad00 <strlen+0x1c>
1000acea:	0003      	movs	r3, r0
1000acec:	2103      	movs	r1, #3
1000acee:	e002      	b.n	1000acf6 <strlen+0x12>
1000acf0:	3301      	adds	r3, #1
1000acf2:	420b      	tst	r3, r1
1000acf4:	d005      	beq.n	1000ad02 <strlen+0x1e>
1000acf6:	781a      	ldrb	r2, [r3, #0]
1000acf8:	2a00      	cmp	r2, #0
1000acfa:	d1f9      	bne.n	1000acf0 <strlen+0xc>
1000acfc:	1a18      	subs	r0, r3, r0
1000acfe:	bd10      	pop	{r4, pc}
1000ad00:	0003      	movs	r3, r0
1000ad02:	6819      	ldr	r1, [r3, #0]
1000ad04:	4a0c      	ldr	r2, [pc, #48]	@ (1000ad38 <strlen+0x54>)
1000ad06:	4c0d      	ldr	r4, [pc, #52]	@ (1000ad3c <strlen+0x58>)
1000ad08:	188a      	adds	r2, r1, r2
1000ad0a:	438a      	bics	r2, r1
1000ad0c:	4222      	tst	r2, r4
1000ad0e:	d10f      	bne.n	1000ad30 <strlen+0x4c>
1000ad10:	6859      	ldr	r1, [r3, #4]
1000ad12:	4a09      	ldr	r2, [pc, #36]	@ (1000ad38 <strlen+0x54>)
1000ad14:	3304      	adds	r3, #4
1000ad16:	188a      	adds	r2, r1, r2
1000ad18:	438a      	bics	r2, r1
1000ad1a:	4222      	tst	r2, r4
1000ad1c:	d108      	bne.n	1000ad30 <strlen+0x4c>
1000ad1e:	6859      	ldr	r1, [r3, #4]
1000ad20:	4a05      	ldr	r2, [pc, #20]	@ (1000ad38 <strlen+0x54>)
1000ad22:	3304      	adds	r3, #4
1000ad24:	188a      	adds	r2, r1, r2
1000ad26:	438a      	bics	r2, r1
1000ad28:	4222      	tst	r2, r4
1000ad2a:	d0f1      	beq.n	1000ad10 <strlen+0x2c>
1000ad2c:	e000      	b.n	1000ad30 <strlen+0x4c>
1000ad2e:	3301      	adds	r3, #1
1000ad30:	781a      	ldrb	r2, [r3, #0]
1000ad32:	2a00      	cmp	r2, #0
1000ad34:	d1fb      	bne.n	1000ad2e <strlen+0x4a>
1000ad36:	e7e1      	b.n	1000acfc <strlen+0x18>
1000ad38:	fefefeff 	.word	0xfefefeff
1000ad3c:	80808080 	.word	0x80808080

1000ad40 <_malloc_trim_r>:
1000ad40:	b5f0      	push	{r4, r5, r6, r7, lr}
1000ad42:	46c6      	mov	lr, r8
1000ad44:	0006      	movs	r6, r0
1000ad46:	b500      	push	{lr}
1000ad48:	2008      	movs	r0, #8
1000ad4a:	000d      	movs	r5, r1
1000ad4c:	f7ff ffbc 	bl	1000acc8 <sysconf>
1000ad50:	0004      	movs	r4, r0
1000ad52:	0030      	movs	r0, r6
1000ad54:	f7ff ff8c 	bl	1000ac70 <__malloc_lock>
1000ad58:	4b23      	ldr	r3, [pc, #140]	@ (1000ade8 <_malloc_trim_r+0xa8>)
1000ad5a:	0021      	movs	r1, r4
1000ad5c:	4698      	mov	r8, r3
1000ad5e:	689b      	ldr	r3, [r3, #8]
1000ad60:	685f      	ldr	r7, [r3, #4]
1000ad62:	2303      	movs	r3, #3
1000ad64:	439f      	bics	r7, r3
1000ad66:	0038      	movs	r0, r7
1000ad68:	3811      	subs	r0, #17
1000ad6a:	1b40      	subs	r0, r0, r5
1000ad6c:	1900      	adds	r0, r0, r4
1000ad6e:	f7f8 f80f 	bl	10002d90 <__wrap___aeabi_uidiv>
1000ad72:	1e45      	subs	r5, r0, #1
1000ad74:	4365      	muls	r5, r4
1000ad76:	42ac      	cmp	r4, r5
1000ad78:	dc08      	bgt.n	1000ad8c <_malloc_trim_r+0x4c>
1000ad7a:	2100      	movs	r1, #0
1000ad7c:	0030      	movs	r0, r6
1000ad7e:	f7ff ff87 	bl	1000ac90 <_sbrk_r>
1000ad82:	4643      	mov	r3, r8
1000ad84:	689b      	ldr	r3, [r3, #8]
1000ad86:	19db      	adds	r3, r3, r7
1000ad88:	4298      	cmp	r0, r3
1000ad8a:	d006      	beq.n	1000ad9a <_malloc_trim_r+0x5a>
1000ad8c:	0030      	movs	r0, r6
1000ad8e:	f7ff ff77 	bl	1000ac80 <__malloc_unlock>
1000ad92:	2000      	movs	r0, #0
1000ad94:	bc80      	pop	{r7}
1000ad96:	46b8      	mov	r8, r7
1000ad98:	bdf0      	pop	{r4, r5, r6, r7, pc}
1000ad9a:	0030      	movs	r0, r6
1000ad9c:	4269      	negs	r1, r5
1000ad9e:	f7ff ff77 	bl	1000ac90 <_sbrk_r>
1000ada2:	3001      	adds	r0, #1
1000ada4:	d00e      	beq.n	1000adc4 <_malloc_trim_r+0x84>
1000ada6:	2201      	movs	r2, #1
1000ada8:	4643      	mov	r3, r8
1000adaa:	1b7f      	subs	r7, r7, r5
1000adac:	689b      	ldr	r3, [r3, #8]
1000adae:	4317      	orrs	r7, r2
1000adb0:	4a0e      	ldr	r2, [pc, #56]	@ (1000adec <_malloc_trim_r+0xac>)
1000adb2:	605f      	str	r7, [r3, #4]
1000adb4:	6813      	ldr	r3, [r2, #0]
1000adb6:	0030      	movs	r0, r6
1000adb8:	1b5b      	subs	r3, r3, r5
1000adba:	6013      	str	r3, [r2, #0]
1000adbc:	f7ff ff60 	bl	1000ac80 <__malloc_unlock>
1000adc0:	2001      	movs	r0, #1
1000adc2:	e7e7      	b.n	1000ad94 <_malloc_trim_r+0x54>
1000adc4:	2100      	movs	r1, #0
1000adc6:	0030      	movs	r0, r6
1000adc8:	f7ff ff62 	bl	1000ac90 <_sbrk_r>
1000adcc:	4643      	mov	r3, r8
1000adce:	689a      	ldr	r2, [r3, #8]
1000add0:	1a83      	subs	r3, r0, r2
1000add2:	2b0f      	cmp	r3, #15
1000add4:	ddda      	ble.n	1000ad8c <_malloc_trim_r+0x4c>
1000add6:	4c06      	ldr	r4, [pc, #24]	@ (1000adf0 <_malloc_trim_r+0xb0>)
1000add8:	4904      	ldr	r1, [pc, #16]	@ (1000adec <_malloc_trim_r+0xac>)
1000adda:	6824      	ldr	r4, [r4, #0]
1000addc:	1b00      	subs	r0, r0, r4
1000adde:	6008      	str	r0, [r1, #0]
1000ade0:	2101      	movs	r1, #1
1000ade2:	430b      	orrs	r3, r1
1000ade4:	6053      	str	r3, [r2, #4]
1000ade6:	e7d1      	b.n	1000ad8c <_malloc_trim_r+0x4c>
1000ade8:	200009b0 	.word	0x200009b0
1000adec:	200023c0 	.word	0x200023c0
1000adf0:	200009a4 	.word	0x200009a4

1000adf4 <_free_r>:
1000adf4:	b5f0      	push	{r4, r5, r6, r7, lr}
1000adf6:	46d6      	mov	lr, sl
1000adf8:	464f      	mov	r7, r9
1000adfa:	4646      	mov	r6, r8
1000adfc:	0005      	movs	r5, r0
1000adfe:	000c      	movs	r4, r1
1000ae00:	b5c0      	push	{r6, r7, lr}
1000ae02:	2900      	cmp	r1, #0
1000ae04:	d048      	beq.n	1000ae98 <_free_r+0xa4>
1000ae06:	f7ff ff33 	bl	1000ac70 <__malloc_lock>
1000ae0a:	0021      	movs	r1, r4
1000ae0c:	2701      	movs	r7, #1
1000ae0e:	3908      	subs	r1, #8
1000ae10:	684b      	ldr	r3, [r1, #4]
1000ae12:	2003      	movs	r0, #3
1000ae14:	469c      	mov	ip, r3
1000ae16:	43bb      	bics	r3, r7
1000ae18:	18ce      	adds	r6, r1, r3
1000ae1a:	6872      	ldr	r2, [r6, #4]
1000ae1c:	4382      	bics	r2, r0
1000ae1e:	4660      	mov	r0, ip
1000ae20:	4038      	ands	r0, r7
1000ae22:	4680      	mov	r8, r0
1000ae24:	486a      	ldr	r0, [pc, #424]	@ (1000afd0 <_free_r+0x1dc>)
1000ae26:	4691      	mov	r9, r2
1000ae28:	6884      	ldr	r4, [r0, #8]
1000ae2a:	42b4      	cmp	r4, r6
1000ae2c:	d100      	bne.n	1000ae30 <_free_r+0x3c>
1000ae2e:	e07c      	b.n	1000af2a <_free_r+0x136>
1000ae30:	6072      	str	r2, [r6, #4]
1000ae32:	18b4      	adds	r4, r6, r2
1000ae34:	6864      	ldr	r4, [r4, #4]
1000ae36:	403c      	ands	r4, r7
1000ae38:	46a2      	mov	sl, r4
1000ae3a:	4644      	mov	r4, r8
1000ae3c:	2c00      	cmp	r4, #0
1000ae3e:	d130      	bne.n	1000aea2 <_free_r+0xae>
1000ae40:	680c      	ldr	r4, [r1, #0]
1000ae42:	46a4      	mov	ip, r4
1000ae44:	1b09      	subs	r1, r1, r4
1000ae46:	688c      	ldr	r4, [r1, #8]
1000ae48:	4463      	add	r3, ip
1000ae4a:	46a4      	mov	ip, r4
1000ae4c:	2408      	movs	r4, #8
1000ae4e:	46a0      	mov	r8, r4
1000ae50:	4480      	add	r8, r0
1000ae52:	45c4      	cmp	ip, r8
1000ae54:	d05c      	beq.n	1000af10 <_free_r+0x11c>
1000ae56:	68cc      	ldr	r4, [r1, #12]
1000ae58:	46a0      	mov	r8, r4
1000ae5a:	4664      	mov	r4, ip
1000ae5c:	4642      	mov	r2, r8
1000ae5e:	60e2      	str	r2, [r4, #12]
1000ae60:	6094      	str	r4, [r2, #8]
1000ae62:	4652      	mov	r2, sl
1000ae64:	2a00      	cmp	r2, #0
1000ae66:	d01f      	beq.n	1000aea8 <_free_r+0xb4>
1000ae68:	431f      	orrs	r7, r3
1000ae6a:	604f      	str	r7, [r1, #4]
1000ae6c:	6033      	str	r3, [r6, #0]
1000ae6e:	2280      	movs	r2, #128	@ 0x80
1000ae70:	0092      	lsls	r2, r2, #2
1000ae72:	4293      	cmp	r3, r2
1000ae74:	d230      	bcs.n	1000aed8 <_free_r+0xe4>
1000ae76:	08da      	lsrs	r2, r3, #3
1000ae78:	095c      	lsrs	r4, r3, #5
1000ae7a:	2301      	movs	r3, #1
1000ae7c:	40a3      	lsls	r3, r4
1000ae7e:	6844      	ldr	r4, [r0, #4]
1000ae80:	4323      	orrs	r3, r4
1000ae82:	6043      	str	r3, [r0, #4]
1000ae84:	00d3      	lsls	r3, r2, #3
1000ae86:	181b      	adds	r3, r3, r0
1000ae88:	689a      	ldr	r2, [r3, #8]
1000ae8a:	60cb      	str	r3, [r1, #12]
1000ae8c:	608a      	str	r2, [r1, #8]
1000ae8e:	6099      	str	r1, [r3, #8]
1000ae90:	60d1      	str	r1, [r2, #12]
1000ae92:	0028      	movs	r0, r5
1000ae94:	f7ff fef4 	bl	1000ac80 <__malloc_unlock>
1000ae98:	bce0      	pop	{r5, r6, r7}
1000ae9a:	46ba      	mov	sl, r7
1000ae9c:	46b1      	mov	r9, r6
1000ae9e:	46a8      	mov	r8, r5
1000aea0:	bdf0      	pop	{r4, r5, r6, r7, pc}
1000aea2:	4652      	mov	r2, sl
1000aea4:	2a00      	cmp	r2, #0
1000aea6:	d10f      	bne.n	1000aec8 <_free_r+0xd4>
1000aea8:	2201      	movs	r2, #1
1000aeaa:	444b      	add	r3, r9
1000aeac:	18cf      	adds	r7, r1, r3
1000aeae:	46bc      	mov	ip, r7
1000aeb0:	68b4      	ldr	r4, [r6, #8]
1000aeb2:	4f48      	ldr	r7, [pc, #288]	@ (1000afd4 <_free_r+0x1e0>)
1000aeb4:	431a      	orrs	r2, r3
1000aeb6:	42bc      	cmp	r4, r7
1000aeb8:	d05b      	beq.n	1000af72 <_free_r+0x17e>
1000aeba:	68f6      	ldr	r6, [r6, #12]
1000aebc:	60e6      	str	r6, [r4, #12]
1000aebe:	60b4      	str	r4, [r6, #8]
1000aec0:	604a      	str	r2, [r1, #4]
1000aec2:	4662      	mov	r2, ip
1000aec4:	6013      	str	r3, [r2, #0]
1000aec6:	e7d2      	b.n	1000ae6e <_free_r+0x7a>
1000aec8:	4662      	mov	r2, ip
1000aeca:	433a      	orrs	r2, r7
1000aecc:	604a      	str	r2, [r1, #4]
1000aece:	2280      	movs	r2, #128	@ 0x80
1000aed0:	6033      	str	r3, [r6, #0]
1000aed2:	0092      	lsls	r2, r2, #2
1000aed4:	4293      	cmp	r3, r2
1000aed6:	d3ce      	bcc.n	1000ae76 <_free_r+0x82>
1000aed8:	0a5c      	lsrs	r4, r3, #9
1000aeda:	2c04      	cmp	r4, #4
1000aedc:	d83f      	bhi.n	1000af5e <_free_r+0x16a>
1000aede:	099c      	lsrs	r4, r3, #6
1000aee0:	0026      	movs	r6, r4
1000aee2:	3439      	adds	r4, #57	@ 0x39
1000aee4:	3638      	adds	r6, #56	@ 0x38
1000aee6:	00e4      	lsls	r4, r4, #3
1000aee8:	1904      	adds	r4, r0, r4
1000aeea:	6822      	ldr	r2, [r4, #0]
1000aeec:	3c08      	subs	r4, #8
1000aeee:	2703      	movs	r7, #3
1000aef0:	4294      	cmp	r4, r2
1000aef2:	d103      	bne.n	1000aefc <_free_r+0x108>
1000aef4:	e04e      	b.n	1000af94 <_free_r+0x1a0>
1000aef6:	6892      	ldr	r2, [r2, #8]
1000aef8:	4294      	cmp	r4, r2
1000aefa:	d003      	beq.n	1000af04 <_free_r+0x110>
1000aefc:	6850      	ldr	r0, [r2, #4]
1000aefe:	43b8      	bics	r0, r7
1000af00:	4298      	cmp	r0, r3
1000af02:	d8f8      	bhi.n	1000aef6 <_free_r+0x102>
1000af04:	68d4      	ldr	r4, [r2, #12]
1000af06:	60cc      	str	r4, [r1, #12]
1000af08:	608a      	str	r2, [r1, #8]
1000af0a:	60a1      	str	r1, [r4, #8]
1000af0c:	60d1      	str	r1, [r2, #12]
1000af0e:	e7c0      	b.n	1000ae92 <_free_r+0x9e>
1000af10:	4652      	mov	r2, sl
1000af12:	2a00      	cmp	r2, #0
1000af14:	d135      	bne.n	1000af82 <_free_r+0x18e>
1000af16:	444b      	add	r3, r9
1000af18:	001a      	movs	r2, r3
1000af1a:	68b0      	ldr	r0, [r6, #8]
1000af1c:	68f3      	ldr	r3, [r6, #12]
1000af1e:	4317      	orrs	r7, r2
1000af20:	60c3      	str	r3, [r0, #12]
1000af22:	6098      	str	r0, [r3, #8]
1000af24:	604f      	str	r7, [r1, #4]
1000af26:	508a      	str	r2, [r1, r2]
1000af28:	e7b3      	b.n	1000ae92 <_free_r+0x9e>
1000af2a:	444b      	add	r3, r9
1000af2c:	001a      	movs	r2, r3
1000af2e:	4643      	mov	r3, r8
1000af30:	2b00      	cmp	r3, #0
1000af32:	d106      	bne.n	1000af42 <_free_r+0x14e>
1000af34:	680b      	ldr	r3, [r1, #0]
1000af36:	1ac9      	subs	r1, r1, r3
1000af38:	688c      	ldr	r4, [r1, #8]
1000af3a:	18d2      	adds	r2, r2, r3
1000af3c:	68cb      	ldr	r3, [r1, #12]
1000af3e:	60e3      	str	r3, [r4, #12]
1000af40:	609c      	str	r4, [r3, #8]
1000af42:	2301      	movs	r3, #1
1000af44:	4313      	orrs	r3, r2
1000af46:	604b      	str	r3, [r1, #4]
1000af48:	4b23      	ldr	r3, [pc, #140]	@ (1000afd8 <_free_r+0x1e4>)
1000af4a:	6081      	str	r1, [r0, #8]
1000af4c:	681b      	ldr	r3, [r3, #0]
1000af4e:	4293      	cmp	r3, r2
1000af50:	d89f      	bhi.n	1000ae92 <_free_r+0x9e>
1000af52:	4b22      	ldr	r3, [pc, #136]	@ (1000afdc <_free_r+0x1e8>)
1000af54:	0028      	movs	r0, r5
1000af56:	6819      	ldr	r1, [r3, #0]
1000af58:	f7ff fef2 	bl	1000ad40 <_malloc_trim_r>
1000af5c:	e799      	b.n	1000ae92 <_free_r+0x9e>
1000af5e:	2c14      	cmp	r4, #20
1000af60:	d913      	bls.n	1000af8a <_free_r+0x196>
1000af62:	2c54      	cmp	r4, #84	@ 0x54
1000af64:	d81d      	bhi.n	1000afa2 <_free_r+0x1ae>
1000af66:	0b1c      	lsrs	r4, r3, #12
1000af68:	0026      	movs	r6, r4
1000af6a:	346f      	adds	r4, #111	@ 0x6f
1000af6c:	366e      	adds	r6, #110	@ 0x6e
1000af6e:	00e4      	lsls	r4, r4, #3
1000af70:	e7ba      	b.n	1000aee8 <_free_r+0xf4>
1000af72:	60e1      	str	r1, [r4, #12]
1000af74:	60a1      	str	r1, [r4, #8]
1000af76:	604a      	str	r2, [r1, #4]
1000af78:	4662      	mov	r2, ip
1000af7a:	60cc      	str	r4, [r1, #12]
1000af7c:	608c      	str	r4, [r1, #8]
1000af7e:	6013      	str	r3, [r2, #0]
1000af80:	e787      	b.n	1000ae92 <_free_r+0x9e>
1000af82:	431f      	orrs	r7, r3
1000af84:	604f      	str	r7, [r1, #4]
1000af86:	6033      	str	r3, [r6, #0]
1000af88:	e783      	b.n	1000ae92 <_free_r+0x9e>
1000af8a:	0026      	movs	r6, r4
1000af8c:	345c      	adds	r4, #92	@ 0x5c
1000af8e:	365b      	adds	r6, #91	@ 0x5b
1000af90:	00e4      	lsls	r4, r4, #3
1000af92:	e7a9      	b.n	1000aee8 <_free_r+0xf4>
1000af94:	2301      	movs	r3, #1
1000af96:	10b6      	asrs	r6, r6, #2
1000af98:	40b3      	lsls	r3, r6
1000af9a:	6846      	ldr	r6, [r0, #4]
1000af9c:	4333      	orrs	r3, r6
1000af9e:	6043      	str	r3, [r0, #4]
1000afa0:	e7b1      	b.n	1000af06 <_free_r+0x112>
1000afa2:	22aa      	movs	r2, #170	@ 0xaa
1000afa4:	0052      	lsls	r2, r2, #1
1000afa6:	4294      	cmp	r4, r2
1000afa8:	d805      	bhi.n	1000afb6 <_free_r+0x1c2>
1000afaa:	0bdc      	lsrs	r4, r3, #15
1000afac:	0026      	movs	r6, r4
1000afae:	3478      	adds	r4, #120	@ 0x78
1000afb0:	3677      	adds	r6, #119	@ 0x77
1000afb2:	00e4      	lsls	r4, r4, #3
1000afb4:	e798      	b.n	1000aee8 <_free_r+0xf4>
1000afb6:	4a0a      	ldr	r2, [pc, #40]	@ (1000afe0 <_free_r+0x1ec>)
1000afb8:	4294      	cmp	r4, r2
1000afba:	d805      	bhi.n	1000afc8 <_free_r+0x1d4>
1000afbc:	0c9c      	lsrs	r4, r3, #18
1000afbe:	0026      	movs	r6, r4
1000afc0:	347d      	adds	r4, #125	@ 0x7d
1000afc2:	367c      	adds	r6, #124	@ 0x7c
1000afc4:	00e4      	lsls	r4, r4, #3
1000afc6:	e78f      	b.n	1000aee8 <_free_r+0xf4>
1000afc8:	24fe      	movs	r4, #254	@ 0xfe
1000afca:	267e      	movs	r6, #126	@ 0x7e
1000afcc:	00a4      	lsls	r4, r4, #2
1000afce:	e78b      	b.n	1000aee8 <_free_r+0xf4>
1000afd0:	200009b0 	.word	0x200009b0
1000afd4:	200009b8 	.word	0x200009b8
1000afd8:	200009a8 	.word	0x200009a8
1000afdc:	200023f0 	.word	0x200023f0
1000afe0:	00000554 	.word	0x00000554

1000afe4 <_fini>:
1000afe4:	b5f8      	push	{r3, r4, r5, r6, r7, lr}
1000afe6:	46c0      	nop			@ (mov r8, r8)

1000afe8 <__flash_do_cmd_veneer>:
1000afe8:	b401      	push	{r0}
1000afea:	4802      	ldr	r0, [pc, #8]	@ (1000aff4 <__flash_do_cmd_veneer+0xc>)
1000afec:	4684      	mov	ip, r0
1000afee:	bc01      	pop	{r0}
1000aff0:	4760      	bx	ip
1000aff2:	bf00      	nop
1000aff4:	200002f9 	.word	0x200002f9

1000aff8 <__mutex_exit_veneer>:
1000aff8:	b401      	push	{r0}
1000affa:	4802      	ldr	r0, [pc, #8]	@ (1000b004 <__mutex_exit_veneer+0xc>)
1000affc:	4684      	mov	ip, r0
1000affe:	bc01      	pop	{r0}
1000b000:	4760      	bx	ip
1000b002:	bf00      	nop
1000b004:	200001e5 	.word	0x200001e5

1000b008 <____aeabi_ldiv0_veneer>:
1000b008:	b401      	push	{r0}
1000b00a:	4802      	ldr	r0, [pc, #8]	@ (1000b014 <____aeabi_ldiv0_veneer+0xc>)
1000b00c:	4684      	mov	ip, r0
1000b00e:	bc01      	pop	{r0}
1000b010:	4760      	bx	ip
1000b012:	bf00      	nop
1000b014:	20000429 	.word	0x20000429

1000b018 <____aeabi_idiv0_veneer>:
1000b018:	b401      	push	{r0}
1000b01a:	4802      	ldr	r0, [pc, #8]	@ (1000b024 <____aeabi_idiv0_veneer+0xc>)
1000b01c:	4684      	mov	ip, r0
1000b01e:	bc01      	pop	{r0}
1000b020:	4760      	bx	ip
1000b022:	bf00      	nop
1000b024:	20000429 	.word	0x20000429

1000b028 <__mutex_enter_timeout_ms_veneer>:
1000b028:	b401      	push	{r0}
1000b02a:	4802      	ldr	r0, [pc, #8]	@ (1000b034 <__mutex_enter_timeout_ms_veneer+0xc>)
1000b02c:	4684      	mov	ip, r0
1000b02e:	bc01      	pop	{r0}
1000b030:	4760      	bx	ip
1000b032:	bf00      	nop
1000b034:	20000159 	.word	0x20000159

1000b038 <__mutex_try_enter_block_until_veneer>:
1000b038:	b401      	push	{r0}
1000b03a:	4802      	ldr	r0, [pc, #8]	@ (1000b044 <__mutex_try_enter_block_until_veneer+0xc>)
1000b03c:	4684      	mov	ip, r0
1000b03e:	bc01      	pop	{r0}
1000b040:	4760      	bx	ip
1000b042:	bf00      	nop
1000b044:	200000c1 	.word	0x200000c1

1000b048 <__hcd_event_handler_veneer>:
1000b048:	b401      	push	{r0}
1000b04a:	4802      	ldr	r0, [pc, #8]	@ (1000b054 <__hcd_event_handler_veneer+0xc>)
1000b04c:	4684      	mov	ip, r0
1000b04e:	bc01      	pop	{r0}
1000b050:	4760      	bx	ip
1000b052:	bf00      	nop
1000b054:	2000020d 	.word	0x2000020d

1000b058 <__pre_init_runtime_init_early_resets>:
1000b058:	10002bb9                                .+..

1000b05c <__pre_init_runtime_init_usb_power_down>:
1000b05c:	10002be5 10002d31 10003611 100033b9     .+..1-...6...3..
1000b06c:	10003569                                i5..

1000b070 <__pre_init_runtime_init_clocks>:
1000b070:	10002c59                                Y,..

1000b074 <__pre_init_runtime_init_post_clock_resets>:
1000b074:	10002c01                                .,..

1000b078 <__pre_init_runtime_init_rp2040_gpio_ie_disable>:
1000b078:	10002c21                                !,..

1000b07c <__pre_init_runtime_init_spin_locks_reset>:
1000b07c:	10002c35                                5,..

1000b080 <__pre_init_runtime_init_mutex>:
1000b080:	10001df5                                ....

1000b084 <__pre_init_runtime_init_install_ram_vector_table>:
1000b084:	10002c3d                                =,..

1000b088 <__pre_init_runtime_init_default_alarm_pool>:
1000b088:	100021ad                                .!..

1000b08c <__pre_init_first_per_core_initializer>:
1000b08c:	10002b81                                .+..

1000b090 <__pre_init_runtime_init_per_core_irq_priorities>:
1000b090:	100018cd                                ....

1000b094 <__frame_dummy_init_array_entry>:
1000b094:	100002b1 1000a079                       ....y...

Disassembly of section .data:

200000c0 <mutex_try_enter_block_until>:
200000c0:	b5f0      	push	{r4, r5, r6, r7, lr}
200000c2:	46c6      	mov	lr, r8
200000c4:	0015      	movs	r5, r2
200000c6:	b500      	push	{lr}
200000c8:	0004      	movs	r4, r0
200000ca:	001e      	movs	r6, r3
200000cc:	6802      	ldr	r2, [r0, #0]
200000ce:	f3ef 8110 	mrs	r1, PRIMASK
200000d2:	b672      	cpsid	i
200000d4:	6813      	ldr	r3, [r2, #0]
200000d6:	2b00      	cmp	r3, #0
200000d8:	d0fc      	beq.n	200000d4 <mutex_try_enter_block_until+0x14>
200000da:	f3bf 8f5f 	dmb	sy
200000de:	2304      	movs	r3, #4
200000e0:	56e3      	ldrsb	r3, [r4, r3]
200000e2:	6822      	ldr	r2, [r4, #0]
200000e4:	2b00      	cmp	r3, #0
200000e6:	db2b      	blt.n	20000140 <mutex_try_enter_block_until+0x80>
200000e8:	f3bf 8f5f 	dmb	sy
200000ec:	2000      	movs	r0, #0
200000ee:	6010      	str	r0, [r2, #0]
200000f0:	f381 8810 	msr	PRIMASK, r1
200000f4:	22d0      	movs	r2, #208	@ 0xd0
200000f6:	0612      	lsls	r2, r2, #24
200000f8:	7812      	ldrb	r2, [r2, #0]
200000fa:	2700      	movs	r7, #0
200000fc:	b252      	sxtb	r2, r2
200000fe:	4690      	mov	r8, r2
20000100:	429a      	cmp	r2, r3
20000102:	d10e      	bne.n	20000122 <mutex_try_enter_block_until+0x62>
20000104:	2000      	movs	r0, #0
20000106:	bc80      	pop	{r7}
20000108:	46b8      	mov	r8, r7
2000010a:	bdf0      	pop	{r4, r5, r6, r7, pc}
2000010c:	f3bf 8f5f 	dmb	sy
20000110:	6017      	str	r7, [r2, #0]
20000112:	f381 8810 	msr	PRIMASK, r1
20000116:	0028      	movs	r0, r5
20000118:	0031      	movs	r1, r6
2000011a:	f000 f9a1 	bl	20000460 <__best_effort_wfe_or_timeout_veneer>
2000011e:	2800      	cmp	r0, #0
20000120:	d1f0      	bne.n	20000104 <mutex_try_enter_block_until+0x44>
20000122:	6822      	ldr	r2, [r4, #0]
20000124:	f3ef 8110 	mrs	r1, PRIMASK
20000128:	b672      	cpsid	i
2000012a:	6813      	ldr	r3, [r2, #0]
2000012c:	2b00      	cmp	r3, #0
2000012e:	d0fc      	beq.n	2000012a <mutex_try_enter_block_until+0x6a>
20000130:	f3bf 8f5f 	dmb	sy
20000134:	7923      	ldrb	r3, [r4, #4]
20000136:	6822      	ldr	r2, [r4, #0]
20000138:	2b7f      	cmp	r3, #127	@ 0x7f
2000013a:	d9e7      	bls.n	2000010c <mutex_try_enter_block_until+0x4c>
2000013c:	4643      	mov	r3, r8
2000013e:	e002      	b.n	20000146 <mutex_try_enter_block_until+0x86>
20000140:	23d0      	movs	r3, #208	@ 0xd0
20000142:	061b      	lsls	r3, r3, #24
20000144:	681b      	ldr	r3, [r3, #0]
20000146:	7123      	strb	r3, [r4, #4]
20000148:	f3bf 8f5f 	dmb	sy
2000014c:	2300      	movs	r3, #0
2000014e:	6013      	str	r3, [r2, #0]
20000150:	f381 8810 	msr	PRIMASK, r1
20000154:	2001      	movs	r0, #1
20000156:	e7d6      	b.n	20000106 <mutex_try_enter_block_until+0x46>

20000158 <mutex_enter_timeout_ms>:
20000158:	b5f0      	push	{r4, r5, r6, r7, lr}
2000015a:	46c6      	mov	lr, r8
2000015c:	b500      	push	{lr}
2000015e:	000d      	movs	r5, r1
20000160:	0004      	movs	r4, r0
20000162:	f000 f96d 	bl	20000440 <__time_us_64_veneer>
20000166:	22fa      	movs	r2, #250	@ 0xfa
20000168:	0006      	movs	r6, r0
2000016a:	000f      	movs	r7, r1
2000016c:	2300      	movs	r3, #0
2000016e:	0028      	movs	r0, r5
20000170:	2100      	movs	r1, #0
20000172:	0092      	lsls	r2, r2, #2
20000174:	f000 f96c 	bl	20000450 <____wrap___aeabi_lmul_veneer>
20000178:	1836      	adds	r6, r6, r0
2000017a:	414f      	adcs	r7, r1
2000017c:	2f00      	cmp	r7, #0
2000017e:	da02      	bge.n	20000186 <mutex_enter_timeout_ms+0x2e>
20000180:	2601      	movs	r6, #1
20000182:	4f17      	ldr	r7, [pc, #92]	@ (200001e0 <mutex_enter_timeout_ms+0x88>)
20000184:	4276      	negs	r6, r6
20000186:	23d0      	movs	r3, #208	@ 0xd0
20000188:	061b      	lsls	r3, r3, #24
2000018a:	681b      	ldr	r3, [r3, #0]
2000018c:	2500      	movs	r5, #0
2000018e:	4698      	mov	r8, r3
20000190:	e00a      	b.n	200001a8 <mutex_enter_timeout_ms+0x50>
20000192:	f3bf 8f5f 	dmb	sy
20000196:	6015      	str	r5, [r2, #0]
20000198:	f381 8810 	msr	PRIMASK, r1
2000019c:	0030      	movs	r0, r6
2000019e:	0039      	movs	r1, r7
200001a0:	f000 f95e 	bl	20000460 <__best_effort_wfe_or_timeout_veneer>
200001a4:	2800      	cmp	r0, #0
200001a6:	d118      	bne.n	200001da <mutex_enter_timeout_ms+0x82>
200001a8:	6822      	ldr	r2, [r4, #0]
200001aa:	f3ef 8110 	mrs	r1, PRIMASK
200001ae:	b672      	cpsid	i
200001b0:	6813      	ldr	r3, [r2, #0]
200001b2:	2b00      	cmp	r3, #0
200001b4:	d0fc      	beq.n	200001b0 <mutex_enter_timeout_ms+0x58>
200001b6:	f3bf 8f5f 	dmb	sy
200001ba:	7923      	ldrb	r3, [r4, #4]
200001bc:	6822      	ldr	r2, [r4, #0]
200001be:	2b7f      	cmp	r3, #127	@ 0x7f
200001c0:	d9e7      	bls.n	20000192 <mutex_enter_timeout_ms+0x3a>
200001c2:	4643      	mov	r3, r8
200001c4:	7123      	strb	r3, [r4, #4]
200001c6:	f3bf 8f5f 	dmb	sy
200001ca:	2300      	movs	r3, #0
200001cc:	6013      	str	r3, [r2, #0]
200001ce:	f381 8810 	msr	PRIMASK, r1
200001d2:	2001      	movs	r0, #1
200001d4:	bc80      	pop	{r7}
200001d6:	46b8      	mov	r8, r7
200001d8:	bdf0      	pop	{r4, r5, r6, r7, pc}
200001da:	2000      	movs	r0, #0
200001dc:	e7fa      	b.n	200001d4 <mutex_enter_timeout_ms+0x7c>
200001de:	46c0      	nop			@ (mov r8, r8)
200001e0:	7fffffff 	.word	0x7fffffff

200001e4 <mutex_exit>:
200001e4:	6802      	ldr	r2, [r0, #0]
200001e6:	f3ef 8110 	mrs	r1, PRIMASK
200001ea:	b672      	cpsid	i
200001ec:	6813      	ldr	r3, [r2, #0]
200001ee:	2b00      	cmp	r3, #0
200001f0:	d0fc      	beq.n	200001ec <mutex_exit+0x8>
200001f2:	f3bf 8f5f 	dmb	sy
200001f6:	23ff      	movs	r3, #255	@ 0xff
200001f8:	7103      	strb	r3, [r0, #4]
200001fa:	6803      	ldr	r3, [r0, #0]
200001fc:	f3bf 8f5f 	dmb	sy
20000200:	2200      	movs	r2, #0
20000202:	601a      	str	r2, [r3, #0]
20000204:	f381 8810 	msr	PRIMASK, r1
20000208:	bf40      	sev
2000020a:	4770      	bx	lr

2000020c <hcd_event_handler>:
2000020c:	b570      	push	{r4, r5, r6, lr}
2000020e:	7843      	ldrb	r3, [r0, #1]
20000210:	0004      	movs	r4, r0
20000212:	000e      	movs	r6, r1
20000214:	2b01      	cmp	r3, #1
20000216:	d01f      	beq.n	20000258 <hcd_event_handler+0x4c>
20000218:	4b18      	ldr	r3, [pc, #96]	@ (2000027c <hcd_event_handler+0x70>)
2000021a:	681d      	ldr	r5, [r3, #0]
2000021c:	696a      	ldr	r2, [r5, #20]
2000021e:	f3ef 8110 	mrs	r1, PRIMASK
20000222:	b672      	cpsid	i
20000224:	6813      	ldr	r3, [r2, #0]
20000226:	2b00      	cmp	r3, #0
20000228:	d0fc      	beq.n	20000224 <hcd_event_handler+0x18>
2000022a:	f3bf 8f5f 	dmb	sy
2000022e:	61a9      	str	r1, [r5, #24]
20000230:	0028      	movs	r0, r5
20000232:	0021      	movs	r1, r4
20000234:	f000 f91c 	bl	20000470 <__tu_fifo_write_veneer>
20000238:	696a      	ldr	r2, [r5, #20]
2000023a:	69ab      	ldr	r3, [r5, #24]
2000023c:	f3bf 8f5f 	dmb	sy
20000240:	2100      	movs	r1, #0
20000242:	6011      	str	r1, [r2, #0]
20000244:	f383 8810 	msr	PRIMASK, r3
20000248:	2800      	cmp	r0, #0
2000024a:	d004      	beq.n	20000256 <hcd_event_handler+0x4a>
2000024c:	0032      	movs	r2, r6
2000024e:	7861      	ldrb	r1, [r4, #1]
20000250:	7820      	ldrb	r0, [r4, #0]
20000252:	f000 f8ed 	bl	20000430 <__tuh_event_hook_cb_veneer>
20000256:	bd70      	pop	{r4, r5, r6, pc}
20000258:	4b09      	ldr	r3, [pc, #36]	@ (20000280 <hcd_event_handler+0x74>)
2000025a:	7801      	ldrb	r1, [r0, #0]
2000025c:	781a      	ldrb	r2, [r3, #0]
2000025e:	4291      	cmp	r1, r2
20000260:	d1da      	bne.n	20000218 <hcd_event_handler+0xc>
20000262:	7901      	ldrb	r1, [r0, #4]
20000264:	785a      	ldrb	r2, [r3, #1]
20000266:	4291      	cmp	r1, r2
20000268:	d1d6      	bne.n	20000218 <hcd_event_handler+0xc>
2000026a:	7941      	ldrb	r1, [r0, #5]
2000026c:	789a      	ldrb	r2, [r3, #2]
2000026e:	4291      	cmp	r1, r2
20000270:	d1d2      	bne.n	20000218 <hcd_event_handler+0xc>
20000272:	2110      	movs	r1, #16
20000274:	78da      	ldrb	r2, [r3, #3]
20000276:	438a      	bics	r2, r1
20000278:	70da      	strb	r2, [r3, #3]
2000027a:	e7cd      	b.n	20000218 <hcd_event_handler+0xc>
2000027c:	20003adc 	.word	0x20003adc
20000280:	20002548 	.word	0x20002548

20000284 <flash_init_boot2_copyout>:
20000284:	b510      	push	{r4, lr}
20000286:	4c08      	ldr	r4, [pc, #32]	@ (200002a8 <flash_init_boot2_copyout+0x24>)
20000288:	7823      	ldrb	r3, [r4, #0]
2000028a:	2b00      	cmp	r3, #0
2000028c:	d10a      	bne.n	200002a4 <flash_init_boot2_copyout+0x20>
2000028e:	2380      	movs	r3, #128	@ 0x80
20000290:	4806      	ldr	r0, [pc, #24]	@ (200002ac <flash_init_boot2_copyout+0x28>)
20000292:	4907      	ldr	r1, [pc, #28]	@ (200002b0 <flash_init_boot2_copyout+0x2c>)
20000294:	055b      	lsls	r3, r3, #21
20000296:	681a      	ldr	r2, [r3, #0]
20000298:	50c2      	str	r2, [r0, r3]
2000029a:	3304      	adds	r3, #4
2000029c:	428b      	cmp	r3, r1
2000029e:	d1fa      	bne.n	20000296 <flash_init_boot2_copyout+0x12>
200002a0:	2301      	movs	r3, #1
200002a2:	7023      	strb	r3, [r4, #0]
200002a4:	bd10      	pop	{r4, pc}
200002a6:	46c0      	nop			@ (mov r8, r8)
200002a8:	2000426c 	.word	0x2000426c
200002ac:	10003ba8 	.word	0x10003ba8
200002b0:	10000100 	.word	0x10000100

200002b4 <flash_enable_xip_via_boot2>:
200002b4:	b510      	push	{r4, lr}
200002b6:	4b01      	ldr	r3, [pc, #4]	@ (200002bc <flash_enable_xip_via_boot2+0x8>)
200002b8:	4798      	blx	r3
200002ba:	bd10      	pop	{r4, pc}
200002bc:	20003ba9 	.word	0x20003ba9

200002c0 <flash_cs_force.constprop.0>:
200002c0:	4b03      	ldr	r3, [pc, #12]	@ (200002d0 <flash_cs_force.constprop.0+0x10>)
200002c2:	681a      	ldr	r2, [r3, #0]
200002c4:	23c0      	movs	r3, #192	@ 0xc0
200002c6:	009b      	lsls	r3, r3, #2
200002c8:	4393      	bics	r3, r2
200002ca:	4a02      	ldr	r2, [pc, #8]	@ (200002d4 <flash_cs_force.constprop.0+0x14>)
200002cc:	6013      	str	r3, [r2, #0]
200002ce:	4770      	bx	lr
200002d0:	4001800c 	.word	0x4001800c
200002d4:	4001900c 	.word	0x4001900c

200002d8 <flash_cs_force.constprop.1>:
200002d8:	4b05      	ldr	r3, [pc, #20]	@ (200002f0 <flash_cs_force.constprop.1+0x18>)
200002da:	681a      	ldr	r2, [r3, #0]
200002dc:	2380      	movs	r3, #128	@ 0x80
200002de:	009b      	lsls	r3, r3, #2
200002e0:	4053      	eors	r3, r2
200002e2:	22c0      	movs	r2, #192	@ 0xc0
200002e4:	0092      	lsls	r2, r2, #2
200002e6:	4013      	ands	r3, r2
200002e8:	4a02      	ldr	r2, [pc, #8]	@ (200002f4 <flash_cs_force.constprop.1+0x1c>)
200002ea:	6013      	str	r3, [r2, #0]
200002ec:	4770      	bx	lr
200002ee:	46c0      	nop			@ (mov r8, r8)
200002f0:	4001800c 	.word	0x4001800c
200002f4:	4001900c 	.word	0x4001900c

200002f8 <flash_do_cmd>:
200002f8:	2300      	movs	r3, #0
200002fa:	b5f0      	push	{r4, r5, r6, r7, lr}
200002fc:	46de      	mov	lr, fp
200002fe:	4657      	mov	r7, sl
20000300:	464e      	mov	r6, r9
20000302:	4645      	mov	r5, r8
20000304:	469a      	mov	sl, r3
20000306:	b5e0      	push	{r5, r6, r7, lr}
20000308:	b083      	sub	sp, #12
2000030a:	9001      	str	r0, [sp, #4]
2000030c:	000e      	movs	r6, r1
2000030e:	8a98      	ldrh	r0, [r3, #20]
20000310:	4942      	ldr	r1, [pc, #264]	@ (2000041c <flash_do_cmd+0x124>)
20000312:	8b1b      	ldrh	r3, [r3, #24]
20000314:	0014      	movs	r4, r2
20000316:	4798      	blx	r3
20000318:	4653      	mov	r3, sl
2000031a:	4681      	mov	r9, r0
2000031c:	4940      	ldr	r1, [pc, #256]	@ (20000420 <flash_do_cmd+0x128>)
2000031e:	8a98      	ldrh	r0, [r3, #20]
20000320:	8b1b      	ldrh	r3, [r3, #24]
20000322:	4798      	blx	r3
20000324:	4653      	mov	r3, sl
20000326:	493f      	ldr	r1, [pc, #252]	@ (20000424 <flash_do_cmd+0x12c>)
20000328:	0005      	movs	r5, r0
2000032a:	8a98      	ldrh	r0, [r3, #20]
2000032c:	8b1b      	ldrh	r3, [r3, #24]
2000032e:	4798      	blx	r3
20000330:	4680      	mov	r8, r0
20000332:	f7ff ffa7 	bl	20000284 <flash_init_boot2_copyout>
20000336:	47c8      	blx	r9
20000338:	47a8      	blx	r5
2000033a:	f7ff ffcd 	bl	200002d8 <flash_cs_force.constprop.1>
2000033e:	1e25      	subs	r5, r4, #0
20000340:	d022      	beq.n	20000388 <flash_do_cmd+0x90>
20000342:	2308      	movs	r3, #8
20000344:	21c0      	movs	r1, #192	@ 0xc0
20000346:	469c      	mov	ip, r3
20000348:	2002      	movs	r0, #2
2000034a:	0549      	lsls	r1, r1, #21
2000034c:	4662      	mov	r2, ip
2000034e:	6a8b      	ldr	r3, [r1, #40]	@ 0x28
20000350:	401a      	ands	r2, r3
20000352:	4218      	tst	r0, r3
20000354:	d03c      	beq.n	200003d0 <flash_do_cmd+0xd8>
20000356:	1b63      	subs	r3, r4, r5
20000358:	2d00      	cmp	r5, #0
2000035a:	d12c      	bne.n	200003b6 <flash_do_cmd+0xbe>
2000035c:	2a00      	cmp	r2, #0
2000035e:	d111      	bne.n	20000384 <flash_do_cmd+0x8c>
20000360:	2c00      	cmp	r4, #0
20000362:	d011      	beq.n	20000388 <flash_do_cmd+0x90>
20000364:	23c0      	movs	r3, #192	@ 0xc0
20000366:	055b      	lsls	r3, r3, #21
20000368:	469b      	mov	fp, r3
2000036a:	2302      	movs	r3, #2
2000036c:	469a      	mov	sl, r3
2000036e:	3306      	adds	r3, #6
20000370:	4699      	mov	r9, r3
20000372:	465b      	mov	r3, fp
20000374:	464a      	mov	r2, r9
20000376:	4657      	mov	r7, sl
20000378:	6a9b      	ldr	r3, [r3, #40]	@ 0x28
2000037a:	401a      	ands	r2, r3
2000037c:	421f      	tst	r7, r3
2000037e:	d03f      	beq.n	20000400 <flash_do_cmd+0x108>
20000380:	2a00      	cmp	r2, #0
20000382:	d0f6      	beq.n	20000372 <flash_do_cmd+0x7a>
20000384:	2c00      	cmp	r4, #0
20000386:	d12d      	bne.n	200003e4 <flash_do_cmd+0xec>
20000388:	f7ff ff9a 	bl	200002c0 <flash_cs_force.constprop.0>
2000038c:	47c0      	blx	r8
2000038e:	f7ff ff91 	bl	200002b4 <flash_enable_xip_via_boot2>
20000392:	b003      	add	sp, #12
20000394:	bcf0      	pop	{r4, r5, r6, r7}
20000396:	46bb      	mov	fp, r7
20000398:	46b2      	mov	sl, r6
2000039a:	46a9      	mov	r9, r5
2000039c:	46a0      	mov	r8, r4
2000039e:	bdf0      	pop	{r4, r5, r6, r7, pc}
200003a0:	2c00      	cmp	r4, #0
200003a2:	d12f      	bne.n	20000404 <flash_do_cmd+0x10c>
200003a4:	22c0      	movs	r2, #192	@ 0xc0
200003a6:	0552      	lsls	r2, r2, #21
200003a8:	6a92      	ldr	r2, [r2, #40]	@ 0x28
200003aa:	4691      	mov	r9, r2
200003ac:	2208      	movs	r2, #8
200003ae:	464f      	mov	r7, r9
200003b0:	403a      	ands	r2, r7
200003b2:	07bf      	lsls	r7, r7, #30
200003b4:	d52d      	bpl.n	20000412 <flash_do_cmd+0x11a>
200003b6:	2b0d      	cmp	r3, #13
200003b8:	d91b      	bls.n	200003f2 <flash_do_cmd+0xfa>
200003ba:	2a00      	cmp	r2, #0
200003bc:	d1f0      	bne.n	200003a0 <flash_do_cmd+0xa8>
200003be:	22c0      	movs	r2, #192	@ 0xc0
200003c0:	0552      	lsls	r2, r2, #21
200003c2:	6a92      	ldr	r2, [r2, #40]	@ 0x28
200003c4:	4691      	mov	r9, r2
200003c6:	2208      	movs	r2, #8
200003c8:	464f      	mov	r7, r9
200003ca:	403a      	ands	r2, r7
200003cc:	07bf      	lsls	r7, r7, #30
200003ce:	d4f2      	bmi.n	200003b6 <flash_do_cmd+0xbe>
200003d0:	2a00      	cmp	r2, #0
200003d2:	d104      	bne.n	200003de <flash_do_cmd+0xe6>
200003d4:	002b      	movs	r3, r5
200003d6:	4323      	orrs	r3, r4
200003d8:	2b00      	cmp	r3, #0
200003da:	d1b7      	bne.n	2000034c <flash_do_cmd+0x54>
200003dc:	e7d4      	b.n	20000388 <flash_do_cmd+0x90>
200003de:	002b      	movs	r3, r5
200003e0:	2c00      	cmp	r4, #0
200003e2:	d0f9      	beq.n	200003d8 <flash_do_cmd+0xe0>
200003e4:	6e0b      	ldr	r3, [r1, #96]	@ 0x60
200003e6:	3c01      	subs	r4, #1
200003e8:	7033      	strb	r3, [r6, #0]
200003ea:	0023      	movs	r3, r4
200003ec:	3601      	adds	r6, #1
200003ee:	432b      	orrs	r3, r5
200003f0:	e7f2      	b.n	200003d8 <flash_do_cmd+0xe0>
200003f2:	9f01      	ldr	r7, [sp, #4]
200003f4:	3d01      	subs	r5, #1
200003f6:	783b      	ldrb	r3, [r7, #0]
200003f8:	3701      	adds	r7, #1
200003fa:	660b      	str	r3, [r1, #96]	@ 0x60
200003fc:	9701      	str	r7, [sp, #4]
200003fe:	e7e7      	b.n	200003d0 <flash_do_cmd+0xd8>
20000400:	2500      	movs	r5, #0
20000402:	e7e5      	b.n	200003d0 <flash_do_cmd+0xd8>
20000404:	23c0      	movs	r3, #192	@ 0xc0
20000406:	055b      	lsls	r3, r3, #21
20000408:	6e1b      	ldr	r3, [r3, #96]	@ 0x60
2000040a:	3c01      	subs	r4, #1
2000040c:	7033      	strb	r3, [r6, #0]
2000040e:	3601      	adds	r6, #1
20000410:	e79c      	b.n	2000034c <flash_do_cmd+0x54>
20000412:	002b      	movs	r3, r5
20000414:	2a00      	cmp	r2, #0
20000416:	d1df      	bne.n	200003d8 <flash_do_cmd+0xe0>
20000418:	e7dc      	b.n	200003d4 <flash_do_cmd+0xdc>
2000041a:	46c0      	nop			@ (mov r8, r8)
2000041c:	00004649 	.word	0x00004649
20000420:	00005845 	.word	0x00005845
20000424:	00004346 	.word	0x00004346

20000428 <__aeabi_idiv0>:
20000428:	4770      	bx	lr
2000042a:	46c0      	nop			@ (mov r8, r8)
2000042c:	0000      	movs	r0, r0
	...

20000430 <__tuh_event_hook_cb_veneer>:
20000430:	b401      	push	{r0}
20000432:	4802      	ldr	r0, [pc, #8]	@ (2000043c <__tuh_event_hook_cb_veneer+0xc>)
20000434:	4684      	mov	ip, r0
20000436:	bc01      	pop	{r0}
20000438:	4760      	bx	ip
2000043a:	bf00      	nop
2000043c:	10006f75 	.word	0x10006f75

20000440 <__time_us_64_veneer>:
20000440:	b401      	push	{r0}
20000442:	4802      	ldr	r0, [pc, #8]	@ (2000044c <__time_us_64_veneer+0xc>)
20000444:	4684      	mov	ip, r0
20000446:	bc01      	pop	{r0}
20000448:	4760      	bx	ip
2000044a:	bf00      	nop
2000044c:	100025d9 	.word	0x100025d9

20000450 <____wrap___aeabi_lmul_veneer>:
20000450:	b401      	push	{r0}
20000452:	4802      	ldr	r0, [pc, #8]	@ (2000045c <____wrap___aeabi_lmul_veneer+0xc>)
20000454:	4684      	mov	ip, r0
20000456:	bc01      	pop	{r0}
20000458:	4760      	bx	ip
2000045a:	bf00      	nop
2000045c:	10003485 	.word	0x10003485

20000460 <__best_effort_wfe_or_timeout_veneer>:
20000460:	b401      	push	{r0}
20000462:	4802      	ldr	r0, [pc, #8]	@ (2000046c <__best_effort_wfe_or_timeout_veneer+0xc>)
20000464:	4684      	mov	ip, r0
20000466:	bc01      	pop	{r0}
20000468:	4760      	bx	ip
2000046a:	bf00      	nop
2000046c:	100024a9 	.word	0x100024a9

20000470 <__tu_fifo_write_veneer>:
20000470:	b401      	push	{r0}
20000472:	4802      	ldr	r0, [pc, #8]	@ (2000047c <__tu_fifo_write_veneer+0xc>)
20000474:	4684      	mov	ip, r0
20000476:	bc01      	pop	{r0}
20000478:	4760      	bx	ip
2000047a:	bf00      	nop
2000047c:	10009dfd 	.word	0x10009dfd

20000480 <crc_table>:
20000480:	00000000 77073096 ee0e612c 990951ba     .....0.w,a...Q..
20000490:	076dc419 706af48f e963a535 9e6495a3     ..m...jp5.c...d.
200004a0:	0edb8832 79dcb8a4 e0d5e91e 97d2d988     2......y........
200004b0:	09b64c2b 7eb17cbd e7b82d07 90bf1d91     +L...|.~.-......
200004c0:	1db71064 6ab020f2 f3b97148 84be41de     d.... .jHq...A..
200004d0:	1adad47d 6ddde4eb f4d4b551 83d385c7     }......mQ.......
200004e0:	136c9856 646ba8c0 fd62f97a 8a65c9ec     V.l...kdz.b...e.
200004f0:	14015c4f 63066cd9 fa0f3d63 8d080df5     O\...l.cc=......
20000500:	3b6e20c8 4c69105e d56041e4 a2677172     . n;^.iL.A`.rqg.
20000510:	3c03e4d1 4b04d447 d20d85fd a50ab56b     ...<G..K....k...
20000520:	35b5a8fa 42b2986c dbbbc9d6 acbcf940     ...5l..B....@...
20000530:	32d86ce3 45df5c75 dcd60dcf abd13d59     .l.2u\.E....Y=..
20000540:	26d930ac 51de003a c8d75180 bfd06116     .0.&:..Q.Q...a..
20000550:	21b4f4b5 56b3c423 cfba9599 b8bda50f     ...!#..V........
20000560:	2802b89e 5f058808 c60cd9b2 b10be924     ...(..._....$...
20000570:	2f6f7c87 58684c11 c1611dab b6662d3d     .|o/.LhX..a.=-f.
20000580:	76dc4190 01db7106 98d220bc efd5102a     .A.v.q... ..*...
20000590:	71b18589 06b6b51f 9fbfe4a5 e8b8d433     ...q........3...
200005a0:	7807c9a2 0f00f934 9609a88e e10e9818     ...x4...........
200005b0:	7f6a0dbb 086d3d2d 91646c97 e6635c01     ..j.-=m..ld..\c.
200005c0:	6b6b51f4 1c6c6162 856530d8 f262004e     .Qkkbal..0e.N.b.
200005d0:	6c0695ed 1b01a57b 8208f4c1 f50fc457     ...l{.......W...
200005e0:	65b0d9c6 12b7e950 8bbeb8ea fcb9887c     ...eP.......|...
200005f0:	62dd1ddf 15da2d49 8cd37cf3 fbd44c65     ...bI-...|..eL..
20000600:	4db26158 3ab551ce a3bc0074 d4bb30e2     Xa.M.Q.:t....0..
20000610:	4adfa541 3dd895d7 a4d1c46d d3d6f4fb     A..J...=m.......
20000620:	4369e96a 346ed9fc ad678846 da60b8d0     j.iC..n4F.g...`.
20000630:	44042d73 33031de5 aa0a4c5f dd0d7cc9     s-.D...3_L...|..
20000640:	5005713c 270241aa be0b1010 c90c2086     <q.P.A.'..... ..
20000650:	5768b525 206f85b3 b966d409 ce61e49f     %.hW..o ..f...a.
20000660:	5edef90e 29d9c998 b0d09822 c7d7a8b4     ...^...)".......
20000670:	59b33d17 2eb40d81 b7bd5c3b c0ba6cad     .=.Y....;\...l..
20000680:	edb88320 9abfb3b6 03b6e20c 74b1d29a      ..............t
20000690:	ead54739 9dd277af 04db2615 73dc1683     9G...w...&.....s
200006a0:	e3630b12 94643b84 0d6d6a3e 7a6a5aa8     ..c..;d.>jm..Zjz
200006b0:	e40ecf0b 9309ff9d 0a00ae27 7d079eb1     ........'......}
200006c0:	f00f9344 8708a3d2 1e01f268 6906c2fe     D.......h......i
200006d0:	f762575d 806567cb 196c3671 6e6b06e7     ]Wb..ge.q6l...kn
200006e0:	fed41b76 89d32be0 10da7a5a 67dd4acc     v....+..Zz...J.g
200006f0:	f9b9df6f 8ebeeff9 17b7be43 60b08ed5     o.......C......`
20000700:	d6d6a3e8 a1d1937e 38d8c2c4 4fdff252     ....~......8R..O
20000710:	d1bb67f1 a6bc5767 3fb506dd 48b2364b     .g..gW.....?K6.H
20000720:	d80d2bda af0a1b4c 36034af6 41047a60     .+..L....J.6`z.A
20000730:	df60efc3 a867df55 316e8eef 4669be79     ..`.U.g...n1y.iF
20000740:	cb61b38c bc66831a 256fd2a0 5268e236     ..a...f...o%6.hR
20000750:	cc0c7795 bb0b4703 220216b9 5505262f     .w...G....."/&.U
20000760:	c5ba3bbe b2bd0b28 2bb45a92 5cb36a04     .;..(....Z.+.j.\
20000770:	c2d7ffa7 b5d0cf31 2cd99e8b 5bdeae1d     ....1......,...[
20000780:	9b64c2b0 ec63f226 756aa39c 026d930a     ..d.&.c...ju..m.
20000790:	9c0906a9 eb0e363f 72076785 05005713     ....?6...g.r.W..
200007a0:	95bf4a82 e2b87a14 7bb12bae 0cb61b38     .J...z...+.{8...
200007b0:	92d28e9b e5d5be0d 7cdcefb7 0bdbdf21     ...........|!...
200007c0:	86d3d2d4 f1d4e242 68ddb3f8 1fda836e     ....B......hn...
200007d0:	81be16cd f6b9265b 6fb077e1 18b74777     ....[&...w.owG..
200007e0:	88085ae6 ff0f6a70 66063bca 11010b5c     .Z..pj...;.f\...
200007f0:	8f659eff f862ae69 616bffd3 166ccf45     ..e.i.b...kaE.l.
20000800:	a00ae278 d70dd2ee 4e048354 3903b3c2     x.......T..N...9
20000810:	a7672661 d06016f7 4969474d 3e6e77db     a&g...`.MGiI.wn>
20000820:	aed16a4a d9d65adc 40df0b66 37d83bf0     Jj...Z..f..@.;.7
20000830:	a9bcae53 debb9ec5 47b2cf7f 30b5ffe9     S..........G...0
20000840:	bdbdf21c cabac28a 53b39330 24b4a3a6     ........0..S...$
20000850:	bad03605 cdd70693 54de5729 23d967bf     .6......)W.T.g.#
20000860:	b3667a2e c4614ab8 5d681b02 2a6f2b94     .zf..Ja...h].+o*
20000870:	b40bbe37 c30c8ea1 5a05df1b 2d02ef8d     7..........Z...-

20000880 <_ZL13ready_to_send>:
20000880:	00000001                                ....

20000884 <_ZZ22usbh_app_driver_get_cbE11host_driver>:
20000884:	00000000 10000da1 00000000 10000da5     ................
20000894:	10000f25 100010d1 100015c5 00000000     %...............
200008a4:	1000a0c5 00000000 1000a341 1000a535     ........A...5...
200008b4:	1000a18d 1000a2dd                       ........

200008bc <_ZL5init3>:
200008bc:	02032006 00000001                       . ......

200008c4 <_ZL5init2>:
200008c4:	0f022005 00000006                       . ......

200008cc <_ZL5init1>:
200008cc:	01012005                                 . ...

200008d1 <striped_spin_lock_num>:
200008d1:	                                         ...

200008d4 <irq_handler_chain_slots>:
200008d4:	00000000 	.word	0x00000000
200008d8:	00010000 	.word	0x00010000
	...
200008e4:	00020000 	.word	0x00020000
	...
200008f0:	00030000 	.word	0x00030000
	...
200008fc:	00ff0000 	.word	0x00ff0000
20000900:	00000000 	.word	0x00000000

20000904 <irq_handler_chain_first_slot>:
20000904:	b501      	push	{r0, lr}
20000906:	6848      	ldr	r0, [r1, #4]
20000908:	3101      	adds	r1, #1
2000090a:	468e      	mov	lr, r1
2000090c:	4700      	bx	r0

2000090e <irq_handler_chain_remove_tail>:
2000090e:	4670      	mov	r0, lr
20000910:	3809      	subs	r0, #9
20000912:	4901      	ldr	r1, [pc, #4]	@ (20000918 <irq_handler_chain_remove_tail+0xa>)
20000914:	4788      	blx	r1
20000916:	bd01      	pop	{r0, pc}
20000918:	10001d31 	.word	0x10001d31

2000091c <default_alarm_pool>:
	...
20000930:	20001a90 00000000 00000000 00000000     ... ............

20000940 <aeabi_bits_funcs>:
20000940:	00003350 	.word	0x00003350
20000944:	0000334c 	.word	0x0000334c
20000948:	00003354 	.word	0x00003354
2000094c:	00003352 	.word	0x00003352

20000950 <aeabi_bits_funcs_end>:
20000950:	0000534d 	.word	0x0000534d
20000954:	0000434d 	.word	0x0000434d
20000958:	00003453 	.word	0x00003453
2000095c:	00003443 	.word	0x00003443

20000960 <stdio_uart>:
20000960:	100053a9 100054ad 100053f5 100054c1     .S...T...S...T..
20000970:	00000000 00000100                       ........

20000978 <_usbh_qdef>:
20000978:	20003ae0 000c0010 00000000 00000000     .:. ............
	...

20000994 <_usbh_controller>:
20000994:	000000ff                                ....

20000998 <midih_limits>:
20000998:	00000040 00000040 00000010              @...@.......

200009a4 <__malloc_sbrk_base>:
200009a4:	ffffffff                                ....

200009a8 <__malloc_trim_threshold>:
200009a8:	00020000 00000000                       ........

200009b0 <__malloc_av_>:
	...
200009b8:	200009b0 200009b0 200009b8 200009b8     ... ... ... ... 
200009c8:	200009c0 200009c0 200009c8 200009c8     ... ... ... ... 
200009d8:	200009d0 200009d0 200009d8 200009d8     ... ... ... ... 
200009e8:	200009e0 200009e0 200009e8 200009e8     ... ... ... ... 
200009f8:	200009f0 200009f0 200009f8 200009f8     ... ... ... ... 
20000a08:	20000a00 20000a00 20000a08 20000a08     ... ... ... ... 
20000a18:	20000a10 20000a10 20000a18 20000a18     ... ... ... ... 
20000a28:	20000a20 20000a20 20000a28 20000a28      ..  .. (.. (.. 
20000a38:	20000a30 20000a30 20000a38 20000a38     0.. 0.. 8.. 8.. 
20000a48:	20000a40 20000a40 20000a48 20000a48     @.. @.. H.. H.. 
20000a58:	20000a50 20000a50 20000a58 20000a58     P.. P.. X.. X.. 
20000a68:	20000a60 20000a60 20000a68 20000a68     `.. `.. h.. h.. 
20000a78:	20000a70 20000a70 20000a78 20000a78     p.. p.. x.. x.. 
20000a88:	20000a80 20000a80 20000a88 20000a88     ... ... ... ... 
20000a98:	20000a90 20000a90 20000a98 20000a98     ... ... ... ... 
20000aa8:	20000aa0 20000aa0 20000aa8 20000aa8     ... ... ... ... 
20000ab8:	20000ab0 20000ab0 20000ab8 20000ab8     ... ... ... ... 
20000ac8:	20000ac0 20000ac0 20000ac8 20000ac8     ... ... ... ... 
20000ad8:	20000ad0 20000ad0 20000ad8 20000ad8     ... ... ... ... 
20000ae8:	20000ae0 20000ae0 20000ae8 20000ae8     ... ... ... ... 
20000af8:	20000af0 20000af0 20000af8 20000af8     ... ... ... ... 
20000b08:	20000b00 20000b00 20000b08 20000b08     ... ... ... ... 
20000b18:	20000b10 20000b10 20000b18 20000b18     ... ... ... ... 
20000b28:	20000b20 20000b20 20000b28 20000b28      ..  .. (.. (.. 
20000b38:	20000b30 20000b30 20000b38 20000b38     0.. 0.. 8.. 8.. 
20000b48:	20000b40 20000b40 20000b48 20000b48     @.. @.. H.. H.. 
20000b58:	20000b50 20000b50 20000b58 20000b58     P.. P.. X.. X.. 
20000b68:	20000b60 20000b60 20000b68 20000b68     `.. `.. h.. h.. 
20000b78:	20000b70 20000b70 20000b78 20000b78     p.. p.. x.. x.. 
20000b88:	20000b80 20000b80 20000b88 20000b88     ... ... ... ... 
20000b98:	20000b90 20000b90 20000b98 20000b98     ... ... ... ... 
20000ba8:	20000ba0 20000ba0 20000ba8 20000ba8     ... ... ... ... 
20000bb8:	20000bb0 20000bb0 20000bb8 20000bb8     ... ... ... ... 
20000bc8:	20000bc0 20000bc0 20000bc8 20000bc8     ... ... ... ... 
20000bd8:	20000bd0 20000bd0 20000bd8 20000bd8     ... ... ... ... 
20000be8:	20000be0 20000be0 20000be8 20000be8     ... ... ... ... 
20000bf8:	20000bf0 20000bf0 20000bf8 20000bf8     ... ... ... ... 
20000c08:	20000c00 20000c00 20000c08 20000c08     ... ... ... ... 
20000c18:	20000c10 20000c10 20000c18 20000c18     ... ... ... ... 
20000c28:	20000c20 20000c20 20000c28 20000c28      ..  .. (.. (.. 
20000c38:	20000c30 20000c30 20000c38 20000c38     0.. 0.. 8.. 8.. 
20000c48:	20000c40 20000c40 20000c48 20000c48     @.. @.. H.. H.. 
20000c58:	20000c50 20000c50 20000c58 20000c58     P.. P.. X.. X.. 
20000c68:	20000c60 20000c60 20000c68 20000c68     `.. `.. h.. h.. 
20000c78:	20000c70 20000c70 20000c78 20000c78     p.. p.. x.. x.. 
20000c88:	20000c80 20000c80 20000c88 20000c88     ... ... ... ... 
20000c98:	20000c90 20000c90 20000c98 20000c98     ... ... ... ... 
20000ca8:	20000ca0 20000ca0 20000ca8 20000ca8     ... ... ... ... 
20000cb8:	20000cb0 20000cb0 20000cb8 20000cb8     ... ... ... ... 
20000cc8:	20000cc0 20000cc0 20000cc8 20000cc8     ... ... ... ... 
20000cd8:	20000cd0 20000cd0 20000cd8 20000cd8     ... ... ... ... 
20000ce8:	20000ce0 20000ce0 20000ce8 20000ce8     ... ... ... ... 
20000cf8:	20000cf0 20000cf0 20000cf8 20000cf8     ... ... ... ... 
20000d08:	20000d00 20000d00 20000d08 20000d08     ... ... ... ... 
20000d18:	20000d10 20000d10 20000d18 20000d18     ... ... ... ... 
20000d28:	20000d20 20000d20 20000d28 20000d28      ..  .. (.. (.. 
20000d38:	20000d30 20000d30 20000d38 20000d38     0.. 0.. 8.. 8.. 
20000d48:	20000d40 20000d40 20000d48 20000d48     @.. @.. H.. H.. 
20000d58:	20000d50 20000d50 20000d58 20000d58     P.. P.. X.. X.. 
20000d68:	20000d60 20000d60 20000d68 20000d68     `.. `.. h.. h.. 
20000d78:	20000d70 20000d70 20000d78 20000d78     p.. p.. x.. x.. 
20000d88:	20000d80 20000d80 20000d88 20000d88     ... ... ... ... 
20000d98:	20000d90 20000d90 20000d98 20000d98     ... ... ... ... 
20000da8:	20000da0 20000da0 20000da8 20000da8     ... ... ... ... 

20000db8 <_impure_ptr>:
20000db8:	20000dc0 00000000                       ... ....

20000dc0 <_impure_data>:
20000dc0:	00000000 200023f4 2000245c 200024c4     .....#. \$. .$. 
	...
20000e58:	00000001 00000000 abcd330e e66d1234     .........3..4.m.
20000e68:	0005deec 0000000b 00000000 00000000     ................
	...

20000f00 <print_mutex>:
	...
