:020000041000EA
:1000000000B5324B212058609868022188439860DF
:10001000D860186158612E4B002199600421596104
:100020000121F02299502B49196001219960352056
:1000300000F044F80222904214D00621196600F024
:1000400034F8196E01211966002018661A6600F04E
:100050002CF8196E196E196E052000F02FF8012189
:100060000842F9D1002199601B49196000215960AB
:100070001A491B48016001219960EB211966A021F2
:10008000196600F012F800219960164914480160C1
:100090000121996001BC002800D000471248134993
:1000A000086003C880F30888084703B5996A0420EC
:1000B0000142FBD001200142F8D103BD02B5186610
:1000C0001866FFF7F2FF186E186E02BD00000240BE
:1000D000000000180000070000035F00212200005C
:1000E000F4000018222000A00001001008ED00E03C
:1000F000000000000000000000000000070B8FD58A
:1001000000200420F7010010C3010010C5010010F9
:10011000C1010010C1010010C1010010C101001097
:10012000C1010010C1010010C1010010C701001081
:10013000C1010010C1010010C9010010CB01001065
:10014000CD010010CD010010CD010010CD01001037
:10015000CD010010CD010010CD010010CD01001027
:10016000CD010010CD010010CD010010CD01001017
:10017000CD010010CD010010CD010010CD01001007
:10018000CD010010CD010010CD010010CD010010F7
:10019000CD010010CD010010CD010010CD010010E7
:1001A000CD010010CD010010CD010010CD010010D7
:1001B000CD010010CD010010CD010010CD010010C7
:1001C00000BE00BE00BE00BE00BE00BEEFF3058054
:1001D000103800BEF2EB8871DCB6001008B70010D2
:1001E0003802001090A31AE71E481F49086006C88D
:1001F00081F3088810471D480068002801D019487D
:10020000F3E70DA40ECC002902D000F012F8F9E7B4
:100210001749184A002000E001C19142FCD116495B
:100220008847164988471649884700BEFDE701C937
:1002300001C29A42FBD3704708B70010C0000020EB
:10024000080F002050C5001000000420000004200A
:1002500050C5001000100420001004200000000011
:10026000704700000000000008ED00E0000000D032
:10027000080F0020744200206D4F0010550300103D
:10028000654F0010F8B5C04606480749091A8B109B
:10029000C90FC91810B5491003D0044B002B00D06A
:1002A000984710BD080F0020080F00200000000034
:1002B000054B10B5002B03D00449054800E000BFF2
:1002C000FFF7E2FF10BDC04600000000184100200B
:1002D0009CB0001030B503780400053BDBB283B05E
:1002E000052B09D8184A9B00D3589F464278174BD4
:1002F0001A700122164B1A70002003B030BD03792A
:1003000082784178C07800F0B5FBF5E70022002143
:10031000002002F099FBEFE700254378C2780195B1
:10032000A478043989B20430009400F043FBE3E779
:1003300002254378C2780195A478043989B2043043
:10034000009400F037FBD7E7A0B000106F42002008
:100350006E42002070B582B000F0BEF909F07CFE5C
:1003600004F042FF104D04262B78104C002B0BD1CB
:100370006B46012101A81E7100F016FB200000F061
:10038000D3F92B78002BF3D009F05AFB0120002180
:10039000404207F0C7F8200000F0C6F900F098FBD3
:1003A00000F034FCF2E7C0466E420020D502001097
:1003B000F0B5C64600B580460F0016001C0000F0E0
:1003C00003FC0323084D22002B7043463100E81C38
:1003D00003346B70AF7003F029F92800A1B200F06C
:1003E000E3FA80BCB846F0BDA83C0020F0B5C64694
:1003F0001C0000B5904606000F0000F0E5FB03234B
:100400000A4D22004146E81C03342B706E70AF7019
:1004100003F00CF92800A1B200F0C6FA3900300050
:1004200008F0C4FD80BCB846F0BDC046A83C002022
:10043000F0B5C64600B50E0011006A461D006B46B9
:10044000177F08AA12780F4C90461B8B6070000A29
:10045000A070180A607101222000A3714346227027
:10046000E6702A00360A093509302671E7712372D1
:1004700003F0DCF8A9B20022200000F0FDF980BCF6
:10048000B846F0BDA83C0020F0B5DE4657464E46C3
:100490004546E0B5060087B025480F0090461D0090
:1004A00004F0F2FE6B46DC1D2200991D300006F0C0
:1004B000A1FD0A236B44994602AB4A46190030005D
:1004C0009A4606F059FD03AB9B461A0039003000EE
:1004D00008F0D0FC5B46D978534601222078154CB1
:1004E0001B8822704A4663701B0AA3704B46E0715A
:1004F000200012881B78120A227121722A004146BC
:1005000009350930E3706671A77103F08FF8002296
:10051000A9B2200000F0B0F93900300008F046FD23
:1005200007B0F0BCBB46B246A946A046F0BDC046E7
:10053000B8B00010A83C0020022200B583B001AB87
:100540001A705870997000220321180000F094F975
:1005500003B000BD30B5050083B00C000A000748A9
:10056000290004F015FF022301A8002203210370D3
:100570004570847000F080F903B030BDCCB000103D
:1005800000B583B008236A46012101A8137100F069
:100590000BFA03B000BDC04670B504AB0E0002CB31
:1005A000084C1D880B236070E270201D2A00043562
:1005B0002370A67003F03AF8A9B20022200000F0E0
:1005C0005BF970BDA83C002070B504000C25054BFC
:1005D0009970DA701800002204211D705C7000F020
:1005E0004BF970BDA83C002070B582B0040000F04B
:1005F000EBFA6B46DE1D3200991D200006F0FAFC76
:100600000D23094D2B703378AE1C6B7003E006216F
:10061000280000F0C9F93100200009F0BDFF0028D2
:10062000F5D102B070BDC046A83C002030B500290D
:1006300010DD0122FF24084D411852420378013099
:10064000534023409B00EB58120A5A408142F5D197
:10065000D04330BD0020FCE7800400201949F0B5EC
:100660000B88002B14D1184A9469A40605D42021C4
:1006700093691942FCD1106009E0144C144D228892
:100680000133A8540132D205D20D22800B80F0BD77
:10069000802292009342F0D320210E4E0C4D3488DC
:1006A000094A2F5D93691942FCD11760074A01344A
:1006B0001388E405E8540133DB05E40DDB0D3480D9
:1006C0001380E4E760420020008003405E42002087
:1006D000501D00205C42002010B5104C1049200035
:1006E00001F0C8FFC023226B1B0293430D4A200078
:1006F0001360002102F04EF80221042001F00CF8F2
:100700000221052001F008F80221062001F004F87A
:100710000221072001F000F810BDC0460080034010
:1007200000093D0030900340F0B54646D6464F469E
:10073000494BC0B51C88824600269846002C20D024
:100740002021464B464A9C46188893690025454F10
:10075000194210D13D5C93691942FCD10130013C32
:10076000C005A4B21560C00D0125002C4CD09369C2
:1007700026001942EED0002D03D063461880434670
:100780001E80374B9B69DB0625D4374B374C984688
:10079000374D88212088890002F0FAFA10200F00D6
:1007A0002F4A89B2218093691842FCD113682E78B0
:1007B000DBB2002E15D0013189B2DC2B1AD0DD2B33
:1007C00000D1DB234246D355002321802B70244BDC
:1007D0009B69DB06DDD50020E0BCBA46B146A846E1
:1007E000F0BDC02B0BD0DB2B06D04246013121805F
:1007F000D355ECE7C023E5E701232B70E7E7042F8F
:1008000007D800232380E2E76346188043461C8014
:10081000B7E7154B391F99461800FFF707FF4B46FE
:1008200021885A18531E971E1B783F781B023B43A2
:10083000D71E3F781B02043A12783B431B02134336
:10084000984203D00B4804F01FFDDAE7043948460C
:1008500089B2D0472680BFE7604200205C4200207A
:1008600000800340501D00209C2100206242002097
:1008700069420020E8B00010F8B506000D00140031
:10088000FFF7D4FE0700002C34D0AA1D92B2002D31
:1008900000D184E0002305E0DB2906D0013399B2C2
:1008A0008D4208D9F15CC029F6D10133013299B2E9
:1008B00092B28D42F6D8FBB2C02B5CD0DB2B5AD063
:1008C0003B0ADBB2C02B5CD0DB2B5AD03B0CDBB23B
:1008D000C02B5CD0DB2B5AD03B0EC02B5CD0DB2B6B
:1008E0005AD0304B198880239B005B1A9A4201DD55
:1008F00000202AE0C020FFF7B1FE002D14D0002414
:1009000006E0DB2822D0FFF7A9FE0134A5420BDD6B
:10091000305DC028F5D1DB20FFF7A0FE0134DC20DC
:10092000FFF79CFEA542F3DC00243800E040C0B293
:10093000C02819D0DB2810D0FFF790FE0834202CF7
:10094000F3D1C020FFF78AFE0120F8BDDB20FFF7BE
:1009500085FEDD20FFF782FED7E7DB20FFF77EFE76
:10096000DD20FFF77BFEE9E7DB20FFF777FEDC20E9
:10097000FFF774FEE2E73B0A0132DBB292B2C02B12
:10098000A2D13B0C0132DBB292B2C02BA2D1013218
:1009900092B23B0EC02BA2D1013292B2A1E7062245
:1009A00089E7C0466042002010B50122FFF764FFCE
:1009B00010BDC046F8B557464E464546DE46E0B542
:1009C000844618000AAB1B78264F9A460BAB1B785F
:1009D0003D785BB29946082D3FD0002A25D14029A9
:1009E0001DDC214B1E789846F400204BA419E4002E
:1009F000E0549B461819534643704B4607348270A7
:100A000081808371200058440A00614602F00EFE86
:100A10000723424601363340013513703D70F0BC68
:100A2000BB46B246A946A046F8BD3F29F7DC0E4BAF
:100A30000E4C1E789846F3009B19DB009B46185518
:100A4000E018534643704B1C83804B4683715B46D2
:100A500008338270C2711819D6E7054804F014FCF7
:100A6000DDE7C0466842002066420020501F00209B
:100A7000F4B00010F0B5C64600B5114C2778A44676
:100A8000082F18D00F4C01372678A046F5000E4CE1
:100A9000AD19ED002955641962700122A380072366
:100AA000A27142460136334013706346A0701F7036
:100AB00080BCB846F0BD054804F0E6FBF8E7C04648
:100AC0006842002066420020501F0020F4B0001051
:100AD000F0B5CE46474680B5284C83B02378002B2E
:100AE0002DD0274E3378002B29D00621254F2648BC
:100AF0003B78DD009846EB18DB00C2185156002900
:100B000022D1C35C51789C46022399469278454491
:100B1000ED0043199B8807354519019360464B4604
:100B2000009508F00DFA002809D000233A783370B8
:100B30000132073313403B702378013B237003B02D
:100B4000C0BCB946B046F0BD02290FD00129F6D18C
:100B5000C05C93889578517801930C4B2A000093E0
:100B6000032308F0B7F90028E9D0DEE7C35C517829
:100B70009C46032392789946C9E7C0466842002004
:100B80008008002065420020501F0020101D00201A
:100B900010B50124024B1C70FFF716FD10BDC046B6
:100BA0008008002070B582B06C460126258B044C6D
:100BB0002670044C01950094FFF7EEFC02B070BD66
:100BC00080080020101D002070B50C4C2378002BED
:100BD0000FD001220A4B01201A70002500F0BAF84C
:100BE00001F0FAFC074C084B001969411860596084
:100BF00070BD00F033F801232370EAE7644200205F
:100C00006742002050C30000080F002070B5104C50
:100C10002378002B00D170BD01F0DEFC0D4A536833
:100C20008B4209D20C4D2B78002B0BD000230020D7
:100C3000237000F08FF8EEE78B42ECD1136883420B
:100C4000E9D2EFE700F00AF801232B70EEE7C04687
:100C500067420020080F002064420020F0B5C6461D
:100C600000B5324C324886B00121206004F0B0FC5F
:100C7000304D31492860206804F0C6FC2F4B2168B4
:100C80009C4661442E4E090D06313060C9B21020D9
:100C900000F042FD0123296810222068009304F02F
:100CA0002FFD802332685B020293D31C1B03D20109
:100CB0001343244A052013400393234B0593234BEE
:100CC000049301F069FE02F01BFC214902F0FDFBD8
:100CD000EC21890502F0F6FB804602F039FC87B270
:100CE0000023002F0ED0380002F00AFC011C404601
:100CF00002F0E5FB8721C90502F0FBFB02F028FCAE
:100D0000C3B21B023F04326829681F43206802AB4C
:100D1000029704F04FFD0123286822688340116880
:100D20000B43136006B080BCB846F0BD9421002090
:100D30000000205090210020E0B200100000E0AF41
:100D400098210020FFFFFF9F004000200000067058
:100D50000024F44A434258410A4B404218400A4B8F
:100D600010B59C46094B01221968094B60441C6868
:100D7000230010339A404B681A42FCD10434A4007B
:100D8000605010BD007EFFB40082004B9421002013
:100D9000902100200223037000487047840800203F
:100DA00001207047F0B54546DE4657464E46E0B551
:100DB000157985B0E800401B0930834222D3574C97
:100DC000607800286AD05120205C002868D0A120DB
:100DD000205C002866D0F120205C002864D04220EE
:100DE000FF30205C002815D09220FF30205C0028C6
:100DF0005CD0E220FF30205C002859D04848205CBD
:100E0000002849D0002005B0F0BCBB46B246A94638
:100E1000A046F0BD0420022DF4D15579FF2DF1D16B
:100E20009579472D67D05D2DECD1D579012DE9D18C
:100E300001268500AB462D182D0166551678D5186C
:100E40009619AE425DD200230394984699469A467D
:100E500003270C0000930190029203E03378F61808
:100E6000AE422AD27378052BF8D1F3783B40032B9E
:100E7000F4D13100200006F051FF0028C2D0737970
:100E800031791B020B43B2785B055B0DD109012957
:100E900010D098469146E1E70730BCE70020BAE75A
:100EA0000120B8E70220B6E70320B4E70520B2E747
:100EB0000620B0E79A460092D0E75B4621000198F1
:100EC000039C1B181B01E318029A597092789A70C0
:100ED000009ADA705346402B01D940239A4603000A
:100EE00052465B441B01E3189A804A469A71424677
:100EF00001201A8187E7D5790226D02D00D081E71D
:100F000097E750234343E318597092789A70002270
:100F1000924690469146DA70E1E7C046100F0020F5
:100F200031020000F0B5C64600B5624C020063789D
:100F300086B0984223D05123E35C9A4248D0A12343
:100F4000E35C9A424AD0F123E35C9A424CD04223BC
:100F5000FF33E35C9A424DD09223FF33E35C9A4225
:100F60004FD0E223FF33E35C9A4251D0524B002032
:100F7000E35C9A4253D006B080BCB846F0BDA0787E
:100F80008842D8D10027BE00F5192D016257012AE9
:100F90004BD0022A1AD16519013A1800A979EA60E2
:100FA00006F03CFE002811D00023A9796878434A56
:100FB00001930093053306F079FE002806D15023F3
:100FC0007B43E3189979587806F04CFE0120D2E76C
:100FD0005220205C8842B2D10127D4E7A220205CB5
:100FE0008842B0D10227CEE7F220205C8842AED101
:100FF0000327C8E7A1204000205C8842ACD1042729
:10100000C1E7C9204000205C8842AAD10527BAE781
:10101000F1204000205C8842A8D10627B3E7284A87
:101020000727A25C8A42A6D1ADE762191800D178E1
:10103000904606F0F3FD002810D043469B882A0016
:101040009C464346D9785878002310320193009388
:10105000A218634606F02AFE002824D01723162182
:101060006B449846F6193601A6191A00694470783F
:1010700005F0C0FFB3786419029343461B78114A08
:101080000193A37861781B020B435BBA9BB20E49B4
:101090000E4800937F23FFF7CBF97078B17806F004
:1010A0000BFF012067E74346D978587806F0DAFD50
:1010B000D4E7C046100F002031020000CC08002009
:1010C00032020000F0B200108E0200005E04000048
:1010D000F0B54F464646D646C0B5B54D02006C78D1
:1010E0000F001E008AB0A04228D05123EC5CA2421F
:1010F00032D0A123EC5CA2424ED0F123EC5CA242A0
:101100005AD04223FF33EC5CA24265D09223FF33D6
:10111000EC5CA24200D172E0E223FF33EC5CA2421D
:1011200000D17FE0A34B0020EC5CA24200D18CE018
:101130000AB0E0BCBA46B146A846F0BDE9788F4295
:1011400000D14CE1AB79BB42CFD10023EB56012B50
:1011500020D0002291460EE00233E95C8F4200D19C
:10116000AFE00333EB5CBB42C3D15023EB56012B02
:1011700010D001229146022B0CD18F4200D1AAE05F
:101180004B469B009A4654464C4424012B199A79AD
:10119000BA426CD00120CBE70233E95C8F4200D128
:1011A000CEE00333EB5CBB42A7D1A023EB56012B6F
:1011B000F0D002229146DEE70233E95C8F4200D193
:1011C000D5E00333EB5CBB429BD1F023EB56012B04
:1011D000E0D003229146CEE74423FF33E95C8F42FF
:1011E00000D1CFE00333EB5CBB4200D08EE7A023FD
:1011F0005B00EB56012BCDD004229146BBE7942334
:10120000FF33E95C8F4200D1A5E00333EB5CBB42C6
:1012100000D081E7C8235B00EB56012BBAD0052232
:101220009146A8E7E423FF33E95C8F4200D1CBE08D
:101230000333EB5CBB4200D074E7F0235B00EB565A
:10124000012BA7D00622914695E75B4BE95C8F42C4
:1012500000D1A2E0594BEB5CBB4200D068E78C2385
:101260009B00EB56012B95D00722914683E7DA6865
:10127000002A8FD00132DA60032A00D170E100DD4C
:1012800007E1022A00D085E73900587806F0C6FC4D
:10129000002800D17EE74B4650245C4300232C19E4
:1012A000A1796078464A01930093053306F0FEFC6D
:1012B000002800D06EE7A179607806F0D3FC012009
:1012C00036E75023EB56012B00D1D2E0022B00D0A1
:1012D00060E7012399464B469B009A46002E13D0A7
:1012E0004B441B01EB18374A198A914200D10EE199
:1012F00053464B441B01EB181A7C202A00D179E09D
:10130000072A00D176E0D978200006F087FC002873
:1013100000D138E7524600264A441201AC18103278
:10132000A388E1786078AA180196009606F0BEFCC2
:10133000002800D027E7E178607806F093FC22E7E8
:10134000A023EB56012B00D18FE0022B00D021E728
:1013500002239946BFE7C8235B00EB56012B00D15F
:1013600085E0022B00D015E705239946B3E7F0236B
:10137000EB56012B00D17EE0022B00D00AE70323BD
:101380009946A8E7A0235B00EB56012B69D0022BFE
:1013900000D0FFE6042399469DE7033BEB56012B63
:1013A00061D0022B00D0F5E60723994693E7C046AB
:1013B000100F00203102000033020000360200004E
:1013C000C408002007300000F0235B00EB56012B1F
:1013D0001FD0022B00D0DDE6062399467BE70023D1
:1013E000EB56012B00D1D4E0022B00D0D2E6002333
:1013F000994670E7B3B256464E4436013200AE19F4
:1014000010322000B178AA18FEF7D2FF7478F17874
:101410007AE70627002E07D0BA00D2191201AB18BE
:1014200098461B7C002B28D0200006F0F7FB0028F4
:1014300000D1AFE6BA00D2191201AC181032AA18C6
:101440000025A388E17860780195009506F02EFCD0
:10145000002800D09EE6E178607806F003FC0120C9
:1014600066E60427D6E70727D4E70227D2E7052751
:10147000D0E70127CEE70327CCE741461032200012
:101480008978B3B2AA18FEF793FF43465C78D978FF
:10149000CAE7042A00D07DE60027D9785878DF60B3
:1014A00006F0BCFB00280FD04B46502622005E43BE
:1014B0001032AE19B388F1787078AA1801970097A6
:1014C00006F0F4FBB84266D0564617214E4436016A
:1014D000AE1906AF3A006944707805F08BFDB37819
:1014E0002C1902933B78314A0193A37861781B024F
:1014F0000B435BBA9BB22E492E4800938923FEF71B
:1015000097FF7078B17806F0D7FC012010E606AAA4
:1015100090464146284A20000A800922CA70274A7C
:101520000792002208920A739A7C8A70997906F0D1
:1015300075FB00280ED04B46502400225C432C192A
:10154000A17960780D2301920092424606F0AEFB2D
:10155000002825D053464B441B01EB185C78C7E6A6
:101560003900587806F05AFB002800D112E64B46A5
:1015700050245C4300232C19A1796078104A019310
:101580000093063306F092FB002800D193E6012079
:10159000CEE500273EE7F178707806F063FB93E72D
:1015A000A179607806F05EFBD4E7C04670B3001006
:1015B000120B00005E040000012000000007200262
:1015C000BC08002070B5514D04006B78834220D0D8
:1015D0005123EB5CA34228D0A123EB5CA34233D080
:1015E000F123EB5CA3423ED04223FF33EB5CA342EA
:1015F00049D09223FF33EB5CA34256D0E223FF3362
:10160000EB5CA34263D0424BEB5CA34200D170E0A1
:1016100070BDA978FEF790FF50220021280001F04C
:10162000FFFF5123EB5CA342D6D152232000E95C9B
:10163000FEF782FF280050220021503001F0F0FF19
:10164000A123EB5CA342CBD1A2232000E95CFEF7EF
:1016500073FF280050220021A03001F0E1FFF123A8
:10166000EB5CA342C0D1F2232000E95CFEF764FFEB
:10167000280050220021F03001F0D2FF4223FF3336
:10168000EB5CA342B5D1A1235B00E95C2000FEF72F
:1016900053FF2800413050220021FF3001F0C0FFED
:1016A0009223FF33EB5CA342A8D1C9235B00E95C22
:1016B0002000FEF741FF2800913050220021FF302A
:1016C00001F0AEFFE223FF33EB5CA3429BD1F12399
:1016D0005B00E95C2000FEF72FFF2800E13050227C
:1016E0000021FF3001F09CFF094BEB5CA34200D0CE
:1016F0008EE7084B2000E95CFEF71EFF8C239B0061
:1017000050220021E81801F08BFF81E7100F002024
:101710003102000032020000094A83009A1810B515
:1017200014684022544080322240064CC000A44637
:1017300063441A60044B9C466044416010BDC0463F
:1017400004C0014004D00140004001400FB400B586
:10175000084883B003F098FD049B002B07D005A92F
:101760001800019103F0CAFB034803F08DFD01202E
:1017700003F0DCFB04B1001014B10010EFF3108093
:1017800072B6034A1368002BFCD0BFF35F8F70471B
:101790002C0100D0BFF35F8F0022024B1A6080F350
:1017A000108870472C0100D070B5EFF3108C72B622
:1017B0000D4D2B68002BFCD0BFF35F8F0724CB08A7
:1017C000C618C05C01230C40A3401C000440034227
:1017D00007D118433070BFF35F8F2C608CF31088F3
:1017E00070BD1000FFF7B2FF2C0100D0F8B54746DE
:1017F000CE46884680B5EFF3108C72B61C4D2C682F
:10180000002CFCD0BFF35F8F9A4222D8072101261B
:10181000894602E00132934218D34D463700154005
:10182000AF40D4080119045D2742F3D110003C43B6
:101830000C70BFF35F8F00220D4B1A608CF3108881
:1018400000280EDBC0BCB946B046F8BD01204042BE
:10185000EFE7BFF35F8F00232B608CF3108801202C
:1018600040424346002BEDD00898FFF76FFFC0467B
:101870002C0100D0044A1078431CDBB2172B00D98E
:10188000102313707047C046D108002010B5064BD6
:10189000064C82B00100009318221F232000FFF79E
:1018A000A5FF02B010BDC04618B10010BC3E00201C
:1018B0000021044B044ABFF35F8F02C39342FAD165
:1018C0007047C046000100D0800100D0054B064A99
:1018D0001360064A136053609360D36013615361D1
:1018E000936170478080808000E400E004E400E0C1
:1018F0001F2318401E3B8340002905D0C021044A05
:101900004900535013607047802201498B50FAE719
:1019100000E100E070B50D00EFF3108672B60F4ADB
:101920001368002BFCD0BFF35F8F0D4B10309B680A
:1019300084001B590B4A934203D09D4201D001F011
:1019400021F9074B9B681D51BFF35F8FBFF35F8F7A
:101950000022024B1A6086F3108870BD240100D06B
:1019600000ED00E0CD010010F0B557464E46DE46D2
:101970004546E0B585B0060000911700EFF3108BE7
:1019800072B66A4A1368002BFCD0BFF35F8F002544
:10199000674B5D579A46002D00DAA9E06B00654C55
:1019A00001935B199B009846A146C1444B465246A1
:1019B0009B7910361370604BB6009B6899590B1BCE
:1019C0002F2B33D95D4B994200D0ACE0019B4246AE
:1019D0009C465B4B6544AD0063535A4B0232A218E0
:1019E000043B9B1A1B05584A5B0D651913436B801A
:1019F000564B0121AB80FF23AB71009BEF71AB60B5
:101A00004B460B4319004C4B9B689951BFF35F8FBA
:101A1000BFF35F8F0022454B1A608BF3108805B02F
:101A2000F0BCBB46B246A946A046F0BD01200A0064
:101A30008243D3798C46BB4231D845461300444992
:101A40001B1B5B415943090D3D4B63533D4B023515
:101A50006519043B5B1B1B053B4D5B0D2B43AA46E5
:101A60004D466B800425AC465546E044131F444464
:101A70001B1B1B055B0D1D434B46997100999D80F7
:101A800099604946DF71334B01431360BBE758004F
:101A9000C01880002018C179B9422FD9020006234E
:101AA000D356002BF3DA02932B4B61460393131D9D
:101AB0009A4604235B429C46E14450464B461B1A1F
:101AC0001B055B0D9C46204B95719846634640462E
:101AD00003439380019B5A199200039BA418A3808F
:101AE000029B1C4AA371009B2260E771A3608AE7F6
:101AF00001F048F8002553465D574FE79088029360
:101B00004005131D9A46031561469C464046D44441
:101B1000634604302018181AE0230005400D1B020C
:101B200018430390C5E701F02DF84FE7240100D0DA
:101B300070420020D408002000ED00E0CD0100102C
:101B400000A1FFFF0409002000E0FFFF01BDFFFF2F
:101B5000AAAA00000148804701BD0000F0B5DE469A
:101B600057464E464546E0B50C0083B0EFF310886B
:101B700072B6634A1368002BFCD0BFF35F8F614BD2
:101B800061499A68030010339F00D55901938D4233
:101B900043D0A54254D05D4EAA1B2F2A3DD85C4BA2
:101BA0009B461B68994601231A009C4682404B467F
:101BB00013401F2299466346024093409A46802272
:101BC0005B4650469850BFF35F8FEFF305839B460B
:101BD000002B37D0019B5B4501D000F0D3FF0123E0
:101BE0002A009A439068844208D176E04B005B1843
:101BF0009B00F3189868844236D01A00062151568B
:101C00000029F3DA844254D04B46002B27D0C0225F
:101C100051463F4B5200995019603A4B9B68DD5139
:101C2000BFF35F8FBFF35F8F0022354B1A6088F3DD
:101C3000108803B0F0BCBB46B246A946A046F0BD32
:101C40000D00EAE72A0063469A4390688442D5D1A2
:101C500006201056130000280ADA0D0031E0802318
:101C600051462B4AD150D8E706201856002821DBD0
:101C700042001118890074188B46A1689960E179B7
:101C8000D971062161569971002924DBA488F11AC3
:101C9000640524155C44091909051E4C490D2143AE
:101CA000998013181C4A9B001178F31899711070D1
:101CB000AAE713005946002914D1FF319171174941
:101CC000918015490A789A71154A9B1B5B415A43CA
:101CD000120D0A7098E71149E2E70620105613002A
:101CE0000028C5DA0F4A1049D21A083A5002400DAE
:101CF000014399800D4952080A43DA8084E7C046BF
:101D0000240100D000ED00E0CD010010D408002037
:101D100000E100E000E0FFFF7042002001BDFFFF96
:101D2000AAAA00000E09002000F0FFFF00F8FFFF44
:101D300070B501240443EFF30581EFF3108C72B604
:101D4000214A1368002BFCD0BFF35F8F1F4B0500A7
:101D50001F4AED1A6D416A43120D1E4D8900AE688F
:101D600052B27658A6421CD00621595691421CD038
:101D700012215956914222D01E215956914220D00B
:101D80002A2159560324914210D0134B19781A7006
:101D90008171BFF35F8F00220B4B1A608CF31088A8
:101DA00070BDAB680D4C5C50EFE700246100091971
:101DB00089005B18FF21997109499980E5E70124A1
:101DC000F4E70224F2E7C046240100D0D408002042
:101DD000AAAA000000ED00E070420020CD01001032
:101DE00001BDFFFF024B9C466144890001607047C2
:101DF0004000003470B5114C114DAC420FD2FF269B
:101E00002368002B0CD0FFF735FD01002000FFF701
:101E1000E9FFA680BFF35F8F0834AC42F0D370BDFA
:101E2000FFF728FD01002000FFF7DCFF2671BFF35C
:101E30005F8F0834AC42E3D3F1E7C046000F0020C7
:101E4000080F002010B50400FFF714FD010020006A
:101E5000FFF7C8FFFF232371BFF35F8F10BDC0469C
:101E600010B504000120FFF711FD034BC3189B00C0
:101E70002360BFF35F8F10BD400000340A4B196828
:101E8000EFF3108072B60A68002AFCD0BFF35F8FB0
:101E90001B68BFF35F8F00221A6080F3108840BF79
:101EA000002000217047C0464C420020F0B5DE46BD
:101EB00057464E464546E0B587B0EFF3058303220B
:101EC00001251A40954091008846A946B34B0392DC
:101ED0005C58B34B1D60B34B04934B46B24843630D
:101EE0000823E55E002D37DAA3881BB2002B00DB48
:101EF000ADE0A379002B00D0EEE00823E05E0028DF
:101F000020DB430062691B18DB00D3189E68DD6884
:101F1000731C00D111E1A44801004144826A0B699D
:101F2000B71A9B1A9F4215D30123026A0398834074
:101F30001A420FD09C4800F047FB8D4202DCCCD106
:101F40008642CAD940BF07B0F0BCBB46B246A946DC
:101F5000A046F0BD0E61EDE762696B0092465B1929
:101F6000DB009A4453469E68DF6800F02DFB8F42E9
:101F7000BADC00D103E1002F00DAE8E05246534614
:101F800052691B699346049A934200D1D9E05246A4
:101F90000821605E5288000459461043984700901B
:101FA00001910099019A0B001000134300D1CEE07B
:101FB00013000A00B61A9F41002806DB7A4800F099
:101FC00003FB009E019F36184F4153469E60DF6021
:101FD00000229A5E002A00DA86E7530099186069A9
:101FE000C900411802938B68C9689B46B94200DD5D
:101FF0007AE702D1B34200D976E708239C46A4448D
:10200000059565462281A446029B2C0006E05300FC
:102010009918C90041188D68C968AB469B18DB0048
:10202000C318B94206DC00D1B3E01C000023E25E15
:10203000002AECDA230064469C4653461A80634625
:10204000059D1D80A3881BB2002B00DA51E7226991
:10205000EFF3108172B61368002BFCD0BFF35F8FD3
:102060000123A7885B42A3803FB22369BFF35F8F40
:1020700000221A6081F31088002F00DA39E723006C
:10208000083322009A4666697B00DB19DB00F318EF
:10209000996850468C460824115FDD68002910DBE2
:1020A000029306E0AB4244D00023E15E2000002909
:1020B00006DB4C006418E4003419E368AB42F1DD40
:1020C000029B078000201F5E1980002FDCDA1400BD
:1020D000A379002B00D110E70023A3712600082369
:1020E000E15E08364B1C00D12CE70800A24665696A
:1020F00002E03E004B1C1AD04B005B18DB00EF18CF
:102100000A008C46E95E7B881BB2002BF1DA0123C2
:102110005B42DC17BB60FC60824205D053463180D5
:102120001B893B8053461A8160464B1CE4D15446C0
:10213000E5E6A3686345B7D9C2E76B1C00D0EAE6C1
:10214000F8E65B4658461B69984700281BD1534662
:102150001B8822692381EFF3108372B6116800296E
:10216000FCD0BFF35F8F514662880A802269658088
:10217000BFF35F8F0021116083F31088B4E68642BD
:1021800000D8F8E6B0E65B461A685B6800920193F7
:1021900007E7B34500D848E74CE7C0463041002088
:1021A0003C700540AD1E00100040054070B52E4C3F
:1021B0002569002D04D00A212C48FFF713FE70BDBD
:1021C0002B4E0321300000F0F5F9E660FFF752FBDB
:1021D000284B03229C46D02322701B061B6801213A
:1021E0006370254B6044A3600F23800020610220B0
:1021F000638063694942A1801980023119864731A1
:102200001D83585218315A5275325C39995218321E
:1022100001319952183201319952183201319952D3
:10222000083518329D520231183299521832013154
:10223000995218320131995218320131995218329B
:10224000013199521832013199520C4B0C49DC6022
:1022500001303562FFF75EFB01210320FFF748FBE9
:10226000084B1D60A7E7C0461C0900204C42002017
:102270000040054040000034FFFF100030410020C6
:10228000AD1E00103860054070B501000469EFF321
:10229000108C72B620680028FCD0BFF35F8F02203C
:1022A0000D5E4C6968004019C00024180869002DB3
:1022B00036DB26884E80BFF35F8F002606608CF3E6
:1022C0001088E36063880498013320615B040598FB
:1022D0005B0CA26060611A1C002B1FD093B2280413
:1022E000628018430A69EFF3108C72B61368002BF2
:1022F000FCD0BFF35F8F8B8823808D800B69BFF389
:102300005F8F00221A608CF310880B7801329A409C
:10231000CB6808498C4663441A6070BD0122DDE732
:10232000BFF35F8F002303608CF3108801204042CD
:10233000F3E7C0463C20000010B543890A149342DD
:102340001ADD53009B184269DB00D3180469EFF3D0
:10235000108C72B62268002AFCD0BFF35F8F5A88B7
:10236000090494B2090C8A4208D00369BFF35F8F55
:1023700000221A608CF31088002010BD8022120207
:1023800014435C80012302698371BFF35F8F0021D6
:1023900011608CF31088044902788C469340C2681F
:1023A000012062441360E8E73C200000F0B5C64617
:1023B00000B582B0040000F00FF9FA2206000F0009
:1023C000200000230021920001F05CF8801979417F
:1023D00004000D1E02DA01242E4D644206267642C8
:1023E000F71736196F41AF4214D811D000F0F4F846
:1023F00032003B00121A8B41002B15DC002B46D01B
:102400002000290000F026F902B080BCB846F0BDDB
:10241000A642EBD90026002700F0DEF832003B0090
:10242000121A8B41002BE9DD00F0D6F832003B0098
:10243000121A8B41002B0ADB00230193164B32004A
:10244000009316483B00FFF71FFF0130D8D0002350
:102450003900B0469C46124A1248536A994204D841
:10246000966A4645CCD29942CAD10668EFF31087E6
:1024700072B63368002BFCD0BFF35F8F0368BFF3E5
:102480005F8F66461E6087F3108820BFE5E7002A4D
:10249000B6D0C9E7FFFFFF7F7D1E00101C0900209A
:1024A000004005404C420020F0B557464E46DE46FF
:1024B0004546E0B506000F0085B0EFF30583994669
:1024C0008B46002B12D0384900204B6ABB4206D302
:1024D0008A6ADB1B591E8B41B2424041184305B04A
:1024E000F0BCBB46B246A946A046F0BD2F4B9A466B
:1024F000DB68984653461B784046039300F064F827
:102500004246039B040004339B009B580D001B1A9A
:1025100039003000001BA941894510DC0DD020BFD7
:10252000214A0020536A5B45D9D3926ADB1B591EAE
:102530008B41B24240411843D1E78342EFD900F0CA
:102540004BF832003B00121A8B41002B1ADB0023A0
:102550000193174B3200009350463B00FFF794FE67
:10256000011E0FDD104B5A6A5A451BD39B6AB342BA
:1025700016D35046FFF7E0FE0B4A0020536A5B4536
:10258000ADD3D2E7084A0020536A5B45A7D30020A9
:10259000926ADB1BB24240415A1E934118439EE7A8
:1025A0005A45E6D120BFE4E7004005401C09002061
:1025B0007D1E001010B5024A0248FFF7F5F810BD65
:1025C00034B10010C03E00200300416A0A00986A3E
:1025D000596A8A42FAD17047034B596A0A00986ACD
:1025E000596A9142FAD170470040054070B5040025
:1025F0000D00174A536A1900966A536A8B42FAD142
:102600003000190024184D41AB4216D813D0104B9E
:102610002A005B6A9D4203D90D494B6A9342FCD361
:10262000934207D10A4A02E0516A994202D1916A63
:10263000A142F9D370BDA642E9D9054B5B6A1C00E3
:102640005A1CEFD0012201246442E5175242E3E70D
:1026500000400540064A536A9942FCD807D1044B12
:1026600002E05A6A914202D19A6A9042F9D87047C0
:1026700000400540F8B5040006200D0000F08CF97C
:10268000002844D0374B3849E3185A1E9341802222
:10269000120494465B429B0D344A9B0563441360CD
:1026A000334A136018000A689043FBD12D4B314A1E
:1026B000E31859424B4180215B00490006209952A2
:1026C00000F06AF92900C00000F062FB0130C30984
:1026D0001ED1402701226262A362266BF30722D437
:1026E000E36A254B0620E51800232B60266300F0E3
:1026F00053F93900800000F04BFB7023E26A5A4026
:102700000E3313402B601D4B23630323A364F8BDDA
:102710001B4A93421ED900231A4A1B4F6262A362CE
:10272000266BF307DCD5194B144AE3181A60656A67
:10273000A36A0620AD01ED1800F02EF9144900F04F
:1027400027FBAD020100280000F022FB0021FFF76B
:102750004DFFC5E74006800E9F011A003F18030099
:10276000B9E7C0460080FCBF08C0004000E0004060
:1027700000F00040504200202C1000000103000037
:10278000FEFF0000FFFF0000C0FF3F0030300000F0
:102790004E0E0000074A4B42594194464B4260445A
:1027A000F621424250411940034B0A314000C152C8
:1027B0007047C0460080FCBF50420020F8B5DE469E
:1027C0004E4657464546E0B58B4605000A99180027
:1027D000160000F0DDFA0A9B6C001F02324B6419F0
:1027E0009C46A4006444636881469F4200D96760A8
:1027F0002B1FDBB29846012B30D9C02380229B01CE
:10280000E31812011A60294BAD0059599A46002964
:102810001BD17301E026226853401E4080234246AC
:102820005B01E3181E60012A30D9802380229B01BE
:10283000E31812011A6053464A4667605A51F0BCC9
:10284000BB46B246A946A046F8BD586900F0A0FABA
:10285000013043001B18033BFDD2DAE75B46012B36
:10286000CBD1C02303229B01E3181A60023AA3686C
:102870001A42FCD07301E0262268AD0053401E408E
:1028800080230A4A5B019246E3181E605A4621687B
:10289000514003220A401A6001225B469A40A36815
:1028A0001A42FCD0C1E7C04600800040C83E00206C
:1028B000F0B546464F46D646C0B51F00344B4400DF
:1028C0009C462418A4006444636888461600FF2BC5
:1028D00002D880235B006360031FDBB29A46012BA2
:1028E00030D9C02380229B01E31812011A60294BC2
:1028F00085005959994600291BD17301E0262268A9
:1029000053401E40802352465B01E3181E60012A9B
:1029100030D9802380229B01E31812011A608023A2
:102920005B0063604B465F51E0BCBA46B146A846C7
:10293000F0BD586900F02CFA013043001B18033B2E
:10294000FDD2DAE74346012BCBD1C02303229B0102
:10295000E3181A60023AA3681A42FCD07301E02619
:102960002268850053401E4080230A4A5B0191463D
:10297000E3181E6042462168514003220A401A6053
:10298000012342469340A2681342FCD0C1E7C046EF
:1029900000800040C83E0020014B8000C0587047B6
:1029A000C83E0020F8B5040021481E0017000D00A5
:1029B00000F0EEF90100380000F0EAF9069B360459
:1029C0001B031E432368002B20DB1A4B1A49E31814
:1029D0005A1E93418022920194465B421B0B174A78
:1029E0001B0363441360164A13601F000A68974371
:1029F000FBD1144B2560E2182123A06013602368EB
:102A0000002BFCDA0823E6601360F8BD3F23226840
:102A10001340AB42D9D1A3681B051B0D8342D4D10F
:102A2000EE22E368D2021340B342CED1EDE7C046B6
:102A3000001BB7000040FDBF08C0004000E00040A0
:102A400000F000400430000010B580241C4BE40569
:102A50001C6000281AD001231A4C18431A4BDC6161
:102A60001A4C44401C62596298628021144BC9057B
:102A70001960174817490860E021C9041960002A45
:102A800007D18022144B12061A6010BD0E4BD8617C
:102A9000EBE753019B1A9B009A18802312015B04F9
:102AA0009A4209D213000D490B60074B5A608022ED
:102AB000094BD2051A60E8E7094B1A00F3E7C04654
:102AC00000B00540D3C007B0008005402D3FF84F4F
:102AD000FCFF01000820014000A005401441002037
:102AE000FFFFFF008023024A9B000B43D362704725
:102AF00000800540002310B50100988A1B8B984781
:102B000010BDC046162310B50100188802331B887B
:102B1000984710BDF8B54746CE4680B50F1E18D071
:102B200014239946043304000025012698464B4699
:102B30001888434621681B88984701C4431E984162
:102B400001350640AF42F2D13000C0BCB946B046B4
:102B5000F8BD0126F8E7C046AA23064A1B01136008
:102B60002133FF33D3600449044B19605368002BB1
:102B7000FCDA70470040024000B0FA0000600240FA
:102B80007047C04610B50148FEF7E0FD58B100108F
:102B900070B5074D074EB54209D20024013E761BA1
:102BA000B60808CD984723000134B342F9D170BD6F
:102BB00058B0001094B00010054B064A06491A6040
:102BC000064A074B1A6010000B689843FBD1704708
:102BD00000E00040BFCDFBFE08C00040FE7F3C008F
:102BE00000F00040044BDB6C002B03D18022034B30
:102BF000D2021A607047C046000011504C2011509C
:102C0000044A054B1A60054A1368DB018033FBD187
:102C10007047C046FFFFFF0100F0004008C00040C1
:102C20004022034B9A675A671A67DA667047C046B4
:102C300000F0014010B5FEF73BFE10BD70B5044D2D
:102C4000044CA968C022200000F0F0FCAC6070BD0C
:102C500000ED00E000000020002310B5294C82B0F8
:102C6000A367FFF779FF0122274B1A60636C012BE2
:102C7000FCD10322254B1A60224A936B012BFCD115
:102C8000013300930121224A22480433FFF78AFED0
:102C9000052301210093204A2048FFF783FE0022EC
:102CA000022104201E4BFFF703FE00220121052014
:102CB0001C4BFFF7FDFD0022002107201A4BFFF7F8
:102CC000F7FD002200210820174BFFF7F1FD8023BC
:102CD000DB000093002200210920134BFFF76EFD5B
:102CE0000022104B00210620FFF7E2FD0420FFF731
:102CF00053FE0E4900F04CF801000020FFF7F2FEF1
:102D000002B010BD008000403CB0004030B0004038
:102D1000002F685900800240008C864700C00240A6
:102D2000001BB70040597307006CDC0240420F00E3
:102D300001480421014B184740090020152B0010C1
:102D4000124A936F9B0815D29066D166002905D070
:102D5000FFE7FFE7FFE7516F106F704704B5802171
:102D60000906C2175140002800D0C84308F054F9A2
:102D7000002104BDF0B5146E556E576F166FFFF746
:102D8000E3FF1466556657671667F0BD000000D074
:102D9000114A936F9B0813D210665166002905D023
:102DA000FFE7FFE7FFE7516F106F704704B500289A
:102DB00001D00020C04308F02FF9002104BDC04617
:102DC000F0B5146E556E576F166FFFF7E5FF14667A
:102DD000556657671667F0BD000000D094464A4A12
:102DE000926F9208624601D228E0C046F0B5464E86
:102DF000346E756E776F366F00F020F89446424A55
:102E000014665566576716676246F0BD94463E4A9B
:102E1000926F9208624601D254E0C046F0B53A4E35
:102E2000346E756E776F366F00F04CF89446364A04
:102E300014665566576716676246F0BD002B24DBA3
:102E400011D000293EDA00B5C943404200D101311A
:102E500000F038F8C943404200D10131DB4352420F
:102E600000D1013300BD002AEBD1002801D1002997
:102E700005D00020C90FC90701D1C043410800B5E2
:102E800008F0C2F80022002300BD00B500290ADBCB
:102E9000DB43524200D1013300F014F8C9434042F1
:102EA00000D1013100BDC943404200D10131DB43B3
:102EB000524200D1013300F005F8DB43524200D109
:102EC000013300BD002923D1002B18D1002A0CD0DA
:102ED000BC460D4F38667A6600210023FFE7FFE706
:102EE000FFE77A6F386F67467047002801D00748C0
:102EF000010000B508F088F80022002300BD0200A0
:102F00000B00002000217047000000D0FFFFFFFFF2
:102F1000002B00D0BFE0130C28D1002AE7D080B4EA
:102F2000114F39667A66FFE7FFE730B4040C7B6F18
:102F3000396F1B0423433B667A66FFE7FFE7FFE731
:102F4000C04684B27B6F3D6F1B0423433B667A66A9
:102F5000FFE7FFE7C04600232C042D0C7A6F386F83
:102F600000196941B0BC7047000000D0F0B594462C
:102F70000025140E01D112020835140F01D11201DF
:102F80000435940F01D192000235D40F01D15200C3
:102F90000135D40B0134254F7C66254C3C660E0C64
:102FA00093B2FFE7FFE7FFE73C6F6643360C77031A
:102FB000BE467343DF0B5B04C01AB941130C734365
:102FC000DB18C91ACE086643360CB64493B2734375
:102FD0001F0F1B01C01AB941130C73431F0B1B05B4
:102FE000C01AB941860D8F023E436643360C092D47
:102FF00024DB520A7243801A7703460A6643360C72
:1030000016235B1BDE40DF40BF1964466643821B0C
:103010007046043506330100D940A840C01900D3DA
:103020000131A24206D20023F0BD0000000000D012
:10303000FFFFFFFF121B0130F3D3F1E709277F1BCE
:10304000FE406446A2B27243801A00D20139220CBB
:103050007243130C1204821A99410B007046043516
:1030600013370100F940A840801900D30131002B2B
:1030700002D1A2420AD2F0BD013000D30131121BAD
:10308000FAD2013BF8D1A24200D2F0BD013000D308
:103090000131121BF7E7F0B51C0C00D080E00CB436
:1030A00000251C0A04D11B02160E334312020835F8
:1030B0001C0B04D11B01160F3343120104359C0B6A
:1030C00004D19B00960F334392000235DC0B02D1F2
:1030D00092185B4101351C00971864410134464F3A
:1030E0007C66464C3C660E0CFFE7FFE7FFE7C046F8
:1030F0003C6F6643360C7703BE4697B27743C01BDE
:1031000000D20139C01B00D201399FB27743C91BDD
:10311000C91B170C77437E04FF0B801BB941CE08F7
:103120006643360C0C2D33DBB644120B1F053A43B5
:103130001B0B97B27743C01B00D201399FB2774374
:10314000C91B170C77433E043F0C801BB941860D09
:103150008F023E43664329277F1BFE400C3D774686
:10316000AF40BF1930BCA2B2ABB272437343801AF6
:103170009941220C7243130C1204801A99410200E7
:103180000B000137001BA941F9D2781E0021F0BDC8
:103190000C277F1BFE4077467F0BAF40FF19E0E70F
:1031A00000245D1C07D0144F7D663966FFE7FFE7FA
:1031B000FFE7FFE73C6F95B29EB265436643401B55
:1031C000B141150C1E0C6543664336042F0C3E437B
:1031D0002D04401BB141994204D202000B00200093
:1031E0000021F0BD01D19042F7D3801A99410134FA
:1031F0009942F2D3F6E70000000000D0FFFFFFFF86
:1032000048404140484018B4134B5B68019308BDE7
:1032100018B4114B1B68019308BD94460F4A926F76
:10322000920805D2624618B40B4BDB68019308BDC7
:103230000A4AF0B5146E556E576F166F6246FFF767
:10324000F2FF064A1466556657671667F0BD18B454
:10325000014B9B68019308BD101C0020000000D0AA
:10326000FFB550404240504059404B40594000E06B
:10327000FFB5154F4C00640D03D0BC4204D10C03C4
:1032800014D80020090D09055C00640D03D0BC4270
:1032900004D11C030AD800221B0D1B0501264B403C
:1032A00009D44B4003D58B4200D18242FFBD9942E5
:1032B000FCD19042FFBD0B43DB1803431343F5D011
:1032C000C9434918FFBD0000FF07000000B5FFF724
:1032D000CFFF804100BDC04600B5FFF7C9FF01D94F
:1032E000002000BD012000BD00B5FFF7B9FF01D9E6
:1032F000002000BD012000BD00B5FFF7B1FF8041F7
:1033000000BD012040054A00121804D85A001218C6
:1033100001D80020704701207047000000210028DC
:1033200005D17047C1174840401AFAD0C90713B5F4
:10333000064B1B6898470CBC441CA2401005120B9E
:103340000349091B09051943114310BD48410020D9
:103350001F04000010B54C00620D8023D218DB0062
:10336000D21A5B057E2A10DD9E3A13DACC170903C8
:10337000490819435242D140640001341532202AD1
:1033800005DAD0400843604310BD002010BD084658
:10339000604310BDC80FC018013810BD18B4024BEF
:1033A0005B6A019308BD0000101C002010B50148A5
:1033B000FEF7CCF964B10010132370B51D78012D10
:1033C00019D014DD1D48FFF79DFB06001C48FFF7D0
:1033D00099FB1C4C80223100200000F027F9022DBF
:1033E00006D01948FFF786FB184B186070BD154CC6
:1033F000174BA364F5E7174B124C23606360A3607F
:10340000E36023616361A361E36123626362A3629A
:10341000E36223636363A363E36323646364A3647A
:10342000E36423656365A365E36523666366A3665A
:10343000E36623676367A367E367D9E75344000044
:1034400053460000101C00204C330000484100206F
:1034500059340010AD33001007B5604601880A0AE0
:103460000230DF2AFAD1C9B2820804D30288408828
:103470000004104300E00068014A5050039007BD6B
:10348000101C002051434343C9188C46110C83B2D1
:103490004B4310B4040C614392B280B25043624378
:1034A0001C041B0C001910BC59411304120CC01849
:1034B00051416144704700004840414048400E4B34
:1034C0005B6818470C4B1B6818470C4A936F9B08A6
:1034D00002D2094BDB681847F0B5146E556E576F72
:1034E000166FFFF7F6FF054A1466556657671667AD
:1034F000F0BD014B9B6818474C410020000000D0F4
:10350000491A002808D1084670470000C10FC907B2
:1035100000D54042002817D0F44603B40B4B1B687B
:10352000984706BC81409E384042803107D20B0646
:1035300007D04900490AC0051043084360470130DD
:10354000F8E7490A8902F5E7704700004841002082
:10355000014B5B6A184700004C41002010B5014840
:10356000FEF7F4F870B20010132310B510481C7861
:10357000FFF7C8FA0100012C0AD003DD80220D48B4
:1035800000F054F80C48FFF7B5FA0C4B186010BD6A
:10359000084C5422200000F049F8220008498032EB
:1035A0002368002B00D1216004349442F8D1E9E76C
:1035B000534600004C4100204C330000484100209D
:1035C0005D35001010B5040007F062F8002804D043
:1035D000034B04199C4200D810BD0248FEF7B6F810
:1035E000000004207CB1001070B505000C0006F04E
:1035F000EFFF6C43002804D0034B04199C4200D811
:1036000070BD0248FEF7A2F8000004207CB1001053
:1036100001480421014B184750090020152B0010C8
:10362000014B1B681847000050090020014B5B68E4
:1036300018470000500900207047C046F8B55746AB
:10364000DE464E464546E0B599460A9B07009A4637
:103650000D9B884693460B9C9B073BD10C9B9C4241
:103660003DD21E1B0B9415000C005E442A004B46F5
:10367000013521002020B847B542F7D1A0460B9C68
:10368000002C20D0454636195346321B013C185DAC
:1036900029004B46B847002CF6D12B003500984640
:1036A0000D9B9B070FD55B46EC1A0C9BA3420AD9D6
:1036B000464698462A004B46310020200134B84740
:1036C00001354445F6D32800F0BCBB46B246A946B6
:1036D000A046F8BD16001500002CD3D1E0E7160077
:1036E0001500002CCED1EEE7F0B54546DE46574634
:1036F0004E46E0B585B09C4610AB1B78149F9346B0
:1037000098460F9C129E139DBB074CD4002D42D1AE
:10371000B44248D201233B4099460E9B013B9A4656
:10372000302304E0524601341355A64201D9202C1F
:10373000F8D14B46002B00D183E00E9B013B99460C
:103740003023A54205D82EE04A4601341355AC4239
:1037500029D0202CF8D1FB060CD57B0554D4A642E9
:1037600063D0A54261D0119B102B50D0022B57D0B3
:10377000202C32D1202301930E9B5A4600930397AD
:1037800063460295FFF75AFF05B0F0BCBB46B24650
:10379000A946A046F0BD01233B40994601233B4288
:1037A0002AD1B442B9D3FB061CD57B05DBD4002C4F
:1037B000D5D1119B102B5BD0119B022B6BD03023EA
:1037C00001240E9A13704346002B10D17B073ED57F
:1037D0002B260E9A631C1655CDE7230001343026A4
:1037E0000E9AD654202CC5D04346002BEED02D2661
:1037F0000E9A631C1655BEE74346002B2FD0013DA1
:10380000B44200D289E798E7119B102BB2D1BB06D6
:1038100037D5202CAED058230E9A13550134A7E784
:10382000202CA7D02300013407E0631E012CC0D058
:10383000119A102A31D0022AD1D162260E9AD6547A
:1038400096E7FB06CED57B0500D488E78BE72300FF
:103850003E0790D520260E9A013316558BE70C2390
:103860003B405A1E9341ED1AB44200D255E764E73B
:10387000BB060ED478230E9A0224137030235370A3
:10388000A1E7202C00D175E778230E9A1355013457
:103890006EE75823EFE76033EDE70E9AA61E9146D8
:1038A0004E44BA0602D55822327098E77822327018
:1038B00095E7C04610B5002800D110BD01F09AFC74
:1038C000FBE7C0460B0010B5002802D049681B6812
:1038D000984710BDF0B55746DE464E464546E0B522
:1038E00095B083460F00924698461E9A1F9B100083
:1038F0001900209EFFF705FD002800D0EAE11E9880
:103900001F990122C54B5242FFF7E0FC002800D06E
:1039100014E11E981F990122C14B5242FFF7ECFCA3
:10392000002800D0E9E01E981F990022BD4BFFF748
:10393000E3FC002800D0C8E01E981F990022BA4B73
:10394000FFF7C4FC002800D0BFE01E981F9900229A
:103950000023FFF7BBFC002800D0E4E000230B931A
:10396000229B5B0500D406260024302307E01721A4
:1039700006AA013452181355013E202C01D0092EFD
:10398000F5D81E981F99FFF7E5FCA84BF2009B188D
:103990001A685B68050008920993FFF7C3FC0200F0
:1039A0000B001E981F99FFF72EFC089A099BFFF742
:1039B0004EFC06900791FFF7F1FC8146FFF7AEFC45
:1039C00002000B0006980799FFF71DFC0022984B98
:1039D00006900791FFF790FC002800D10DE101232C
:1039E0009C46E1444846FFF799FC02000B0008980A
:1039F0000999FFF771FC002802D000239946013590
:103A0000002E00D1D9E006954D46B94614E006AA2D
:103A1000944617230A216344280001341F19FFF735
:103A2000B7F93031397028000A21013EFFF7B0F9AB
:103A3000092D00D817E10500202CE8D14F46069D3E
:103A400020240CAE06AA17239446634499465B468D
:103A5000B34606930FE04B4628000A210134E618CE
:103A6000FFF76EF93031280031700A21FFF768F94D
:103A7000051E00D1E4E0202CEDD1069B5E469B465E
:103A80000323229A1340012B18D1219B002B15D020
:103A90000B9B002B00D1FDE0219B013B2193202BB0
:103AA0000CD93023219A07E0172006A90134091800
:103AB0000B55944200D3CCE0202CF5D1229B0194ED
:103AC0000393219B0096029322E0229B524604938B
:103AD000219B3900039358461E9B1F9C029600931E
:103AE0000194434600F04AF90400200015B0F0BCF0
:103AF000BB46B246A946A046F0BD229B5B070FD449
:103B000003224C4B22990192039121990093029137
:103B10004346524639005846FFF790FD0400E4E75B
:103B20000422454BEEE71E9A1F9B00200021FFF761
:103B30006AFB01231E901F910B9311E7229B5446B1
:103B40009B0711D1219B042B0ED9219B55469C46E6
:103B50005E46043C64442A00434601353900202077
:103B6000B047A542F7D1B346344D26002B1F9946E6
:103B70005B46A3461C003200E87843463900013D0D
:103B8000A04701364D45F6D123005C469B46229B5B
:103B900004349B07A9D55346219AE31A9A42A4D923
:103BA0005E4615002200434639002020B0475346A8
:103BB0000134E31A9D42F5D897E72800FFF7B2FBDE
:103BC00002000B001E981F99FFF71DFB0022184BE7
:103BD00006900791FFF77AFB0CAE002800D031E782
:103BE000069807990022124BFFF786FB002800D0A9
:103BF00028E7012301359D4324E700220698079911
:103C00000B4BFFF763FB002800D0F9E64B46002B77
:103C10005CD101239C46E144F2E6C046FFFFEFFF82
:103C2000FFFFEF7F65CDCD4165CDCDC1F0B5001073
:103C30000000E03FE8B10010E0B10010F0B100106A
:103C4000069B5E469B460323229A1340012B00D11C
:103C500081E0202C00D131E70B9B002B27D02D23B6
:103C6000335501342AE74F46069D202C00D1E7E664
:103C70003022331907E0172006A9013409180A5524
:103C8000202C00D1DCE6A342F5D12E220CAE01346B
:103C9000F254D7E60C23229A134257D0219B013BC2
:103CA0002193A34200D9FCE6202C00D106E7229BF9
:103CB0005B0703D52B2333550134FFE6229B1B07FB
:103CC00000D4FBE6202333550134F7E6DB0700D4AC
:103CD00096E69EE7229B55469B0711D1219B032B1D
:103CE0000ED9219B54469C465E46033D6544220006
:103CF0004346013439002020B047AC42F7D1B346E7
:103D0000B9465F461C4EEC1C2A00B0784346494633
:103D10000135B847013EAC42F6D1229BBB464F4627
:103D20009B0700D4E1E65346219AE31A9A4200D851
:103D3000DBE65E4615002200434639002020B047EE
:103D400053460134E31AAB42F5D3CEE6219BA3429E
:103D500000D9A6E6B2E6219B002B00D179E70B9BA8
:103D6000002B97D0219B013B21939C4200D298E6E7
:103D7000202C00D073E7A1E6ECB10010F0B5DE46D0
:103D800057464E464546E0B599B081468B46924629
:103D90009846229A239B10001900FFF7B2FA0028D8
:103DA00000D0CAE0229823990122824B5242FFF7A9
:103DB000A3FA002800D0C0E02298239901227E4B6C
:103DC0005242FFF783FA002800D0B6E022982399E8
:103DD00000220023FFF77AFA002800D0C9E1229BD5
:103DE000239C08930994089809998023269ADB005C
:103DF0001A400D928022269C1201144022000B943E
:103E0000269C07000E001C4200D0ADE00B000343CF
:103E100000D0D5E0002A00D00AE222000633249325
:103E2000022313400C930223134200D002E2259B8D
:103E3000042B00D20FE2043B0B93002304250A93CA
:103E40000022229823990023FFF740FA002800D08F
:103E500003E25A4B269A134004930B9B0393249B33
:103E60000293089B099C009301945946434652468D
:103E70004846FFF72FFD02002020269B1F27034006
:103E800059424B415B421840531C089359464346E4
:103E90004530C8470A9AD317D4185C40D30F0A9309
:103EA0006B1E0B9308AB9C460025674401E0202D58
:103EB0000FD020000A21FEF76BFF01357E1930314B
:103EC000317020000A21FEF763FF26000400092E4E
:103ED000EDD8052306930B9B5946059300230493C5
:103EE0000A3303930A9B4846029310AB0093089A47
:103EF00043460195FFF7F8FB0C9B002B2DD0534652
:103F0000C41A259BA34228D94D465F4681461E0010
:103F1000534639001A19202043460134A847A642C7
:103F2000F6D8534648462599C21A013200239142D9
:103F300000D386E1013018180FE0269B0493259BDF
:103F40000393249B0293229B239C0093019443465A
:103F5000524659464846FFF7BDFC19B0F0BCBB4677
:103F6000B246A946A046F0BD01432BD10B9B2200CF
:103F7000002B00D154E700230A93249B0A9A0024C3
:103F8000934200DD85E12298239900220023FFF768
:103F90009DF9002800D035E1269B084A02941A407A
:103FA0008023DB0013430493259B0393089B099C08
:103FB000CBE7C046FFFFEF7FFFFFEFFFFFF7FFFFFD
:103FC00006232493B44B70009C46400D6044FFF7D9
:103FD000A9F9B24AB24BFFF73AF9B24AB24BFFF72E
:103FE00017F93603B14B360B334304000D0038008C
:103FF00019000022AE4BFFF706F9AE4AAE4BFFF7B1
:1040000026F902000B0020002900FFF701F9FFF755
:10401000A1F90A90FFF786F9A84AA94B04000D0000
:10402000FFF715F90022A74BFFF7F2F8FFF792F917
:10403000A54A0600A54B20002900FFF708F9040057
:1040400030000D000C96FFF76DF9A14AA14BFFF768
:10405000FEF802000B0020002900FFF7D4F8020050
:104060000B0006000F00FFF7F2F8320004000D000D
:104070003B0030003900FFF7CBF800220E900F9183
:10408000954B20002900FFF7C8F80022934BFFF75B
:10409000BFF802000B0020002900FFF7BEF8002245
:1040A0008F4BFFF7B5F802000B0020002900FFF747
:1040B000B4F80D008021040032003B000020C90547
:1040C000FFF7A1F802000B0020002900FFF7A0F87D
:1040D00002000B000E980F99FFF79FF80022734B18
:1040E000FFF796F87F4B0C9C9C4664440022230506
:1040F000FFF7ADF806000F0002000B0008980999C1
:10410000FFF7E4F800280AD00A9B3000013B390091
:104110000A930022714BFFF780F806000F000A9AFD
:10412000330063323900C62A12D8022226980425A9
:1041300010400B9A0C90002A25D1259B042B05D901
:10414000002800D0A1E0259B043B0B93042541E00F
:104150000222269810400B9A0C90002A12D1259B1F
:10416000052B76D9002872D1259B0525053B0B939D
:1041700034E0802212069446229B0893239B6344DA
:10418000099330E605250B4300D1F6E60898099916
:10419000554A564BFFF7A8F8002808D00898099907
:1041A0000022534BFFF792F8002800D0E5E6249B4D
:1041B000002B1CD00D9B002B19D0249B013B24937A
:1041C000259BAB4204D90C9B002B5AD002230C93A5
:1041D00000230B930A9B002B00D131E60898099924
:1041E00032003B00FFF719F80890099128E6259B5B
:1041F000AB42EDD90C9B002B43D000230B93023331
:104200000C93E7E78020269B3A4A00061A40802359
:1042100084460294089C099D2900DB001343049303
:10422000259B6144220003930B00009201938EE6CC
:104230000524A8E600230B930A93023304250C936C
:10424000FEE553468C46013B63441B1A72E602238B
:104250000C930525C2E70423EDE58020089E099F05
:10426000000639008446269A224B61441340049389
:104270000B9B32000393249B02930B00009201934B
:10428000F3E5259B5B1B0B93A4E7022304250C930A
:10429000A0E79C1A013C76E601FCFFFFFB799F50EA
:1042A0001344D33FB3C8608B288AC63F0000F03F59
:1042B0000000F83F61436F63A787D23F71A379097C
:1042C0004F930A400000E03F1655B5BBB16B02406A
:1042D000EF39FAFE422EE63F00002C400000244059
:1042E00000001840FF0300002D431CEBE2361A3F8C
:1042F00080842E41FFF7FFFFF0B5DE4657464E465D
:104300004546E0B5A5B01E002E9B92460C93CD4AC3
:10431000CD4B80468B461A60002900D1EAE100238C
:1043200030789946002800D1ECE1C84B4C460B93FD
:10433000C74B454657460E930AE0631C9846220039
:104340003B005946A84744463078002800D187E012
:1043500001362528F1D108239A46043B9946023BB1
:104360009846013B00229C460D943078711C030056
:10437000203BDBB2102B03D80B9C9B00E3589F46DD
:104380000300303B89460D9C092B3AD900239846FF
:104390002A2800D1C1E000239A462E284BD00300E2
:1043A000683BDBB2122B1ED80E999B00CB589F4660
:1043B00063460E001A43D8E743460E001A43D4E77B
:1043C0004B460E001A43D0E710230E001A43CCE7E9
:1043D00053460E001A43C8E780235B001A43FF3B95
:1043E0009C467078E1444E4667284FD82428A4D9CB
:1043F0000300253BDBB2422B9FD896499B00CB584C
:104400009F46002394461E0000E00131B3009B1933
:104410005B001E180878303E0300303B092BF4D9AE
:104420000123624689469C460023B0469A460E0008
:10443000E1442E28B3D13021802049428C46C0006F
:10444000024370784B4684446146092900D86CE1E8
:104450002A2800D17AE101239C464E46E1449EE79A
:10446000A146A846BA46CA4503D801235B42534435
:10447000994653464A4659460020C047200025B079
:10448000F0BCBB46B246A946A046F0BD0300693B5E
:10449000DBB20D930F2B00D94FE7012199408C46D9
:1044A0006D49894661464B4619400F91634649461E
:1044B0000B4200D028E10D9B0A2B3AD0072B00D0ED
:1044C0003BE70C9B190008C98846002B00D14BE143
:1044D00021200243914614A98C461F220F216244D9
:1044E0008C4651460D950C91A24615000F9902E09D
:1044F00020290CD0130064461C4020003730092CC2
:1045000000D80738013168541A090F2BF0D80C9BDA
:1045100054460D9D9A460F9133E10C9B02CB884681
:10452000002947DB0C9301239C4670784E46E144FA
:1045300031E70C9B02CB14935346002B00D138E19A
:104540009C4608780B000C908C44002801D100F0A8
:1045500098FC89466146944603E05A780133002A64
:1045600001D08B42F9D1494662465B1A0C900F93F9
:10457000530500D520E10223180010400D9013428E
:1045800000D1CBE30D930B1BB1469A465E460C98C7
:1045900022003B003100A84753460134185D002833
:1045A000F6D1B3464E460D9B002B00D0C7E1149BBD
:1045B0000C93C9E60C9301239C46283849420243D8
:1045C000884670784E46E144E5E670786C2800D164
:1045D0007FE180235B001A43FF3B9C46E14402E7F6
:1045E00080239B001A4301239C467078E144FAE63D
:1045F0007078682800D173E180231A437F3B9C4682
:10460000E144F0E6672800D103E1472800D15AE1F0
:10461000452800D15AE10492072142460C9B03929F
:10462000073352468B43190002920CC928000092AE
:1046300001930C9122003B005946FFF79FFB0400B9
:1046400082E6C046F94200101041002050B400102C
:1046500094B40010E0B4001041900000462800D14E
:10466000DBE00492072142460C9B0392073352463B
:104670008B43190002920CC92800009201930C91FF
:1046800022003B005946FFF725F904005CE6631C55
:10469000984622003B0059462520A847444653E649
:1046A0000C9B04330D93631C9946920700D422E1BE
:1046B0000C9B2200187859463B00A84743464444C7
:1046C000012B00D885E23300B8462E005F46250056
:1046D0004C46994622004346013439002020B04719
:1046E000AC42F7D12C00BB46350047464E460D9BE9
:1046F0000C9329E6DB4B3078984600239946002836
:1047000000D012E60024AEE66F2800D188E000D881
:104710000BE31023782800D1CFE09A430A239C466C
:1047200000230F930A330D9380E05646B100891998
:10473000490001330E181878303E0100303909293C
:10474000F4D9B2461E000133994628E60C9B023686
:1047500002CB8A46C9435046C917084082460C938B
:104760003078731C99461AE61023100098431133D1
:104770001843814680201300C0000340024200D14C
:10478000A9E64B460693082305935346049310234A
:104790000393002302930F9B220001931CAB009311
:1047A00059463B002800FEF79FFF434604000C9348
:1047B000CAE501235B42C3E60F9B534501D953462B
:1047C0000F930223180010400D90134200D1B7E15F
:1047D0000D93D1460B1B9A463300A1442E002200B4
:1047E0004D460C98B9465F469B4608E04B4639005B
:1047F000541CB0475346185D002877D022009542DC
:10480000F4D15B46BB464F46A94635004C461E00D8
:10481000C9E680231B011A43FDE620231A4320E743
:1048200008239C4600230F9308330D938023110027
:10483000DB0019401A4200D116E10D239A43100003
:10484000802302009B001A401492184200D0C2E15B
:10485000802302005B001A4091460C9A04320F92AA
:10486000184200D0B7E2430600D59FE1030600D40A
:1048700019E30C9B1B880993002B00D0FCE110333B
:104880009843002900D1F7E1002399464346059358
:10489000534604930D9B069003930023D2E05828BF
:1048A00008D0622867D102239C4600230F9302336D
:1048B0000D93BBE720231A43103B9C4600230F9324
:1048C00010330D93B2E780231B011A4320231A43B0
:1048D000A1E6C0239B001A43F31C9946B07882E5F9
:1048E000C0231A43F31C9946B0787CE535005E4638
:1048F000BB464F4657E64346012B00D863E1631E93
:1049000043449A463300B9462E005F4655469B46BF
:10491000A24622004B46013439002020B047AC4269
:10492000F7D135005E46BB464F46A14654460C9B28
:104930004A46187859463B004444A847D7E6A14662
:104940000F9B984500D832E64444E41A3300B84639
:104950002E005F4625004C4699462200434601340E
:1049600039002020B047AC42F7D12C00BB463500BF
:1049700047464E461BE680231000DB0018401A42D3
:1049800000D10FE1112118008A430D920D9A802366
:1049900011009B0019408C461A4269D180231100F6
:1049A0005B00194089460C9904310F911A4200D0DE
:1049B000CAE113005B0600D5F0E013001B0600D42B
:1049C00059E20C9B00229B5ED9175A184A4092B2BA
:1049D000D90F0C91002B00D1F9E1100014AA9446D4
:1049E00042461F23149252466344A84616944D46ED
:1049F0000400B946B2461F00159201E0202D0FD0E9
:104A000020000A21FEF7C4F901357E1930313170DA
:104A100020000A21FEF7BCF926000400092EEDD87B
:104A2000149B4F46A94645469846159B56469A46BE
:104A3000169C0D9B069343460593534604930A2305
:104A400003930C9B02934B4601931CAB22000093F3
:104A500059463B002800FEF747FE0F9B04000C93CD
:104A600072E4C046393600100C239A431000E7E682
:104A700007220C9B07339343013294469C446246C1
:104A80000C920CCBD90F0F911100194300D191E07A
:104A9000D9171391129151401091139959401191C6
:104AA00010981199129A139B801A994110901191A4
:104AB00014AA0023944642469946149252461F3344
:104AC0006344A846B24616944E46109C119DB946C2
:104AD00015921F0001E0202E10D0200029000A228C
:104AE0000023FEF793F9013630322B00BA550D0042
:104AF00022000400002BEED1092AECD8149B10945C
:104B0000119545469846159B4F46B14656469A46DE
:104B1000169C0D9B069343460593534604930A2324
:104B200003930F9B02934B4601931CAB220000930F
:104B300059463B002800FEF7D7FD0400FFF704FCB0
:104B40000F9B984500D8C1E18023DB000D934346BD
:104B50000F9A1B199B1A994633002E004D46B946F1
:104B60005F469B460C9122004B46013439002020C1
:104B7000B047AC42F7D143460C9901330F930B7801
:104B800035000C935E46BB464F46002B00D10EE528
:104B90000D9B002B00D1F6E4002319E60C9B1B783B
:104BA0001A0015E710239A430D92EFE60C9B1B7831
:104BB000099361E6002399460028AAD10022002328
:104BC0001092119374E70C9B2200187859463B0011
:104BD000A8474C468BE50C9AFA3BFF3B07329A43B9
:104BE0000133994691444B460C93136852681592D1
:104BF0001A4306D11032904300220992002900D0B6
:104C000081E06122810600D54122D2B20A9214AA23
:104C100091460A9A00210A3A149242461792524645
:104C200018925A460991B3461F311E000F9B494402
:104C3000BA4619941A950024674698468946159DE8
:104C400016901B920AE03032D2B24B4601341A550C
:104C5000A8454AD0202C4AD006000D003A00002377
:104C600030002900FEF7D2F8D2B2092AEBD9149B02
:104C70009C466244D2B2E8E76123820600D5412314
:104C8000DBB20A3B0C93434614A91F228C461593B2
:104C900053466244A046B2464C461797A9461700B1
:104CA000099D0D9E1490169308E03033DBB2013459
:104CB0003B55B5420ED3202C0CD005003100280006
:104CC000FEF766F8CBB20929EFD90C9A94466344F3
:104CD000DBB2ECE7159B4D46A14644469846169B31
:104CE000564614989A46179FD0E5B742B2D9179BFB
:104CF00057469846189B5E469A461B9B09949B46CE
:104D00001698199C1A9D43460593534604930D9B90
:104D10000690039300230293099B05E70F9B984598
:104D200000D914E701330F932DE4102311009943A8
:104D30000D91692800D0BAE080231000DB001840F4
:104D40001A4200D122E61DE60C9B1B68DA0F110007
:104D5000002B00D18CE0DA179818504014AA914625
:104D600042461F23149252464B44A046A94616972A
:104D700004006546B2461F000C91159201E0202DFB
:104D80000FD020000A21FEF703F801357E193031DB
:104D9000317020000A21FDF7FBFF26000400092ED8
:104DA000EDD8149B444698460C9BAC461900159BC5
:104DB00056464D469A46169F0D9B029106934346D2
:104DC0000593534604930A23039363463CE6002865
:104DD00000D02EE602E60C9B1B689946002B03D1FF
:104DE00010339843002938D16123820600D541232E
:104DF000DBB20A3B0C9343461693534614A91F2279
:104E00008C4617932B006244A0464D46B246189735
:104E100099461700149C0D9E159008E03033DBB2C4
:104E200001343B55B5420ED3202C0CD00500310087
:104E30002800FDF7ADFFCBB20929EFD90C9A9446B3
:104E40006344DBB2ECE7169B149444469846179BE8
:104E500056464D469A461598189F43460593534625
:104E600004930D9B0690039300230293149BEBE5A0
:104E70000028A1D172E70C9B1B68D9175A184A4029
:104E8000A6E580231000DB0018409C460F901A42D4
:104E90000FD00220030013400F93104219D00023BB
:104EA000A1460F934CE50C9B1B680993E4E40A00B0
:104EB00034E40223180010400D90134200D03EE568
:104EC0004346002B00D042E6FFF771FB01330F93FE
:104ED0007FE463460D93F3E710B50C0084B00394B0
:104EE000012402A902900093034813006242FFF7D5
:104EF00003FA04B010BDC046C538001010B5094A09
:104F00000300146884B0002C08D0012200910648E8
:104F1000524203A9A047012004B010BD00F0B4F92B
:104F20000020F9E710410020B538001000BEFDE771
:104F3000094A03001068002805D00849C3188B42AD
:104F400007D81360704706480449C31810608B42A5
:104F5000F7D901204042F5E7FC4000200000042082
:104F60007442002010B5FFF7E1FFC04670B5FDF7B1
:104F70000FFE074D074EB54209D20024013E761BB5
:104F8000B60808CD984723000134B342F9D170BD6B
:104F900094B000109CB00010030010B50800110080
:104FA0001B68984710BDC046F0B5C64600B5437DA6
:104FB00007000C001600002B46D0002A17DD0B78E6
:104FC0000A2B24D000239846012E13D00125290056
:104FD000635C01350A2B26D0B542F8D1464509DC81
:104FE000A419013C23780D3B5A4253413B7580BCC8
:104FF000B846F0BD4346E018A419F11A013C3B68DD
:10500000984723780D3B5A4253413B75EFE7037DA8
:10501000002BD7D102210F483B689847012EDFD0E3
:1050200001239846D2E7631E5B5C0D2BD4D08845E4
:1050300004DA4346C91AE0183B689847022105483C
:105040003B68A8469847C7E70368110020009847C7
:10505000CDE7C04640B60010F0B5C6460B68060066
:105060000C0000B5802B06D05A1C2260E418267173
:1050700080BCB846F0BD0F4B1D68002D16D00B1D2F
:1050800098460D4F02E02D69002D0FD02B68002BA4
:10509000F9D03B68002B01D0AB42F4D12800414647
:1050A0002268FFF781FF2D69002DEFD10122002337
:1050B000DBE7C046F03E0020F8400020F0B5454652
:1050C000DE464E465746E0B583B091461C0080460A
:1050D0000D00FDF781FA0023304A12184B41002BD6
:1050E00002DA01222E4B52422E4908008A4605F070
:1050F000A3FF07006B1C03D1404605F0F3FD05003C
:10510000002C27D0284E294B1C68002C18D04B4669
:10511000002B21D1264B994602E02469002C0FD0A8
:105120002368002BF9D04B461B68002B01D09C4212
:10513000F3D120002A004146B0472469002CEFD16A
:10514000002F26D1280003B0F0BCBB46B246A946CA
:10515000A046F0BD174ED6E7154B99460A239B464D
:1051600002E02469002CEBD02368002BF9D04B46D9
:105170001B68002B01D0A342F3D12A004146200036
:10518000B0476B465A462000DA71D91D0122B0475C
:10519000E7E7504605F030FFD4E7C04640420F0035
:1051A000FFFFFF7F000F0020A94F0010F03E0020FE
:1051B000F8400020994F00100A4A1368002B05D1CF
:1051C0000CE01A001B691032002B07D08342F8D183
:1051D000002902D118691060196170470029FCD0BC
:1051E0001060FAE7F03E002010B500F0ABF90120A6
:1051F00010BDC046F0B5CE46474680B583B06B467D
:105200000600DD1D2870FDF7E7F90023194A121882
:105210004B41002B02DA0122174B5242174908007A
:10522000884605F009FF164B81461C68002C14D0F7
:10523000144F02E02469002C0FD02368002BF9D012
:105240003B68002B01D09C42F4D1200001222900B0
:10525000FFF7AAFE2469002CEFD14B46002B05D1A5
:10526000300003B0C0BCB946B046F0BD404605F0C2
:10527000C3FEF5E740420F00FFFFFF7F000F002055
:10528000F03E0020F840002070B5040005F02AFD33
:1052900001230100050001222000FFF70FFF084B4A
:1052A0001C68002C06D06368002B05D09847246941
:1052B000002CF8D1280070BD2469002CF3D1F9E747
:1052C000F03E0020F0B5CE46474680B5A3B00400BE
:1052D0000D00FDF781F90023274A12184B41002BDE
:1052E00002DA0122254B5242254E300005F0A4FE81
:1052F00000232200019307002B00224801A9FFF799
:10530000EBFD214B804699461C68019B002B1AD06F
:10531000002C2FD01D4D02E02469002C0FD02368F3
:10532000002BF9D02B68002B01D0A342F4D1200030
:10533000019A02A9FFF738FE2469002CEFD14B46F1
:105340001C6800230193002C06D06368002B0BD04F
:1053500098472469002CF8D1002F07D1404623B08C
:10536000C0BCB946B046F0BD2469ECE7300005F09A
:1053700043FEF3E70194EFE740420F00FFFFFF7F9A
:10538000000F002059500010F03E0020F84000208F
:105390000FB400B583B004A901C90191FFF792FFD2
:1053A00003B008BC04B01847F0B5002915DD0E4B5A
:1053B0000D271A680D4B0E4CD3185D426B414518F2
:1053C00020215B001E5F0478A64207D09369194232
:1053D000FCD101301460A842F5D1F0BD93691942A7
:1053E000FCD11760F2E7C046584200200080FCBFA5
:1053F00050420020204B70B504000D1E1E682ADDAF
:10540000002010211D4B013C1A689369194214D1E8
:10541000013093691942FCD1136823548542F4D1B9
:10542000002E08D050239363516B183B0B40144956
:105430008C4662441360280070BD002E08D05023B3
:105440009363516B183B0B400D498C4662441360CB
:105450000028F1D10CE0002E0AD05022074B1B6827
:105460009A63596B183A0A4005498C4663441A609E
:1054700003204042E0E7C046B43E002058420020EE
:1054800034100000064B10B51B68002B06D000211D
:10549000044A12689163044A1068984710BDC046D8
:1054A000B43E002058420020B83E00200822034BA2
:1054B00019688B691A42FCD17047C04658420020D7
:1054C000F8B51A4F1A4B3A680500D31858424341B1
:1054D000184E14331C003368002D02D0002B0FD05F
:1054E000F8BD002BFCD0002120009563FCF700FAEA
:1054F00020001149FCF732FB104B35601D60EFE7CF
:105500000E4B200019600C493560FCF703FA0121AD
:105510002000FCF7EDF950223B689A63596B183A6A
:105520000A4007498C4663441A60D9E75842002074
:105530000080FCBFB43E002085540010B83E00201F
:10554000341000000D4B10B51B780D4B0D4C1B7823
:105550000D4B02211B780D4B00202360FCF7DCF87B
:1055600002210120FCF7D8F8E12120680903FDF7AA
:1055700081F801210648FFF71FFE10BD04B7001097
:1055800000B7001058420020FCB600100040034055
:105590006009002070B50C4E0D001C003060002A20
:1055A00003DB02211000FCF7B7F8002C03DB02211B
:1055B0002000FCF7B1F829003068FDF75BF8012105
:1055C0000248FFF7F9FD70BD584200206009002035
:1055D00010B50A4B0A4AC418240DA40082B00092E8
:1055E00008482200E31CFCF701F9844202DC001B9E
:1055F00002B010BD01204042FAE7C0460000E0AF13
:1056000024B20010C43E0020F0B557464546DE46A1
:105610004E468846E0B583B006000525FCF7AEF897
:10562000434684465D571879334B344AF3181B0DB3
:105630009B009246D758012220248240241A013A26
:10564000002D41DBA54232DC1100A9400F422ED1D2
:1056500041460968894641468979002945D12C008F
:10566000AA40934659463A40394241D180218901A6
:105670008846002816D06146A44634004E46994616
:10568000030001915100705A404500D24019A918F9
:1056900012318900013208519A42F3D3019B6446CA
:1056A0009C464B465A4617435246D75001E00124C8
:1056B00064426046FCF76EF8200003B0F0BCBB46C5
:1056C000B246A946A046F0BD002C02DA10E0013C2B
:1056D0000ED31100A14025000F42F8D141460968C0
:1056E0008946414689790029BAD014246442E0E70A
:1056F00009246442DDE7C0460000E0AFA03B002083
:10570000F0B54E464546DE465746E0B583B089467D
:105710000CA984460D781F2A45D849464900884679
:105720004944C900461837003400DC373868CC34A7
:1057300083462068310001901C4880248246A402E0
:1057400051440C6069424D411E216D428D43184900
:105750008A465544052B0CD9A0201F214005D83678
:10576000540104430532053B3C600A403560052B7B
:10577000F6D852019B06134342464A44D200624483
:105780001000DC3213600300D8331D605B461360E9
:10579000019BCC300360002003B0F0BCBB46B24696
:1057A000A946A046F0BD05204042F5E7CC300000F8
:1057B0009FE00000F0B501258D400468AC43046013
:1057C000002B2ED04D006C18E400041926001F6831
:1057D000C83637609F68043677605F68DB68DC3402
:1057E000376023606B18184DDB00AC468025C41869
:1057F00064442D0625602560144C0D1D8C4084608A
:1058000001242600AE40802508318C401F21AD01C7
:105810004519C0180A40D8302E602C600260002064
:10582000F0BD4D006C18E400041926008027C8362E
:105830007F023760C0273F03B760F82704367F0236
:10584000DC3437602360CDE7D01000000101010196
:1058500010B5FAF795FE10BDF0B5982357464546AA
:10586000DE464E46DE4AE0B5D758973B1D009DB058
:105870003D403B4200D1F3E0136D9B059B0F00D0F0
:1058800041E1802219A8520001210280838005F0A5
:10589000DBFBC0224D21D34B92001A6502910439E3
:1058A0000191403988460C31099140310891043901
:1058B000079134390691403105910439052304914B
:1058C00040398B4608390391C74999461791C74912
:1058D00045220A91C6490D260B91C649C64C109126
:1058E000C6493C330F91C6490E91C6490D91C64930
:1058F0000C91C6491691C6491491C6491591C649DD
:105900001391C6491291C6491191C6498A46790533
:1059100000D4E3E08022B34BC34892051A65437F6D
:1059200019AD99468378C68A984600F09BFF0822F5
:1059300000212800FDF774FE4A460223AA70424661
:105940006B702A716B71012128001B9605F07CFB9E
:105950000F99179B02910E99994601910D99250077
:1059600088460C990A9A099116990B9B08911499EB
:10597000109E07911599069113990591129904911A
:1059800011998B4651460391F90600D4A9E0944B36
:105990009D6D01232B4200D05EE101239A46914B7D
:1059A000B846032499462F00A04E03E00234203667
:1059B000212C19D0002F00D10FE15546631E9D40C8
:1059C0003D4200D0E3E05546A5403D42EED04B4677
:1059D00030009D6501F050F8002800D0BAE0AF43D8
:1059E00002342036212CE5D13D1E474600D066E129
:1059F00008240599099B029104999946D846089A6A
:105A0000079B069E039D01913C426DD1790605D509
:105A1000802091461D0073490005086520231A0067
:105A20003A403B4200D043E17B070FD56C4B9B6C67
:105A30007F4B002B09D0C02319A89B0003807D4B0E
:105A400001214360826005F0FFFA4D46BD4200D05F
:105A500029E11DB0F0BCBB46B246A946A046F0BD48
:105A60004C21029104390423802401914039884655
:105A70000C3109914031089104390791343906916C
:105A8000403105910439049140398B46083903911E
:105A9000694999461791694944220A9104390B9141
:105AA00067490C26109167493C330F9104390E91D8
:105AB00040390D916449E4000C9164491691043910
:105AC0001491634915916349139104391291403936
:105AD000119108398A46790500D51BE7F90600D5EA
:105AE00055E708243C4291D080223E4BD2021A65F1
:105AF00002223B4B9146DB6C1A420DD1B146454622
:105B0000029A019B82E7002318AA01219380138146
:105B100019A805F099FABCE6434819AD437FC48241
:105B20009B4683789A4600F09DFE082200212800BB
:105B3000FDF776FD4B466B705B46AB705346280015
:105B40002B7101211B94B14605F07EFA4546029A5D
:105B5000019B5BE7737FB278F18A30000193029278
:105B60000A9100F07FFE0822002119A8FDF758FDD8
:105B7000022318A843710A99019B029A8371027249
:105B80001B9119A8012105F05FFAAF4328E74B46A6
:105B900030009D6500F070FF002801D1AF4312E78F
:105BA000737FB278F18A3000019302920A9100F07B
:105BB00059FE0822002119A8FDF732FD022318A87A
:105BC00043710A99019B029A837102721B9119A871
:105BD000012105F039FAAF43F5E6474608E7C0462C
:105BE0000000115000301150050400004504000071
:105BF000410400000D040000010400004D040000F9
:105C000049040000090400001504000055040000C8
:105C1000510400001D0400005D0400005904000050
:105C20001904000011040000F43E0020143F00207D
:105C300081050010515800100404000044040000C5
:105C40000C0400004C040000140400005404000084
:105C50001C0400005C0400001B4C626820001268F9
:105C60001A4A936500F008FF002802D101239D43E2
:105C700093E6A378667F9846E38A200019AC99469C
:105C800000F0F0FD082200212000FDF7C9FC0223EE
:105C90006370434623714B46A670012120001B937D
:105CA00005F0D2F9E2E7290009487940FBF74EFDFB
:105CB0008022064B120607481A65FBF747FD2900AC
:105CC0000548FBF743FDC046F43E0020003011506C
:105CD00074B2001060B2001048B2001070B500F04D
:105CE000A1FD0C230D4C0E4DA36729000520FBF7E9
:105CF00035FF2900FF220520FBF736FE8022002118
:105D000092000848FDF78CFC03232364064B074AE6
:105D1000E36490230120E25070BDC04600001150A2
:105D200059580010F43E0020008600207F04000037
:105D30007047C0467047C046044B186DC0239B0097
:105D40001840431E9841C0B27047C0460000115031
:105D5000064B10B5186D8005800F012802D002286F
:105D600001D1002010BD0248FBF7F0FC00001150EB
:105D700088B2001070B50D1E50D03D23DB4CE35CA3
:105D80008B4200D10EE25D23E35CAB4200D1EDE13A
:105D90007D23E35CAB4200D1CCE19D23E35CAB42CD
:105DA00000D1A9E1BD23E35CAB4200D17FE1DD235B
:105DB000E35CAB4200D15CE1FD23E35CAB4200D18C
:105DC00039E11E23FF33E35CAB4200D112E13E23F5
:105DD000FF33E35CAB4200D1EAE05E23FF33E35CD8
:105DE000AB4200D1C2E07E23FF33E35CAB4200D183
:105DF0009AE09E23FF33E35CAB4200D172E0BE2306
:105E0000FF33E35CAB424CD0DE23FF33E35CAB42B9
:105E100026D0FE23FF33E35CAB4200D070BDF023FD
:105E20005B00E25C002AF9D0FF2201215200A25C53
:105E3000501C8140AE4892004165AE4920008C461E
:105E4000002162445160E1540433E358E1301960A9
:105E5000F4235B00E358FF30196000F003FDDDE739
:105E6000E0235B00E25C002AD3D0EF220121520044
:105E7000A25C501C81409E48920041659D492000D3
:105E80008C46002162445160E1540433E358C13030
:105E90001960E4235B00E358FF30196000F0E2FC76
:105EA000B7E7D0235B00E25C002AADD0DF220121FE
:105EB0005200A25C501C81408D48920041658D4982
:105EC00020008C46002162445160E1540433E358C1
:105ED000A1301960D4235B00E358FF30196000F053
:105EE000C1FC91E7C0235B00E25C002A00D186E799
:105EF000CF2201215200A25C501C81407C489200BC
:105F000041657C4920008C46002162445160E15487
:105F10000433E35881301960C4235B00E358FF3039
:105F2000196000F09FFC6AE7B0235B00E25C002A86
:105F300000D15EE7BF2201215200A25C501C8140CB
:105F40006B48920041656B4920008C4600216244F9
:105F50005160E1540433E35861301960B4235B00AD
:105F6000E358FF30196000F07DFC42E7A0235B009E
:105F7000E25C002A00D136E7AF2201215200A25C88
:105F8000501C81405A48920041655A4920008C4675
:105F9000002162445160E1540433E35841301960F8
:105FA000A4235B00E358FF30196000F05BFC1AE7A4
:105FB00090235B00E25C002A00D10EE79F220121C2
:105FC0005200A25C501C81404948920041654949F9
:105FD00020008C46002162445160E1540433E358B0
:105FE0002130196094235B00E358FF30196000F002
:105FF00039FCF2E680235B00E25C002A00D1E6E691
:106000008F2201215200A25C501C8140384892002E
:1060100041653849601C8C46002162445160E1545E
:106020000433E358FF30196084235B00E3581960A0
:1060300000F018FCCBE6E023E25C002A00D1C0E6C9
:10604000FE220121A25C501C81402948920041653A
:10605000284920008C46002162445160E1540433F9
:10606000E358E0301960E823E358196000F0FAFBC8
:10607000A7E6C023E25C002A00D19DE6DE220121D2
:10608000A25C501C81401A489200416519492000C9
:106090008C46002162445160E1540433E358C0301F
:1060A0001960C823E358196000F0DCFB84E6A023E4
:1060B000E25C002A00D17AE6BE220121A25C501CDB
:1060C00081400B48920041650A4920008C4600211E
:1060D00062445160E1540433E358A0301960A823AE
:1060E000E358196000F0BEFB61E6C046F43E0020B4
:1060F00000301150000011508023E25C002A00D1D2
:1061000050E69E220121A25C501C8140334892003F
:106110004165334920008C46002162445160E154BE
:106120000433E358803019608823E358196000F085
:1061300099FB37E66023E25C002A00D12DE67E223F
:106140000121A25C501C81402448920041652449F1
:1061500020008C46002162445160E154636E60303F
:106160001960A36E196000F07DFB16E64023E25C27
:10617000002A00D10CE65E220121A25C501C814065
:10618000164892004165164920008C460021624461
:106190005160E154636C40301960A36C196000F0E9
:1061A00061FBF5E52023E25C002A00D1EBE53E220D
:1061B0000121A25C501C81400848920041650849B9
:1061C00020008C46002162445160E154636A203013
:1061D0001960A36A196000F045FBD4E50030115046
:1061E0000000115010B501210520FBF781FB10BD07
:1061F000F0B557464546DE464E46E0B5D378080032
:106200009B07990F88460F0083B0002B00D1D1E087
:1062100020218D4B595C002900D1E6E04021595CDA
:10622000002900D1E8E06021595C002900D1E5E0B7
:106230008021595C002900D1E2E0A021595C0029AD
:1062400000D1DFE0C021595C002900D1DCE0E02171
:10625000595C002900D1D9E080214900595C00290E
:1062600000D1D5E090214900595C002900D1D1E04E
:10627000A0214900595C002900D1CDE0B02149009E
:10628000595C002900D1C9E0C0214900595C0029AE
:1062900000D1C5E0D0214900595C002900D1C1E0FE
:1062A000E0214900595C002900D1BDE0F0246400E0
:1062B000195D002900D1B9E0FF214900595C634E06
:1062C000CD001C19AE19A660614E8901B446614E1D
:1062D0006544B446604E61444E406560E160B4463A
:1062E0009679AB46002E14D05C490978CDB20029CE
:1062F00000D074E0012E0CD0032E00DC9EE0072EAF
:1063000000DC9FE00F2E00DC9AE01F2E00DC93E003
:106310002026917815795279BF0612022A437F25EB
:106320005205520D0D4022834246A946E276CD0920
:106330006246AA4665704D461743A022A170694285
:10634000694112066077E1703A43002E49D15946FF
:106350000A60012222709C4224D04B461D04534601
:106360000543002B02D180239B041D433C4B1E6D33
:10637000B605B60F012E02D0022E5AD1002600F02B
:1063800017FEB04202D08023DB041D433449A37FB3
:106390008C469A0062445560012201339A401300F2
:1063A000304A5365012003B0F0BCBB46B246A94653
:1063B000A046F0BD244B2C492C4D99602C495D60C2
:1063C000D960C02196794900AB468C461C00002E4E
:1063D0009FD022490978CDB2002900D18AE72E004A
:1063E00097E7013E36043243B1E70124611E6401A0
:1063F000C9B21D19A97762E70224F7E70324F5E77C
:106400000424F3E70524F1E70624EFE70724EDE78A
:106410000824EBE70924E9E70A24E7E70B24E5E78A
:106420000C24E3E70D24E1E70E24DFE7D23CFF3C38
:10643000DCE71048FBF78AF910266AE7022668E7CE
:10644000082666E7042664E7F43E00208800105022
:106450000800105000021050000010506F42002041
:106460000000115000201150800010500001105009
:106470008001105088B20010F0B5C64600B51F006C
:106480006B461B8B0D0016009846530600D19BE00F
:106490002023AB4CE35C002B04D03D23E35C8B4218
:1064A00000D1D1E04023E35C002B04D05D23E35C0A
:1064B000AB4200D1CFE06023E35C002B04D07D230E
:1064C000E35CAB4200D1CDE08023E35C002B04D041
:1064D0009D23E35CAB4200D1D2E0A023E35C002B20
:1064E00004D0BD23E35CAB4200D1D0E0C023E35C29
:1064F000002B04D0DD23E35CAB4200D1CEE0E023EF
:10650000E35C002B04D0FD23E35CAB4200D1CCE084
:1065100080235B00E35C002B05D01E23FF33E35C8C
:10652000AB4200D1C8E090235B00E35C002B05D0B8
:106530003E23FF33E35CAB4200D1C5E0A0235B0008
:10654000E35C002B05D05E23FF33E35CAB4200D15C
:10655000C2E0B0235B00E35C002B05D07E23FF3359
:10656000E35CAB4200D1BFE0C0235B00E35C002BE7
:1065700005D09E23FF33E35CAB4200D1BCE0D023C7
:106580005B00E35C002B05D0BE23FF33E35CAB4232
:1065900000D1B9E0E0235B00E35C002B05D0DE23F3
:1065A000FF33E35CAB4200D1B6E0F0235B00E05C7C
:1065B000002806D0FE23FF33E35C0020AB4200D16D
:1065C000B2E080BCB846F0BD0800D40900F004FD7C
:1065D0005B4B5C4AD97E1883D868890642400A43DF
:1065E000A0219E70012609060A4359685C70DE707E
:1065F0005D7718000A60424639001E7000F032FADA
:10660000514A524B94461D601B6D0236013CB44307
:106610001B0A64441E40012E03D0022E00D08BE0E2
:106620000026280000F0C4FC831B5A1E93419B01E6
:106630002343012219009143444AD1640C210339B8
:10664000FDD20120D364BCE72223E35C934200D057
:1066500028E701230CE04223E35CB34200D02AE7A1
:10666000022305E06223E35CB34200D02CE703235E
:106670005B01E0184246390000F0F4F90120A0E780
:106680008223E35CB34200D027E70423F0E7A22390
:10669000E35CB34200D029E70523E9E7C223E35CCA
:1066A000B34200D02BE70623E2E7E223E35CB342E8
:1066B00000D02DE70723DBE781235B00E35CB342D7
:1066C00000D030E70823D3E791235B00E35CB342BB
:1066D00000D033E70923CBE7A1235B00E35CB3429F
:1066E00000D036E70A23C3E7B1235B00E35CB34283
:1066F00000D039E70B23BBE7C1235B00E35CB34267
:1067000000D03CE70C23B3E7D1235B00E35CB3424A
:1067100000D03FE70D23ABE7E1235B00E35CB3422E
:1067200000D042E70E23A3E7F1235B00E35CB34212
:1067300000D046E70F239BE70548FBF707F8C04664
:10674000F43E002000001050098600200000115087
:1067500088B200100020704770B5274D1378274C81
:106760002B70537808006B7093780E00AB70D37861
:10677000EB7013792B7153796B719379AB71D3797A
:10678000EB711F4BA3601F4B63601F4BE36000F076
:1067900023FC00236370E376E36880225D40A0233E
:1067A000520062801B0662682B4366772083136069
:1067B000012308222370A376144BA2821E601C6D55
:1067C000A405A40F012C02D0022C12D10024300009
:1067D00000F0EEFBA04209D00D4A0E490B4BDA64E3
:1067E0000C22033AFDD20120D96470BD0A4A0B493C
:1067F000F4E70B48FAF7AAFF00001050F43E00201F
:106800008000105000011050800110500000115005
:106810004286002043860020028600200386002056
:1068200088B2001080220A4B520410B51A60094B3E
:1068300009491A6010000B689843FBD1802200219F
:1068400052010648FCF7ECFE0922054B5A6710BDC1
:1068500000E0004000F0004008C000400000105080
:106860000000115000238376436103617047C046E6
:10687000F8B5CE46474680B54368028B1D68838ACB
:10688000161C9A4200D91E1CC278802117007C1E5B
:10689000A741B6B2C90031437F030F4301214A40EB
:1068A0009B1BC27042789BB28382002A32D1741E35
:1068B000A046C1680269002E27D0062C00D8B4E09B
:1068C0000B0013439B0700D0AFE0531CCB1A022BE5
:1068D00000D8AAE0B3089B009C460023D458CC50B3
:1068E00004336345FAD14446C918E41AD218B342B6
:1068F00009D013780B70002C05D053784B70012C05
:1069000001D093788B700269838A92190261802288
:1069100012021743002B02D18022D201174380229A
:106920004B4952010C6C3A438178A4071DD54906A6
:106930001DD0484B1D4080239B051D4343681D60AF
:1069400083681968490500D57DE043491140196005
:106950003F49096C890703D40C23033BFDD28368AC
:106960001A60C0BCB946B046F8BDC909E1D0002BD9
:10697000DFD0018B0C1C994200D91C1C8026A1B2CF
:10698000C478F6000E435B1A8C4621004F1EB941B5
:106990004903314301267440C47044789BB283821A
:1069A000002C35D101277F426744B9466746C66847
:1069B00004694036002F26D04B46062B3CD9631C79
:1069C000F31A022B38D9230033439B0734D1BB0879
:1069D0009B0098460023E758F75004339845FAD1B6
:1069E0004B4647464644DB1B4444E04509D02778E4
:1069F0003770002B05D067787770012B01D0A37812
:106A0000B3700469838A64440461802424022143AE
:106A1000002B02D18023DB011943104B09042B40CA
:106A2000A025ED050A431D4388E70023D45CCC5420
:106A300001339E42FAD166E70023E75CF754013345
:106A40009C45FAD1DDE781780548FAF77FFEC0461C
:106A500000001150FFFFFFAFFFFBFFFFFFFFFFDF55
:106A600098B20010002310B5C3820133828283766E
:106A70000161FFF7FDFE10BDF8B5CE46474680B573
:106A80000200807E002800D1AAE093681968196886
:106A9000537889058F0D002B3FD07B1E9C461469CF
:106AA000D568002F22D0062B56D923002B439B07F5
:106AB00052D16B1CE31A022B4ED90023090E890018
:106AC000EE58E65004338B42FAD16146E418C91AF5
:106AD000ED189F4209D02B782370002905D06B78E0
:106AE0006370012901D0AB78A3701469D38A118B2C
:106AF000FB18E4199BB21461D38254688F4214D3FB
:106B00002468640001D58F4216D0938A002B0FD0E1
:106B10001000FFF7ADFE00200AE0D38A118BFB18AE
:106B20009BB25468D3828F42EAD2002393822368B7
:106B3000C0BCB946B046F8BD946856782468240CA9
:106B4000A405A146A50D002E0DD15B19D3828D425F
:106B5000DBD200239382EBE70023E95CE1540133AD
:106B60009F42FAD1C1E7D7686C1EB846A4461669A1
:106B70004037002D28D0062C2BD943464133F31A39
:106B8000022B26D93B0033439B0722D14B46190EDB
:106B900000238900FC58F45004338B42FAD19D4203
:106BA0000FD06146FC5CC91AF61888463470F91893
:106BB0009C4506D04B7873704346012B01D08B78EF
:106BC000B370D38A1669118BEB187619D3821661CC
:106BD000BDE700217B5C735401318D42FAD1F0E7AF
:106BE00091780148FAF7B2FDB8B20010C278436953
:106BF0001A707047F0B5DE46574645464E46E0B53A
:106C00004C4B87B09A464C4B804602934B4B0191BC
:106C10009B46002304934A4B55469946494B00270F
:106C200000240593039203E001375635112C44D01C
:106C30002B780134E4B24345F6D156237B435344C9
:106C40001B79DB07F0D5019A002A02D06B789342BA
:106C5000EAD1039A002A02D0AB789342E4D1112CF6
:106C60005ED0394B002B02D0200000E000BF4B4625
:106C700049465846A946BB461A7800260023070015
:106C80000D0010E0F1003B68891B89005B18002BA8
:106C900003D020009B6998472A780136F6B2511C30
:106CA0003300B14210DBB242ECD89A1AD3009B1ADF
:106CB000029A9B0094466344EBE7049B0022002B5E
:106CC00031D011230193A4E73B002A004D46210057
:106CD000404691465F469B46FFF74CF856220021FE
:106CE0002800FCF79DFC28000822FF210D30FCF74E
:106CF00097FC28002022FF211530FCF791FC059B12
:106D00001B7DA34290D10121104E4942306804F00E
:106D10008BF90022059B30685A7504F06DF983E702
:106D200001230493A3E707B0F0BCBB46B246A946D3
:106D3000A046F0BD1835002094B600102C25002088
:106D40006A4200203025002000000000D03A0020D8
:106D5000F0B557464546DE464E46E0B504000138DC
:106D6000C7B20D008DB0102F00D9A0E056214143CD
:106D70007C4BCE5C002D26D17B4D6B7DD9B2022B96
:106D80004DD0032965D0012916D1EB88002B46D0C0
:106D9000764F0239386804F047F9022338686B757A
:106DA00004F02AF980212A78AB680A40E98830008B
:106DB00000912100FFF760FB0DB0F0BCBB46B2466E
:106DC000A946A046F0BD684F04AB3A00984603CAF6
:106DD00003C31E0002AB9C46112002226044002126
:106DE000FCF71EFC3470F570FB8A0121736043468A
:106DF000B360BB685D4CF360FB68494233613B693B
:106E00002068736104F010F9002320687B7504F09A
:106E1000F3F83369002BCFD030009847CCE701213D
:106E2000524F92B249423868EA8204F0FDF80323D7
:106E300038686B7504F0E0F801232A782100D20944
:106E40005A400023D2013000D2B20093FFF714FB66
:106E5000B2E76B78092B2DD0444B9A4604AF3B0028
:106E60002A0003CA03C31E0002AB9C461120022263
:106E700060440021FCF7D4FB34700024F470EB8AEA
:106E800001217360AB684942F360EB68B76033611E
:106E90002B6973615346186804F0C6F853461868A6
:106EA0006C7504F0A9F83369002BB5D184E7304B39
:106EB0001E785FE72B78002BCED1102FCCD856222E
:106EC00013002849634389461E3B4B449846274B91
:106ED000A1469A462B23434301279B460E00444676
:106EE000424303950292FBB298465B46DD19183582
:106EF0006D0075196B79DB0710D5029B4246494638
:106F0000F05CFFF727FC002808D001226B79601E97
:106F100093436B715346196802F0C0FD5B46DD195F
:106F20006D00751931356B79DB0713D58022434627
:106F300013431A00029B4946F05CFFF70BFC002844
:106F400008D001226B79200093436B715346196876
:106F500002F0A4FD01370234102FC4D14C46039D2A
:106F60007CE7C0461835002030250020D03A0020AC
:106F7000482500207047C0460023013810B5138013
:106F80000B80C3B2102B0FD856246043074B1B183D
:106F90001C79A407E00F002C05DADC88002C03D054
:106FA0000C801B89138010BD0020FCE718350020E1
:106FB0000138C3B2102B05D856224243044B9B180C
:106FC000D8787047034BD8780007000FF9E7C04620
:106FD00018350020482500200138C3B2102B05D8F1
:106FE00056224243024B9B18587970470820FCE711
:106FF000183500200138C3B210B5102B09D856241B
:107000006043054B181843780B7083780120137088
:1070100010BD0020FCE7C04618350020F8B5CE466C
:10702000474680B53A4E0500337898420ED0FF2B84
:107030000ED028003570FEF751FE002803D1C0BCE9
:10704000B946B046F8BD2800FFF7CCF80120F6E7B6
:10705000304C2000143CFAF703FF200002F0DCFF64
:107060002D4B1C602D4C2000FAF7ECFE2C4B2D4FC5
:107070001C602D4B002B04D03800F9F78BFE2B4BF6
:10708000186000222A4B2B4C1A6000212A4A20004B
:10709000FCF7C6FA182200212848FCF7C1FA264B53
:1070A0009846A044562200212000FCF7B9FA20009F
:1070B0000822FF210D30FCF7B3FA20002022FF2127
:1070C00015305634FCF7ACFAA045EBD11C4900242E
:1070D00089461649002388463A7810E04346E10085
:1070E0001B68091B89005B18002B02D05B6898475E
:1070F0003A780134E4B2511C2300A14299DBA24248
:10710000ECD89A1AD3009B1A9B004B44EEE7C0467A
:10711000940900208C090020DC3A0020D43A002099
:10712000D03A00206A420020950D00102C25002046
:107130004825002018350020B60500003025002025
:1071400094B60010F0B5CE46474680B543780400AB
:1071500083B0002B14D18368002B11D00578002D4B
:1071600015D0691ECBB2102B06D856224A433E4B8F
:107170009B181B79DB0703D53C4E737D002B0ED08B
:107180000025280003B0C0BCB946B046F0BD384B5E
:10719000DB78DB06F4D5354E737D002BF0D1012171
:1071A000344F4942386803F03FFF737D3F68DAB2DD
:1071B000002B03D0380003F01FFFE1E701233575F2
:1071C0007375A168F28230000822FCF72FFAE36899
:1071D0003800B3602369F3606369336103F00CFF27
:1071E000691ECBB2102B3BD856224A431E4BD05CB3
:1071F0002369002B05D029003200FFF7ADFA050006
:10720000BFE76B46DF1D04233B701B4B2900320098
:107210003761F360FFF7A0FA051EB1D0174B98460F
:10722000174B99463B78042B10D143461B78FF2B14
:10723000F8D04B46186802F017FD0028F2D14346FB
:107240001B78FF2BEED000F01DF8EBE76369002BF5
:1072500001D03A781A703B78E370F38A636090E764
:10726000034B1878C4E7C0461835002030250020AD
:1072700048250020D03A0020ED6B00109409002032
:10728000DC3A0020F0B54E4645465746DE469A4B5E
:1072900081469846E0B5994F91B0994E07AD3C684C
:1072A0006269EFF3108172B61368002BFCD0BFF354
:1072B0005F8FA1612000290002F0DEFC6269A369F2
:1072C000BFF35F8F0021116083F31088002800D185
:1072D000BFE06B78022B43D00FD8002B15D0287855
:1072E0006A792979FFF786FC28790028D7D06B794D
:1072F000002BD4D001F02EF9D1E7032BCFD16B684E
:10730000002BCCD0A8689847C9E7F378DB067FD478
:107310001022F3782C791343F37028786B7930704E
:107320007470B370002C66D1FEF702FD3220FBF7BB
:107330003DF83078FEF7FEFCE1204000FBF736F820
:107340003078FEF7F9FC002800D089E01022F378AD
:1073500070789343F3700028A1D001F0FBF89EE70A
:107360007F232979A8780B40002806D1002B70D103
:10737000AA686979FFF7ECFC91E7421ED4B2102CA1
:1073800067D8562454434246A44662441279D20731
:107390005FD55A006244CC094244121914003034BB
:1073A00003926279A346944601229246624654466D
:1073B000A2435C4662716279944604229246624618
:1073C0005446A2435C466271002BD1D0039B4D4AC8
:1073D0005B7D1278934200D279E0541C9C4238DBEA
:1073E0009B1ADC00E41A484BA400E418AB686A79E5
:1073F0006469A04753E7E12002244000FAF7D6FF72
:10740000B1787078414B424A009401F031F846E778
:10741000386802F029FC3C6882466269EFF310810B
:1074200072B61368002BFCD0BFF35F8FA161200000
:10743000290002F0E3FC6269A369BFF35F8F0021BA
:10744000116083F3108800284BD15346002B00D1E4
:1074500025E711B0F0BCBB46B246A946A046F0BD38
:107460003078FEF775FC0F220300F078134090434C
:107470001843284BF0701C7002AB9C462220002160
:107480000A3A6044FCF7CCF86A46234B0021138586
:107490000823307893850AAAFEF7AAFE002800D1B7
:1074A000FDE61E4B08220593802300211B030AA83A
:1074B0000693FCF7B5F805AB0C93154B0AA80D9392
:1074C000124B0E9307230F93FFF73CFEE7E6144A97
:1074D000DC00E31A14689B00E418002C00D085E758
:1074E000B7E74A4669782878FFF744FD5346002BF2
:1074F00000D1D4E6ADE7C04618350020DC3A0020C4
:10750000482500206A42002094B600103D75001006
:10751000183300206D42002007050000800600019E
:107520002C25002010B5044B08001B78FF2B01D040
:10753000FFF7A8FE10BDC04694090020F0B54E46E6
:10754000DE4657464546E0B5C678040093B0002EA7
:107550000BD1D24B1E700378039343690C2B00D9D7
:1075600032E2CF4A9B00D3589F46CE4DEB78DB06E4
:107570000DD5CA4A1378022B09D864200133137041
:10758000FAF714FF2000FFF7DDFD002807D11022D5
:10759000EB7868789343EB70002800D01DE213B0BD
:1075A000F0BCBB46B246A946A046F0BD0122BE4B88
:1075B00019780A4200D107E258780221440701D421
:1075C000410811400F24B74A9878D378A3430B435E
:1075D000D370C006E3D5917850780322B34B009264
:1075E000113200F021FFDAE708AB9C461220052299
:1075F00000216044FCF714F86A46AD4B0021138665
:1076000008239386A74B0CAA1878FEF7F1FD0028F3
:10761000C5D0A84B08220A93802300211B030CA885
:107620000B93FBF7FDFF0AAB0E939F4B0CA80F9338
:107630009E4B109307231193FFF784FDAFE70624B9
:107640003220FAF7B3FE9748984B8178964A4078F3
:10765000009400F00DFFA2E7934B9B78DB069ED5CC
:10766000904A924B91785078072200920D3200F0A8
:10767000DBFE94E78C4B904C1A79092A00D1AFE1DC
:1076800022790120D20752D55A22A25CD20700D417
:1076900075E2B022A25CD20700D45EE283225200DF
:1076A000A25CD20700D45AE2AE225200A25CD207FA
:1076B00000D456E2D9225200A25CD20700D452E292
:1076C00082229200A25CD20700D456E27B4AA25CDE
:1076D000D20700D455E2AD229200A25CD20700D4BA
:1076E00051E2774AA25CD20700D458E2D822920035
:1076F000A25CD20700D454E2724AA25CD20700D442
:1077000053E2714AA25CD20700D44CE26F4AA25CF9
:10771000D20700D454E29722D200A25CD20700D450
:107720004CE26B4A1020A25CD20700D537E7562204
:10773000451E6A435B49A2180E880AAD16808C78F4
:10774000C978947001240907090FD1701179214378
:107750001171DB790CAC5371A023DB002B8000236B
:1077600068801022002120000B93FBF759FF4F4B3C
:107770002000109308230E951193FFF7E3FC0EE70A
:107780000220FAF713FEA3689F787B1EDAB2102A54
:1077900000D904E7562602225E43474D0021AC196A
:1077A0002379134323713F4B1878FEF7E3FA63798B
:1077B0001220984608AB9C46052200216044FBF746
:1077C0002FFF3B4B0CAC2380434622003900705DF9
:1077D000A380FEF70DFD002800D1E0E6354B08221E
:1077E0000A93902300215B0320000B93FBF718FF03
:1077F0000AAB27700E932C4B20000F932B4B10934A
:1078000009231193FFF79EFCC9E6039E711ECBB2BC
:10781000102B00D9C3E656224A43234D264B288914
:107820009918C88068890CAC0881E88908224881C9
:107830002B7C20000B73274B00210A9390231B0302
:107840000B93FBF7EDFE0AAB26700E93174B20004F
:1078500010930A230F951193FFF774FC9FE6802283
:10786000114D92006B88934200D998E6194A0AAEEE
:107870000A9200220CACB280F38000212000083272
:10788000FBF7CEFE039B20002370084B0E9610934F
:107890000B230F951193FFF755FC80E66D420020F6
:1078A00060B6001048250020183300203D750010F8
:1078B0000705000080060001183500205E02000068
:1078C0000A030000B60300000C040000620400007C
:1078D0000E05000080060002BC4B0CAC0A9300238E
:1078E0001022002120000B93FBF79AFE039B20003F
:1078F00023700AAB0E93B64B10930C231193FFF732
:1079000021FC4CE603994F1EFBB2102B00D946E632
:10791000562304207B43AF4C9B46E2181379034364
:107920001371AD4B5A881D78D218ED180592AB4BE8
:10793000AA4200D829E1A04689469A46A84B089653
:10794000099704936B7801270B2B03D12B78EF78E1
:10795000ED186B78042B00D021E6059B39005A1BEB
:10796000280092B202F00EF9082800D817E6534614
:107970004C461A780793002600238146069719E0A3
:10798000984BF1001B68891B89005B18002B0BD0FA
:1079900042465946DF68505C4B462A002100B847F2
:1079A000002846D153461A780136F6B2511C3300EE
:1079B0008E421CDC9642E3D39A1AD3009B1A049A97
:1079C0009B0094466344E3E71021874BDA785878AC
:1079D0008A43DA70002800D1E1E500F0BBFDDEE566
:1079E000824A1120A25CD20700D5D8E59FE64B461B
:1079F000A1461C00059B2D19AB42A3D84446089E06
:107A0000099F079B1A78774B501C196856237B43B4
:107A1000E3185D7BAA422AD8A8422EDBAD1AEB0000
:107A20006F4A5B1B9B009B1831001B6903989847AA
:107A3000B5E54B46069FA1461C00002F0ED04046E0
:107A4000AB785844FF18FFB2C218517BFF2900D011
:107A5000A5E50133DBB25673BB42F5D1584615306C
:107A6000330022002900404402F072F8C2E7EB0024
:107A70005B1B9B00CB18002BD6D156237B43E3180E
:107A80009D7BAA424ED80126A842C7DA56237B43E3
:107A9000E318DD7BAA424DD80226A842BEDA56235F
:107AA0007B43E3181D7CAA424CD80326A842B5DAD2
:107AB00056237B43E3185D7CAA4256D80426A8428D
:107AC000ACDA56237B43E3189D7CAA425FD8052697
:107AD000A842A3DA56237B43E318DD7CAA4266D88A
:107AE0000626A8429ADA56237B43E3181D7D954269
:107AF00068D21C236B43CB180726002B94D110218E
:107B0000394BDA7858788A43DA70002822D1039802
:107B1000112800D143E5364B002B00D13FE500E0B2
:107B200000BF3CE5EB005B1B9B00CB18002BADD0EE
:107B3000012679E7EB005B1B9B00CB18002BAED036
:107B4000022671E7EB005B1B9B00CB18002BAFD02C
:107B5000032669E700F0FEFCD9E70320E7E50420EF
:107B6000E5E50520E3E50620E1E5EB005B1B9B0076
:107B7000CB18002BA5D0042656E70720D7E5022016
:107B8000D5E50820D3E50920D1E5079339E7EB00D7
:107B90005B1B9B00CB18002B9CD0052644E70A20DA
:107BA000C5E50B20C3E50D20C1E50C20BFE51C2376
:107BB0006B43CB18002B96D0062635E70F20B6E591
:107BC0000E20B4E5A8429ADB072627E7000901004A
:107BD0003D75001018350020183300206A4200203F
:107BE00094B600102C2500204825002064050000D4
:107BF000000000000138C3B2102B04D856224243C3
:107C0000024BD05C7047024B1878FBE71835002018
:107C10004825002000487047183300200138C2B2C0
:107C200070B5102A17D8562242430C4CA3181B7962
:107C3000DB07D80F002B00D170BD7F20084B084018
:107C40001D68CB0935334000C01880182900001981
:107C500001F0FCFEF0E70020EEE7C04618350020FA
:107C6000D03A00200138C2B270B5102A17D8562277
:107C700042430C4CA3181B79DB07D80F002B00D113
:107C800070BD7F20084B08401D68CB09353340008C
:107C9000C01880182900001901F000FFF0E700204B
:107CA000EEE7C04618350020D03A0020F0B5C646B1
:107CB00000B505000138C4B2984682B0102C0DD82A
:107CC00056237F2458430C40134F64002418CE09D8
:107CD0003C19A41930346679F60704D5002002B0A7
:107CE00080BCB846F0BD01239C46634666791E43BE
:107CF00043466671C05D009313000A002900FEF739
:107D0000BBFB0028EBD10122637993436371637954
:107D1000033293436371E1E718350020F8B5431E41
:107D2000DAB204000D00102A11D856265E430D4F1A
:107D30002800BB19D97801F0CDFE002805D0F05DF0
:107D40002A002100FEF754FAF8BD0020FCE7064E99
:107D50002800F1780907090F01F0BCFE0028F4D0D3
:107D60003078EDE71835002048250020F0B557465B
:107D70004E464546DE46E0B583B004000CA81E0022
:107D800008C888469946038817009A46002C10D1E7
:107D9000414BDB78DB0603D5404D6B7D002B17D0C4
:107DA0000024200003B0F0BCBB46B246A946A04662
:107DB000F0BD611ECBB2102BEED856224A43384B91
:107DC0009B181B79DB07EBD5344D6B7D002BE7D17E
:107DD000344B01219B461868494203F025F9594666
:107DE0006B7D0868DAB2002B02D003F005F9D7E703
:107DF00001236B752C4BEA822B804346AB805346A4
:107E0000EB804B46AB600E9B3A02EB600F9B32431C
:107E10002B612C756A8003F0EFF8611ECBB2102B3A
:107E200037D856224A431E4BD05C0E9B002B05D000
:107E300021002A00FEF790FC0400B2E76B46DE1D2D
:107E400004233370194B21002A002E61EB60FEF7EA
:107E500083FC041EA4D0164B164F98463378042B8F
:107E60000ED13B78FF2BF9D04346186801F0FCFE99
:107E70000028F3D13B78FF2BF0D0FFF703FAEDE7B2
:107E80000F9B002B02D01A00337813703378EB8AE3
:107E900087E7014B1878C8E74825002030250020E7
:107EA00018350020D03A002081060000ED6B00104C
:107EB000DC3A002094090020F0B50400C646631E99
:107EC000DAB2080000B5102A00D98DE056225A43D4
:107ED0005A4BD218411CC9B2072900D99EE0584B11
:107EE0001D786B1C9846574B1F6853185B7B9D424F
:107EF0005ED9DE00F31A9B00FB18002B60D1811CB9
:107F0000C9B2082943D053185B7B9D425ED898457F
:107F100050DAC11CC9B2082939D053185B7B9D4285
:107F20005BD8984546DA011DC9B208292FD05318ED
:107F30005B7B9D425DD898453CDA411DC9B208295A
:107F400025D053185B7B9D425AD8984532DA811D63
:107F5000C9B208291BD053185B7B9D4257D898455E
:107F600028DAC11DC9B2082911D053185B7B9D4284
:107F700057D898451EDAFF2809D1127DAA4257D258
:107F8000D3009B1A9B00FB180721002B18D110214E
:107F90002D4BDA7858788A43DA70002826D1102CD5
:107FA00011D82A4B002B0ED0200000E000BF0AE0C1
:107FB0009845A4DB5D1BEB00254A5B1B9B009B18CF
:107FC00020001B69984780BCB846F0BDDE00F31A5C
:107FD0009B00FB18002B9CD0F2E7DE00F31A9B00FD
:107FE000FB18002B9FD0EBE7002273E700F0B2FAFA
:107FF000D5E7DE00F31A9B00FB18002B9DD0DFE7CE
:10800000DE00F31A9B00FB18002BA0D0D8E7DE009F
:10801000F31A9B00FB18002BA3D0D1E70829D2D17B
:10802000B5E7DE00F31A9B00FB18002BA3D0C7E7CF
:1080300013009045ABDB0721BCE7C0461835002094
:108040006A4200202C250020482500200000000066
:1080500094B6001070B5C37884B0002B12D101AC77
:108060000578836800210C2220001E79FBF7D8FADE
:108070002800FFF7BFFD00212070200025716671E8
:1080800002F0E2FF04B070BD10B5C37882B0002BDF
:108090000DD1007807490400113C2401221D52181B
:1080A00009194978019300930133FFF7FFFD02B0EE
:1080B00010BDC0460041002070B5C57888B0002DC5
:1080C0001BD106780E4B3200113A12019B180D4A53
:1080D00002AC927800219A700B4B1022009301237E
:1080E00020000193FBF79CFA6B460493074B20009A
:1080F000267006930795FFF725F808B070BDC046B7
:10810000004100204C2500202303080011810010AD
:10811000F0B5C4788BB0002C29D1057883682E0087
:108120001A791C4F5B79113E36011B02B9191343B2
:108130008A789A421DD00133DBB21A00511E8A415F
:10814000032152421140144A04AE0A4302AF029284
:10815000002110223000BB80FC80FBF761FA0F4B3E
:1081600030003570069708930994FEF7EBFF0BB0CB
:10817000F0BD321D497801232800D21901940094E2
:10818000FFF794FD0028F2D02800F15DFFF794FE80
:10819000EDE7C046004100202003080011810010D7
:1081A000F0B5C57889B0002D29D1067801273200B5
:1081B0008368113A1C7959791B4B12019B181B7A61
:1081C000090221431F421CD0631E9C4103236442C9
:1081D0002340164C6F461C43FF23009402AC0B4017
:1081E000102200212000BB80FD80FBF719FA104B04
:1081F00026702000049706930795FEF7A3FF09B0A9
:10820000F0BD02AD0C2200212800FBF709FA300076
:10821000FFF7F0FC002128706F7028002E716C7140
:1082200002F012FFEBE7C0460041002020030400EB
:108230005580001070B5C37888B0002B11D18368C9
:108240001C79002C0DD105781A4A2B00113B1B011B
:108250009B18012216009B791E401A4216D19B07DB
:1082600001D408B070BD02AC134B102200212000D5
:1082700000930196FBF7D4F96B46257004930F4BDE
:10828000200006930796FEF75DFFEAE7902302AE13
:108290005B00002130000F3200930194FBF7C0F91E
:1082A0006B4635700493054B300006930794FEF738
:1082B00049FFD6E708410020200101008980001015
:1082C000F0B5C64600B5C4788AB0002C43D1057815
:1082D00083682A0018795E79113A4B4B120198464F
:1082E00094460121C44463460F009B7A360206433C
:1082F0001F40194233D102210C001C40194252D1B7
:1083000004210F001F40194245D108210C001C40D8
:10831000194200D071E010210F001F40194261D0B6
:10832000431E98410322394B41420A4013430293B2
:10833000FF2302AF334004AEBB8010220021300087
:10834000FC80FBF76DF9324B3570300006970893CF
:108350000994FEF7F7FE0AB080BCB846F0BD431E94
:10836000984141420320FF2308402A4902AF33408D
:10837000014304AE02911022BB8000213000FC803A
:10838000FBF74EF9244B357030000697089309949B
:10839000FEF7D8FEDFE7431E984101391F4B4042EC
:1083A00001400B43C3E7431E9841013140421C4B3F
:1083B00001400B43029302AB9846FF2342463340F1
:1083C00004AC9380D780002110222000FBF728F90D
:1083D0004346257006930E4B200008930997FEF73D
:1083E000B1FEB8E7634604325978280001234244BD
:1083F00001970097FFF75AFCADE7431E98410539F6
:108400004042084B0140D4E7004100202001140005
:108410008980001020011000A181001020011200AD
:108420002001110020011300F0B51E000B00070011
:10843000581E834103205B421840902389B06D464B
:108440005B0003432B80002302AC6A80A9801022CA
:1084500000212000EB80FBF7E3F80E9B2000277043
:10846000049506960793FEF76DFE09B0F0BDC04671
:10847000F0B51D000B0016005A1E93410324C6469A
:108480005B421C40A02300B588B01C436B466A4683
:1084900099800423009402AC07000021D3802000BF
:1084A0000822FBF7BDF86B4604930E9B2000277053
:1084B000059606950793FEF745FE08B080BCB846C2
:1084C000F0BDC04610B5102200210248FBF7A8F805
:1084D000012010BD004100200120704770B514003C
:1084E00052790D00092A10D1A279002A0DD1E27922
:1084F000012A0AD80F2B08D92678A6197378052BDC
:1085000003D1F378DB439B0701D0002070BD31001D
:108510002800FFF703FC0028F7D0A278034B113D99
:108520002901CA54B2785B185A70EFE70041002065
:1085300010B5102806D9064A1138000110184378E2
:10854000002B00D110BD10220021FBF769F8F9E7DC
:108550000041002001001139074B09010A1DD21802
:108560005B185978002300B583B001930093013361
:10857000FFF79CFB03B000BD00410020020070B576
:108580000F4B113A1201D35C040088B000208B42DB
:1085900001D008B070BD6A460A4B6E4603CB03C2D9
:1085A0001500002118222800FBF73AF8064B280096
:1085B000EB60064B2C70AE602B61FEF7C3FDE8E765
:1085C00000410020CCB600104C250020B9800010DE
:1085D000F0B54746CE4680B5060017008BB0002A9E
:1085E00000D06FE004003D4B113C24019846A146A9
:1085F000C1444B461D79002D66D0EB0737D44B465E
:108600009A7801200123002A04D155E00133DBB21E
:10861000934251D82900D9400842F7D019004A1E88
:108620009141032249420A40A0210A43029202AA30
:1086300093800423914604ADD380002108222800B2
:10864000FAF7EEFF4B462E7027000693244B0837AF
:10865000089300234744280007970993FEF772FD0B
:10866000002829D1221D4444617842441EE0A02301
:108670000293802304ADDB0208220021280003932B
:10868000FAF7CEFF02AB2E70069323000C3343445F
:108690000793144B280008930997FEF753FD002811
:1086A0000AD14B460434220059784244019000908C
:1086B00001233000FFF7FAFA01200BB0C0BCB94625
:1086C000B046F0BD0020F8E7043422005978424457
:1086D000012301950095FFF7E9FAEEE7004100203C
:1086E000C18200103582001070B5784B040082B052
:1086F000002B68D0764B8568197800782A798142FA
:1087000068D09021595C81426AD090214900595C1F
:10871000814200D16BE0D8214900595C814200D1EF
:108720006DE090218900595C814200D16FE0B42155
:108730008900595C814200D170E0D8218900595CE0
:10874000814200D171E0FC218900595C814200D155
:1087500072E09021C900595C814200D173E0A221EE
:10876000C900595C814200D174E0B421C900595C50
:10877000814200D175E0C621C900595C814200D117
:1087800076E0D821C900595C814200D177E0EA2126
:10879000C900595C814200D178E0FC21C900595CD4
:1087A000814200D179E0872109015E5CFF21864288
:1087B00000D179E0E678EB780024AA78002E04D086
:1087C0000094F8F7EFF902B070BDEC79AE792402AD
:1087D0003443F5E75978914200D092E70021E9E768
:1087E0009121595C914200D08FE70121E2E72221DB
:1087F000FF31595C914200D08DE70221DAE7B221C6
:10880000FF31595C914200D08BE70321D2E7314917
:10881000595C914200D08AE70421CBE72E49595C8C
:10882000914200D089E70521C4E72C49595C914267
:1088300000D088E70621BDE72949595C914200D064
:1088400087E70721B6E72749595C914200D086E7C0
:108850000821AFE72449595C914200D085E70921FE
:10886000A8E72249595C914200D084E70A21A1E798
:108870001F49595C914200D083E70B219AE71D49BB
:10888000595C914200D082E70C2193E71A49595C68
:10889000914200D081E70D218CE71849595C914243
:1088A00000D080E70E2185E71549E6785B5CF02172
:1088B0009B1A5A1E93415B4219400024EB78AA7818
:1088C0000F31002E00D07BE77FE7C046A50B0010DC
:1088D0009011002041020000D1020000610300005D
:1088E000F10300008104000011050000A105000053
:1088F00031060000C106000051070000E10700003A
:108900007108000070B5784B040082B0002B68D06D
:10891000764B8568197800782A79814268D0902151
:10892000595C81426AD090214900595C814200D152
:108930006BE0D8214900595C814200D16DE0902163
:108940008900595C814200D16FE0B4218900595CF3
:10895000814200D170E0D8218900595C814200D168
:1089600071E0FC218900595C814200D172E09021C4
:10897000C900595C814200D173E0A221C900595C51
:10898000814200D174E0B421C900595C814200D118
:1089900075E0C621C900595C814200D176E0D8213A
:1089A000C900595C814200D177E0EA21C900595CD5
:1089B000814200D178E0FC21C900595C814200D19C
:1089C00079E0872109015E5CFF21864200D179E0D0
:1089D000E678EB780024AA78002E04D00094F8F70B
:1089E000D7F802B070BDEC79AE7924023443F5E7D4
:1089F0005978914200D092E70021E9E79121595C32
:108A0000914200D08FE70121E2E72221FF31595C3A
:108A1000914200D08DE70221DAE7B221FF31595CA3
:108A2000914200D08BE70321D2E73149595C914252
:108A300000D08AE70421CBE72E49595C914200D04F
:108A400089E70521C4E72C49595C914200D088E7A9
:108A50000621BDE72949595C914200D087E70721EB
:108A6000B6E72749595C914200D086E70821AFE775
:108A70002449595C914200D085E70921A8E72249A1
:108A8000595C914200D084E70A21A1E71F49595C53
:108A9000914200D083E70B219AE71D49595C91422E
:108AA00000D082E70C2193E71A49595C914200D02B
:108AB00081E70D218CE71849595C914200D080E78D
:108AC0000E2185E71549E6785B5CF0219B1A5A1E5A
:108AD00093415B4219400024EB78AA780F31002EB5
:108AE00000D07BE77FE7C046910B0010901100207B
:108AF00041020000D102000061030000F103000008
:108B00008104000011050000A105000031060000ED
:108B1000C106000051070000E107000071080000D5
:108B2000F0B54F46D6464646C0B582680700537832
:108B30008CB00A3B012B02D9C378002B55D1BB4C1A
:108B4000537916793D7822781B023343AA4200D12B
:108B5000BAE09022A25CAA4200D1BDE0902252006D
:108B6000A25CAA4200D1C0E0D8225200A25CAA4274
:108B700041D090229200A25CAA4245D0B422920039
:108B8000A25CAA4248D0D8229200A25CAA424BD052
:108B9000FC229200A25CAA424ED09022D200A25C9B
:108BA000AA4251D0A222D200A25CAA4254D0B4223E
:108BB000D200A25CAA4257D0C622D200A25CAA422E
:108BC0005AD0D822D200A25CAA425DD0EA22D200BA
:108BD000A25CAA4260D0FC22D200A25CAA4263D06E
:108BE00087221201A25CAA4266D00CB0E0BCBA4651
:108BF000B146A846F0BDB222FF32A25CB242B8D163
:108C000003229146904679E0894AA25CB242B5D1EE
:108C100004229146904671E0864AA25CB242B2D1EB
:108C200005229146904669E0834AA25CB242AFD1E8
:108C300006229146904661E0804AA25CB242ACD1E5
:108C400007229146904659E07D4AA25CB242A9D1E2
:108C500008229146904651E07A4AA25CB242A6D1DF
:108C600009229146904649E0774AA25CB242A3D1DC
:108C70000A229146904641E0744AA25CB242A0D1D9
:108C80000B229146904639E0714AA25CB2429DD1D6
:108C90000C229146904631E06E4AA25CB2429AD1D3
:108CA0000D229146904629E06B4AA25CB24297D1D0
:108CB0000E229146904621E0684AA25CB24294D1CD
:108CC0000F229146904619E06278B24200D040E708
:108CD00000229146904611E09122A25CB24200D05F
:108CE0003CE701229146904608E02222FF32A25C36
:108CF000B24200D038E7022291469046002D00D1C2
:108D000073E77A69022A68D020D8002A46D0434601
:108D1000DB0043441B01E3185B7804AEB3800023FF
:108D20004F4A5049127806AC31807280F38010228D
:108D300000212000FAF774FC4B4B25700A930223A4
:108D4000200008960B93FEF7FDF94EE7032A00D0AA
:108D50004BE7FEF75FFF4346DB0019004144090182
:108D60009A46635C0200AB4200D03EE7BB686118E4
:108D70009879DB791B020343012008713B490029E4
:108D800003D049462800F7F77FFB534643441B01B5
:108D9000E31828005978FFF78FF826E74146C90005
:108DA0004144090161184E7904AF71424E41304986
:108DB00006AC0491FF210B40BB80FA8000211022F9
:108DC0002000FAF72DFC284B25700136200008976B
:108DD0000A930B96FEF7B6F907E74346DB001F0040
:108DE0009A46802347443F01E7193A899B009A42FB
:108DF0000BD901233B711D4B002BC6D00023002251
:108E000049462800F7F740FBBFE7FC79FEF702FF71
:108E100003230393144B220002933B8931000193F7
:108E2000009000232800FEF7A1FFDEE6901100204D
:108E300041020000D102000061030000F1030000C4
:108E40008104000011050000A105000031060000AA
:108E5000C106000051070000E10700007108000092
:108E60006B420020210B0000218B001089040010B0
:108E7000210A0000030030B5002827D00F2925D88B
:108E8000C8004118124C09010D5D00209D421CD103
:108E9000002A1AD009235370053B6418157093708B
:108EA00063781071D370E378591E8B41A1784D1E01
:108EB000A9415B18537103239371637950721900B0
:108EC0004C1EA1411372D171013030BD0020FCE76E
:108ED00090110020F0B589B004000EA820C80088C9
:108EE0008446002C25D00F2923D8C8004118124EE3
:108EF00009018F5D0020A74219D16C461B02134364
:108F000076186380A2207378FF30A380634602AE98
:108F10002080182200213000E380FAF781FB074B04
:108F200030003770049405950693FEF70BF909B0ED
:108F3000F0BD0020FBE7C04690110020E98600103C
:108F4000F0B589B004000EA820C800888446002C23
:108F500024D00F2922D8C8004118114E09018F5D75
:108F60000020A74218D16C461B0213437618638079
:108F700073780C48A380634602AE2080182200213B
:108F80003000E380FAF74CFB074B30003770049455
:108F900005950693FEF7D6F809B0F0BD0020FBE773
:108FA000901100202109000005890010F0B583B060
:108FB00000280FD00F290DD8CC00104E64182401C2
:108FC000A55D854206D137192800B978FEF726FE3F
:108FD000002802D1002003B0F0BD002010347B89AE
:108FE000B978A219019000902800FEF75FFE0028D2
:108FF000F1D12800B978FEF735FEEBE7901100209B
:10900000902210B5002103481201FAF709FB012054
:1090100010BDC04690110020012070479E4A70B5D7
:109020000D0011780400814200D182E09021515C52
:10903000A14200D19BE090214900515CA14200D1A6
:10904000A1E0D8214900515CA14200D1A9E09021C2
:109050008900515CA14200D1B1E0B4218900515C8A
:10906000A14200D1B7E0D8218900515CA14200D1D2
:10907000BDE0FC218900515CA14200D1C3E09021F8
:10908000C900515CA14200D1C9E0A221C900515CD4
:10909000A14200D1CFE0B421C900515CA14200D16E
:1090A000D5E0C621C900515CA14200D1DBE0D82146
:1090B000C900515CA14210D0EA21C900515CA14213
:1090C00016D0FC21C900515CA1421CD087210901A6
:1090D000515C0020A14221D070BD7049515CA94271
:1090E00003D06F49515CA942E6D10C260C2129E03E
:1090F0006C49515CA94203D06B49515CA942E0D153
:109100000D260D211EE06949515CA94203D0684932
:10911000515CA942DAD10E260E2113E06549515C5B
:10912000A94203D06449515CA942D5D10F260F2131
:1091300008E09178A94203D0D178A94200D075E720
:1091400000260021002C00D1A4E0ED09012D00D162
:1091500095E05A48002808D0F000801900015030EE
:1091600012189BB2200000E000BF0120B4E792215A
:10917000515CA94204D09321515CA94200D05AE726
:1091800001260121DEE791214900515CA94205D069
:109190002421FF31515CA94200D052E7022602216E
:1091A000D0E7D9214900515CA94205D0B421FF3153
:1091B000515CA94200D04AE703260321C2E7404997
:1091C000515CA94204D03F49515CA94200D044E718
:1091D00004260421B6E73C49515CA94204D03B492E
:1091E000515CA94200D03EE705260521AAE738498F
:1091F000515CA94204D03749515CA94200D038E7FC
:10920000062606219EE73449515CA94204D0334921
:10921000515CA94200D032E70726072192E7304986
:10922000515CA94204D02F49515CA94200D02CE7DF
:109230000826082186E72C49515CA94204D02B4915
:10924000515CA94200D026E7092609217AE728497E
:10925000515CA94204D02749515CA94200D020E7C3
:109260000A260A216EE72449515CA94204D0234909
:10927000515CA94200D01AE70B260B2162E7F000EF
:1092800080190001103012189BB22000F7F7AEF8D9
:10929000012021E700201FE790110020C2060000F6
:1092A000C30600005207000053070000E207000059
:1092B000E3070000720800007308000000000000CF
:1092C0004202000043020000D2020000D30200006C
:1092D0006203000063030000F2030000F3030000D8
:1092E0008204000083040000120500001305000042
:1092F000A2050000A30500003206000033060000AE
:1093000070B5BB4D04002B78834258D09023EB5CA2
:10931000A34263D090235B00EB5CA34200D16FE0DB
:10932000D8235B00EB5CA34200D17BE090239B0041
:10933000EB5CA34200D187E0B4239B00EB5CA3422B
:1093400000D193E0D8239B00EB5CA34200D19FE0C7
:10935000FC239B00EB5CA34200D1ABE09023DB003D
:10936000EB5CA34200D1B7E0A223DB00EB5CA3429D
:1093700000D1C3E0B423DB00EB5CA34200D1CFE01B
:10938000C623DB00EB5CA34200D1DBE0D823DB008B
:10939000EB5CA34200D1E7E0EA23DB00EB5CA342F5
:1093A00000D1F3E0FC23DB00EB5CA34200D1FFE043
:1093B00087231B01EB5CA34200D10BE170BD8D4BF9
:1093C000002B02D00021F7F7C5F8902200212800D9
:1093D000FAF726F99023EB5CA3429BD1854B002B37
:1093E00003D001212000F7F7B5F890220021824830
:1093F000FAF716F990235B00EB5CA34200D08FE7ED
:109400007C4B002B03D002212000F7F7A3F8902219
:1094100000217A48FAF704F9D8235B00EB5CA342F9
:1094200000D083E7734B002B03D003212000F7F714
:1094300091F8902200217248FAF7F2F890239B00ED
:10944000EB5CA34200D077E76A4B002B03D00421EA
:109450002000F7F77FF8902200216A48FAF7E0F839
:10946000B4239B00EB5CA34200D06BE7614B002B65
:1094700003D005212000F7F76DF890220021624803
:10948000FAF7CEF8D8239B00EB5CA34200D05FE74D
:10949000584B002B03D006212000F7F75BF89022F1
:1094A00000215A48FAF7BCF8FC239B00EB5CA3426E
:1094B00000D053E74F4B002B03D007212000F7F7D4
:1094C00049F8902200215248FAF7AAF89023DB00CD
:1094D000EB5CA34200D047E7464B002B03D00821AA
:1094E0002000F7F737F8902200214A48FAF798F859
:1094F000A223DB00EB5CA34200D03BE73D4B002BFB
:1095000003D009212000F7F725F8902200214248D6
:10951000FAF786F8B423DB00EB5CA34200D02FE718
:10952000344B002B03D00A212000F7F713F89022C8
:1095300000213A48FAF774F8C623DB00EB5CA3423B
:1095400000D023E72B4B002B03D00B212000F7F793
:1095500001F8902200213248FAF762F8D823DB00A4
:10956000EB5CA34200D017E7224B002B03D00C2169
:109570002000F6F7EFFF902200212A48FAF750F872
:10958000EA23DB00EB5CA34200D00BE7194B002B76
:1095900003D00D212000F6F7DDFF902200212248A4
:1095A000FAF73EF8FC23DB00EB5CA34200D0FFE6B9
:1095B000104B002B03D00E212000F6F7CBFF90229A
:1095C00000211A48FAF72CF887231B01EB5CA34211
:1095D00000D0F3E6074B002B03D00F212000F6F755
:1095E000B9FF902200211248FAF71AF8E6E6C046C1
:1095F000901100205505001020120020B01200200C
:1096000040130020D013002060140020F01400202C
:109610008015002010160020A01600203017002012
:10962000C017002050180020E018002070190020FA
:10963000001A0020F0B54E46DE4657464546E0B5D6
:10964000140052790E0083B0032A6AD12179CA002E
:10965000521A123292B29A4263D823789A46A2449E
:1096600053465B78212B5CD16D4F3B78002B00D1AA
:10967000A8E09023FB5C002B00D1A6E090235B00C8
:10968000FB5C002B00D1A3E0D8235B00FB5C002B2C
:1096900000D1A0E090239B00FB5C002B00D19DE05B
:1096A000B4239B00FB5C002B00D19AE0D8239B00E5
:1096B000FB5C002B00D197E0FC239B00FB5C002BA4
:1096C00000D194E09023DB00FB5C002B00D191E003
:1096D000A223DB00FB5C002B00D18EE0B423DB0077
:1096E000FB5C002B00D18BE0C623DB00FB5C002B76
:1096F00000D188E0D823DB00FB5C002B00D185E0A3
:10970000EA23DB00FB5C002B00D182E0FC23DB00C2
:10971000FB5C002B00D17FE087231B01FB5C002B4F
:1097200007D0002003B0F0BCBB46B246A946A04615
:10973000F0BD0F339B465B465246DB0001935B4412
:109740001B01FE5415789946002255449046B944B1
:1097500000290BD121E04946CA708B812B78ED1886
:1097600001239C462379E044434516DD6B78052BA5
:10977000D7D129003000FEF7D1FA0028D1D06B797B
:1097800029791B020B43AA785B055B0DD1090129DE
:10979000E1D149468A704B81E0E7019BA2785B44A6
:1097A0001B01FB185A70524692790120DA71524619
:1097B000D179127A12020A431A8101229A71002287
:1097C0005A71AFE700239B46B5E701239B46B2E7FA
:1097D00002239B46AFE703239B46ACE704239B464B
:1097E000A9E705239B46A6E706239B46A3E7072395
:1097F0009B46A0E708239B469DE709239B469AE7E3
:109800000A239B4697E70B239B4694E70C239B4632
:1098100091E70D239B468EE70E239B468BE7C046C0
:1098200090110020F0B5774B04001A7889B082427D
:1098300060D090229A5CA24200D17EE09022520039
:109840009A5CA24200D17FE0D82252009A5CA242E8
:1098500000D181E0902292009A5CA24200D183E084
:10986000B42292009A5CA24200D184E0D8229200F5
:109870009A5CA24200D185E0FC2292009A5CA2424E
:1098800000D186E09022D2009A5CA24200D187E00B
:10989000A222D2009A5CA24200D188E0B422D20077
:1098A0009A5CA24200D189E0C622D2009A5CA24210
:1098B00000D18AE0D822D2009A5CA24200D18BE08B
:1098C000EA22D2009A5CA24200D18CE0FC22D200B3
:1098D0009A5CA24200D18DE0872212019A5CA242DA
:1098E00002D0012009B0F0BD474A9A5C8A42F8D103
:1098F0000F2003E05A788A429BD10020002CF0D040
:10990000C200121812019B185E796F4673425E41C5
:109910003E4B02AD00930023B980102200212800A5
:10992000FB80F9F77DFE3A4B013628002C70049736
:1099300006930796FDF706FCD3E791229A5C8A42CC
:1099400000D07BE70120D9E72222FF329A5C8A42CD
:1099500000D079E70220D1E7B222FF329A5C8A4236
:1099600000D077E70320C9E72A4A9A5C8A4200D0F0
:1099700076E70420C2E7284A9A5C8A4200D075E75D
:109980000520BBE7254A9A5C8A4200D074E706208E
:10999000B4E7234A9A5C8A4200D073E70720ADE718
:1099A000204A9A5C8A4200D072E70820A6E71E4A45
:1099B0009A5C8A4200D071E709209FE71B4A9A5CB3
:1099C0008A4200D070E70A2098E7194A9A5C8A42D6
:1099D00000D06FE70B2091E7164A9A5C8A4200D0CC
:1099E0006EE70C208AE7144A9A5C8A4200D06DE741
:1099F0000D2083E7114A9A5C8A4200D06CE70E2062
:109A00007CE7C0469011002071080000210A000088
:109A1000218B001041020000D10200006103000010
:109A2000F10300008104000011050000A105000001
:109A300031060000C106000051070000E1070000E8
:109A400010B50020FDF7EAFA10BDC046037870B5E6
:109A5000DB0704000E00DD0F002B17D103785B0736
:109A600001D5280070BD01213000494201F0DCFA27
:109A70002378DB07DD0F002B0AD123785B0708D49E
:109A80000422237801251343237002E00025E8E730
:109A90000025300001F0B0FAE3E7C04670B50C00D5
:109AA000012106004942200001F0BEFA33785B072D
:109AB000DD0F002B04DB200001F09EFA280070BDB2
:109AC0003378DB0704D40422337893433370F2E70E
:109AD0000025F0E7437902791B021343C2785B0546
:109AE00092075B0D920F022A1DD0032A0CD0002092
:109AF000012A08D102394A425141124A944661442E
:109B000099424041C0B2704702394A1E91410E4A03
:109B1000494211408022D20094460020614499427B
:109B20004041C0B2EFE7022905D0002040229A420E
:109B30004041C0B2E7E7054A981843425841C0B2D5
:109B4000E1E7C046FF03000040FCFFFF00FEFFFF0F
:109B50008A1870B5914207D27F264C78052C04D024
:109B60000C7809198A42F8D870BD34008D782C40E1
:109B700064000419ED0963550C7809198A42ECD880
:109B8000F2E7C04630B54C1E0300E4B200291CD0F9
:109B9000017800200D00281880B25B18904206D38F
:109BA0000DE01978081880B25B18824207D95978FD
:109BB0000B290BD00429F4D1D9780029F1D1013C2B
:109BC000E4B2FF2C02D01978E5E7002030BDC04692
:109BD000F0B5C64600B504006846057E802088467C
:109BE00017001E000002824226D8E068002803D039
:109BF0000121494201F018FA2069002803D001210F
:109C0000494201F011FA4346236073045B0CED03F3
:109C10001D430023E0686381A780E580238100283D
:109C200001D001F0E9F92069002801D001F0E4F940
:109C3000012080BCB846F0BD0020FAE710B50489C9
:109C400041898288A3B288B28C4207D31B1A9BB287
:109C5000101C9A4200D9181C80B210BD5100091A7C
:109C60005B189BB2F4E7C04603894089181A434247
:109C70005841C0B27047C04670B5040000690E007C
:109C8000002803D00121494201F0CEF925896089DD
:109C9000A288A9B283B2854232D3CD1AADB2002DCB
:109CA00028D0AA4208D291422FD3891A8BB263815D
:109CB0009A4203D89B1A9BB29A42FBD9E288216848
:109CC0005204520C53433000C918F9F7AFFC6389B2
:109CD0000125591C89B2A2888B420DD9002152005E
:109CE000891A89B220696181002801D001F084F9C4
:109CF000280070BD618989B252009142F2DBEFE722
:109D00005500ED1A4D19ADB2C9E789188BB26381C0
:109D1000CEE7C046F0B546464F46D646C0B506002B
:109D2000006989469046002803D00121494201F08C
:109D30007BF931897289B5888BB294B2914254D340
:109D40001F1BBFB2002F4AD0BD4205D2AB4251D239
:109D50005B199CB22F0074814346B8453DD89FB231
:109D6000A54203D8641BA4B2A542FBD9F28831688E
:109D70005204520C904662432B1B9BB289184246F8
:109D80009F4225D953439BB21A0048469A46F9F799
:109D90004DFC434648467D1B64195C433168504482
:109DA000A2B2F9F743FC7189B588CB199BB26A005E
:109DB000994216D99B1A9BB230697381002801D051
:109DC00001F01AF93800E0BCBA46B146A846F0BD29
:109DD00048467A43F9F72AFCE5E73B1CBFE773895D
:109DE0009BB26A009342E7DBE4E76F003F1BDF1999
:109DF000BFB2A7E75B1B9CB2ACE7C046F8B5040056
:109E0000C0680E00002803D00121494201F00CF97E
:109E1000258920896189A288ADB283B28FB2884238
:109E200029D3DB1B9BB29A4209D8E779FF0906D1F7
:109E3000E068002801D001F0DFF83800F8BD2B0001
:109E400095421DD39B1A9BB29342FBD2E2882068B5
:109E50005204520C53433100C018F9F7E7FB6B1C56
:109E60009BB2A2889D4217D9002352009B1A9BB235
:109E700001272381DCE75100C91B5B189BB2D2E7A5
:109E8000E28820685204520C53433100C018F9F79D
:109E9000CDFB0135A288ABB252009342E8DBE5E787
:109EA000F0B54E465746DE464546E0B589460600C3
:109EB000170083B0002A67D0C068002803D00121B2
:109EC000494201F0B1F83389F2799BB2984673891F
:109ED000B5889BB2D20940D198455ED26A00D31AA8
:109EE00043449BB2AB425DD2EB1A1A1C9BB2BB42FD
:109EF00000D93A1C97B27B1B9BB20193F3885B0499
:109F00005B0C9A464346DB199BB29B464446A845E8
:109F100003D3641BA4B2AC42FBD253466343306804
:109F20002D1BADB2C018BD424BD3524649467A43B1
:109F3000F9F77CFBB3885B00D84501D89B4503DB70
:109F40005A46D31A9BB29B465B463D003381F0686C
:109F500000281AD001F050F817E0F2885204520C91
:109F60009246AF4220D298454DD34246D21A92B281
:109F70006900781B80B2D21901908A4233DA4346D5
:109F8000FB189BB29B46C1E70025280003B0F0BC3C
:109F9000BB46B246A946A046F0BD4246D31A9BB284
:109FA000AB42A1D30025D2E7002DD0D07F1B574371
:109FB00098465A19002392B2B94493462F00019350
:109FC000A4E753465D43ADB22A004946F9F72EFB9C
:109FD000019B2900E21853465A43306892B2494423
:109FE000F9F724FBA6E75A1992B29346D21B92B214
:109FF000904693420CD94346591A8BB29846FB18A7
:10A000009BB29B4682E76900CA1A424492B2B0E70B
:10A01000914200DD7AE7EEE710B50400C068002841
:10A0200003D00121494200F0FFFF2069002803D03E
:10A030000121494200F0F8FF0023E0686381238199
:10A04000002801D000F0D8FF2069002801D000F0DE
:10A05000D3FF012010BDC046E12110B5044B0548D7
:10A060000022186049020123FBF794FA10BDC04694
:10A07000544200200040034010B5024800F004F8AC
:10A0800010BDC0464041002010B588B004000D222C
:10A0900000216846F9F7C4FA0D22002104A8F9F757
:10A0A000BFFA4B236A466846137004A90D2200F0DC
:10A0B0009BFF1521082220006944F9F7B7FA08B080
:10A0C00010BDC046F0B5D6464F464646DC22C0B568
:10A0D0002C4C0021200082B01201F9F7A1FADC23F8
:10A0E0001B019A46284BA2449846002399464346B2
:10A0F0001F683800F9F766FA43462064050058687F
:10A10000F9F760FA434660641B7A06005800C018ED
:10A1100001214000F9F768FAE060002D2FD0002EF1
:10A120002DD000282BD020004B462900BAB2009336
:10A1300018300123FFF74CFD434620009A88250084
:10A140004B46616C483500932C300123FFF740FDEE
:10A150002800F7F777FE4B46A562083563622800B2
:10A16000F7F770FE4B46A563E363DC34A245BED12E
:10A17000012002B0E0BCBA46B146A846F0BD0020BE
:10A18000F7E7C0465825002098090020F0B546465C
:10A19000D6464F46C0B51D00431E060082B00F2BA9
:10A1A00000D96EE0DC244443494BE418A3788B4289
:10A1B00004D0E3788B4238D0012030E098239846D1
:10A1C000A044002D23D04746AD0820D00023994657
:10A1D00018339A462635AD006519A24402E00437CB
:10A1E000BD420DD03B68002BF9D039000422504607
:10A1F000FFF756FE01239C460437E144BD42F1D1EE
:10A20000344B002B02D04B46002B57D1A1780022B3
:10A21000A3882078019200924246FDF747FD02B0E4
:10A22000E0BCBA46B146A846F0BD27002C3738003E
:10A23000FFF704FD002826D13800FFF7FFFC0028B7
:10A2400017D1002D15D02800E188F8F7A1FD0D1ECB
:10A250000FD13000E178FDF7E1FC002809D00023A0
:10A26000E1781A00300001950095FDF71FFD0028E8
:10A2700007D0194B002B9FD0300000E000BF012019
:10A28000CDE70020CBE73000E178FDF7C7FC0028E0
:10A29000D2D058239846A04441463800E288FFF7C0
:10A2A00039FDE178031E0FD00022300001920092A8
:10A2B0004246FDF7FBFC0028BED0DAE749463000F5
:10A2C000F6F792F9A178A2E73000FDF7CBFCB3E7EF
:10A2D0007C240020E905001000000000431E10B59A
:10A2E0000F2B26D8DC244443124BE418124B002BCE
:10A2F00002D0002100E000BF20001830FFF78CFEE4
:10A3000020002C30FFF788FE00230022200063602D
:10A310002381FF332360273BE254002106221030C3
:10A32000F9F77EF9054B00211A7AE0689200F9F7F7
:10A3300077F910BD7C24002000000000980900205F
:10A34000F0B54546DE4657464E46E0B50D000139AC
:10A3500085B00F2902D85179012907D0002005B016
:10A36000F0BCBB46B246A946A046F0BD9179002795
:10A37000012900D180E00329F0D114781019417827
:10A380000E00243E012E00D896E00529E6D1DC26F9
:10A390006E43B046654E9278B4464646E41966442C
:10A3A000A4B27270A34200D8B1E0614A1768526843
:10A3B000B846944692B202920022934601924032ED
:10A3C00092460022BFB2914603972A0000273D0023
:10A3D0006746944624E0252929D00529BED1427933
:10A3E000017912020A43402A04D9524602714A46B0
:10A3F000427140228578E9092FD1F1780029ADD149
:10A40000717A0029AAD1BA4200D9029AF570F28075
:10A41000019002781419A4B280189C4251D241785C
:10A420002429D8D18278013A032A97D8F1E7827893
:10A43000012A93D1002D91D0EA092DD1F278AA42B8
:10A4400000D08BE7727A002A00D087E7C278727258
:10A45000027800251419A4B2DEE7B178002900D0F3
:10A460007CE7317A002900D078E7424500D9039A89
:10A470008346B570B280CCE7002B07D16EE7117828
:10A48000CF195218BFB25179BB4210D90129F6D168
:10A4900091790329F3D16EE7B278AA4200D05DE743
:10A4A000327A002A00D059E7C2783272D0E7012907
:10A4B00000D053E791795EE78678012E00D04DE712
:10A4C00065E7F3786546002B19D0737A002B16D018
:10A4D0005B46002B06D059462800FDF71FFC0028DC
:10A4E00000D13BE7019B002B06D019002800FDF7A7
:10A4F00015FC002800D131E7012035702FE7B37833
:10A50000002B00D12AE7337A002BE1D126E7F3783C
:10A51000002B02D0737A002BEED1B378002B00D140
:10A520001CE7337A002BE7D118E7C0467C240020D3
:10A5300098090020F0B5431E06000F0083B00F2BD2
:10A5400024D8DC244443124B0122E418D8230025EC
:10A55000E2542200A388A1782078983201950095D2
:10A56000FDF7A4FB051E11D00A4B002B07D0607A23
:10A57000237AE278A1780090300000E000BF390033
:10A580003000FDF799FC280003B0F0BD0025FAE784
:10A590007C24002000000000431E70B50D000F2B2E
:10A5A00008D8DC244443094BE4182000FFF746FB9D
:10A5B000032801D8002070BD042229002000FFF7E5
:10A5C000A9FB043843425841C0B2F4E79424002068
:10A5D000030010B50A0003490868190000F004F8E8
:10A5E00010BDC046B80D002070B50B0C0024150C32
:10A5F000002B28D1002D3CD18BB291B2594300F0F1
:10A6000051F8051E33D00300083B5A6803239A43D0
:10A61000043A242A12D80300132A0AD90460446099
:10A6200008331B2A05D98460C460242A2AD0030079
:10A63000103300221A605A609A6002E00021F8F795
:10A64000EFFF280070BD002D16D1151C89B292B203
:10A650004A43ADB29BB26B43110C5B18190C0BD182
:10A66000190492B2114300F01DF8051ECBD100254C
:10A67000E7E72B1C0D1CE9E700F01CFB0C23002571
:10A680000360DEE70300046118334461D1E7C0468C
:10A6900010B5034B0100186800F004F810BDC04667
:10A6A000B80D0020F0B54E464546DE465746E0B5AB
:10A6B0000D000B35060085B0162D21D8102900D9C4
:10A6C000D4E000F0D5FA102518230221CA4FFB1858
:10A6D0001A005C68083A944200D186E1032263685C
:10A6E000A1689343E268CA6091600121E3185A6847
:10A6F00030000A435A6000F0C3FA20000830B8E086
:10A7000007239D4300D5B1E0A94200D9AEE000F097
:10A71000AFFAFC235B009D4200D2E0E1690A00D160
:10A72000AEE0042900D9A1E138239846A90988445C
:10A730003931CB00082252429446AF4FFB189C445B
:10A740006346DC68A44514D0032399460B00614698
:10A750009C4607E0E068002A00DB40E1814200D12E
:10A7600041E104004A46636893435A1B0F2AF1DD16
:10A7700041463A003C690832944200D11EE1032070
:10A7800063688343581B0F2800DDACE13A617A61AE
:10A790000028AADA7A68904680229200934200D379
:10A7A00036E1DA08580901238340404618438046C1
:10A7B000D300DB199A687860E360A2609C60D46083
:10A7C00001208B109840404562D8434603420AD18D
:10A7D00003239943434640000431034203D1400020
:10A7E00004310342FBD00323B3469C460E00B84617
:10A7F0000190F00040440100B246CB680BE0644693
:10A800005A681F00A243DB68541B0F2C00DD39E19E
:10A81000002C00DB53E19942F1D101239946CA444F
:10A82000534608319B07E8D1032205E00368083846
:10A83000013E834200D013E23242F7D14346019AEF
:10A840005B68934342465360019A520001929A42D8
:10A850001CD8002A06D119E004229146019ACA4464
:10A86000520001921342F7D05646C2E70C233360E0
:10A87000002005B0F0BCBB46B246A946A046F0BDDC
:10A8800080233F22402190469B0053E75E46474687
:10A890000322BC68636893439846AB4203D35B1BB7
:10A8A0000F2B00DD8DE0230043440293534B08201F
:10A8B0001B6810335B19019300F006FA50490390AE
:10A8C0000B688A46013306D08446019B4242013B15
:10A8D0006344134001933000019900F0D9F903005B
:10A8E0008146013300D11CE1029B834200D916E16D
:10A8F000444B02989B461A68019B59469C46624409
:10A900000A6003990139484500D157E153461B6855
:10A91000013300D15EE14B4602981B1A9B185A4640
:10A92000136007234A4648461A400292184200D153
:10A9300015E10398013384469B1A019A99444A44CD
:10A94000019263440A409B1A194030008A4600F085
:10A950009FF9431C00D158E14B46C01A03005344F1
:10A9600001935B461A68012052441A604B464946DF
:10A97000BB60019B03434B60BC4213D043460F2B8B
:10A9800000D82BE107210C3B8B4361680140052077
:10A9900019436160E118486088600F2B00D93FE1DE
:10A9A0004B465B6818490868904200D20A60174914
:10A9B0000868904200D20A604C46B4E07B68984632
:10A9C000FEE601222900134311436519616030003E
:10A9D000BD606B6000F054F92000083049E7A268C0
:10A9E000D060826081E66146C3E6DC680231A34242
:10A9F00000D1BEE672E6C046B0090020F023002078
:10AA0000A4090020C0230020E8230020EC2300201C
:10AA10005A0A042A7CD9142A00D9B0E010005B300D
:10AA200082465C32D200082040428446BA189444E0
:10AA3000624692680B308146944500D186E008005A
:10AA4000A2466146844602E09268914204D04C4698
:10AA50005068A0439842F7D8D368614654469C4654
:10AA60006346A260E3609C60D460A9E6142967D9BC
:10AA7000542900D98CE06E239846290B88446F3105
:10AA8000CB0057E6BA460120514684464919054392
:10AA900050464560856847466046EB605E469D606F
:10AAA000534639617961204308374860CF603000F0
:10AAB0008F609C5000F0E4F850460830D9E6BA4662
:10AAC00001205E465244516801435160BA6830002B
:10AAD000D3609A6000F0D4F838000830C9E62B0043
:10AAE000E9080833F2E56119884601218C460D43D7
:10AAF0004146656039617961CA608A606246024395
:10AB00004A60E050300000F0BBF820000830B0E6AA
:10AB10009A091000393238308246D20083E7BC42AD
:10AB200041D0BC686368032293431A005B1BAA42AE
:10AB300002D30F2B00DD44E7300000F0A1F897E6C8
:10AB40005B23984688445C31CB00F3E5534698106C
:10AB500001238340404618438046786080E7019B8C
:10AB6000039A4B440B40D31A194030008A4600F038
:10AB70008FF8431C00D0EFE600239A46F1E6542AF2
:10AB80002ED81A0B10006F326E308246D2004AE780
:10AB9000AA235B0099422ED8DD3B9846E90B8844F6
:10ABA0007831CB00C6E5304B9B461A68019B9C462A
:10ABB0005B4662441A60039B591EA7E6484608425A
:10ABC00000D0A3E6B9684344894601210B434946B6
:10ABD0004B60E7E653464A461A60A2E64860ABE798
:10ABE000AA204000824226D8DA0B10007832773053
:10ABF0008246D20017E71D4B994226D87C239846FF
:10AC0000A90C88447D31CB0094E5019A029B9446BF
:10AC10004A46083B63449B1A019300239A46A0E6E8
:10AC200021003000083100F0E5F85B461A68BB6887
:10AC300099465B68B6E60D4882420CD89A0C100023
:10AC40007D327C308246D200EDE6FE237E227F21DB
:10AC500090469B006EE5FE227E2092008246E2E650
:10AC600043465B68F0E5C046C02300205405000061
:10AC700010B5024800F024F810BDC046BC230020E7
:10AC800010B5024800F01EF810BDC046BC230020DD
:10AC9000002370B5064C050008002360FAF748F958
:10ACA000431C00D070BD2368002BFBD02B60F9E75C
:10ACB000F4400020014B18687047C046B80D0020D2
:10ACC0007047C0467047C046802310B55B01082816
:10ACD00001D1180010BDFFF7EDFF16230360173BED
:10ACE000F7E7C04610B583070AD00300032102E04E
:10ACF00001330B4205D01A78002AF9D1181A10BD79
:10AD0000030019680C4A0D4C8A188A4322420FD15D
:10AD10005968094A04338A188A43224208D159687B
:10AD2000054A04338A188A432242F1D000E00133F5
:10AD30001A78002AFBD1E1E7FFFEFEFE80808080CA
:10AD4000F0B5C646060000B508200D00FFF7BCFFB1
:10AD500004003000FFF78CFF234B210098469B68CE
:10AD60005F6803239F4338001138401B0019F8F730
:10AD70000FF8451E6543AC4208DC00213000FFF7A8
:10AD800087FF43469B68DB19984206D03000FFF7E7
:10AD900077FF002080BCB846F0BD30006942FFF765
:10ADA00077FF01300ED0012243467F1B9B6817437B
:10ADB0000E4A5F60136830005B1B1360FFF760FF93
:10ADC0000120E7E700213000FFF762FF43469A6861
:10ADD000831A0F2BDADD064C04492468001B086037
:10ADE00001210B435360D1E7B0090020C0230020AC
:10ADF000A4090020F0B5D6464F46464605000C0093
:10AE0000C0B5002948D0FFF733FF210001270839DA
:10AE10004B6803209C46BB43CE1872688243604651
:10AE2000384080466A4891468468B44200D17CE04C
:10AE30007260B41864683C40A2464446002C30D18D
:10AE40000C68A446091B8C686344A4460824A046E9
:10AE50008044C4455CD0CC68A04664464246E2606B
:10AE600094605246002A1FD01F434F6033608022F7
:10AE70009200934230D2DA085C090123A34044686F
:10AE800023434360D3001B189A68CB608A609960A3
:10AE9000D1602800FFF7F4FEE0BCBA46B146A846F0
:10AEA000F0BD5246002A0FD101224B44CF18BC46B8
:10AEB000B468484F1A43BC425BD0F668E660B460A1
:10AEC0004A6062461360D2E762463A434A60802293
:10AED000336092009342CED35C0A042C3FD89C0985
:10AEE000260039343836E40004192268083C032768
:10AEF000944203D14EE09268944203D05068B84324
:10AF00009842F8D8D468CC608A60A160D160C0E76C
:10AF10005246002A35D14B441A00B068F3681743F3
:10AF2000C36098604F608A50B3E74B441A004346B1
:10AF3000002B06D10B68C91A8C68D218CB68E36065
:10AF40009C60012313434B60234B81601B68934239
:10AF50009FD8224B28001968FFF7F2FE99E7142CBE
:10AF600013D9542C1DD81C0B26006F346E36E40008
:10AF7000BAE7E160A1604A606246CC608C60136011
:10AF800087E71F434F60336083E726005C345B36FE
:10AF9000E400A9E70123B610B34046683343436099
:10AFA000B1E7AA225200944205D8DC0B260078347F
:10AFB0007736E40098E70A4A944205D89C0C2600AC
:10AFC0007D347C36E4008FE7FE247E26A4008BE7E8
:10AFD000B0090020B8090020A8090020F0230020B3
:10AFE00054050000F8B5C04601B40248844601BCCF
:10AFF000604700BFF902002001B40248844601BC4A
:10B00000604700BFE501002001B40248844601BC4E
:10B01000604700BF2904002001B40248844601BCF7
:10B02000604700BF2904002001B40248844601BCE7
:10B03000604700BF5901002001B40248844601BCAA
:10B04000604700BFC100002001B40248844601BC33
:10B05000604700BF0D020020B92B0010E52B001047
:10B06000312D001011360010B93300106935001071
:10B07000592C0010012C0010212C0010352C001030
:10B08000F51D00103D2C0010AD210010812B00108B
:0CB09000CD180010B102001079A00010D3
:10B0A000EC0200100C03001018030010F80200104E
:10B0B00030030010FE0200107475685F6869645FF9
:10B0C0006D6F756E745F6362000000007475685F79
:10B0D0006869645F756D6F756E745F636220256467
:10B0E0002025640A00000000435243206572726FFD
:10B0F000720000006F7574206F766572666C6F77F2
:10B10000210000000A2A2A2A2050414E4943202AC1
:10B110002A2A0A000A0000004E6F207370696E6CC4
:10B120006F636B732061726520617661696C616227
:10B130006C650000486172647761726520616C61C2
:10B14000726D20256420616C726561647920636C86
:10B1500061696D6564000000486172642061737309
:10B16000657274006D697373696E6720646F7562D0
:10B170006C652066756E6374696F6E004F75742020
:10B180006F66206D656D6F727900000052656C65A9
:10B1900061736500626F6F74325F7732357130387A
:10B1A00030000000322E312E3100000077617665CC
:10B1B00073686172655F7270323034305F7A6572C5
:10B1C0006F00000072656D61707065725F6475611B
:10B1D0006C5F62004D6172202037203230323600C1
:10B1E000666E692B00000000666E69006E616E007D
:10B1F000666E692D0000000055415254207374643E
:10B20000696E000055415254207374646F75740068
:10B210005541525420737464696E202F20737464F6
:10B220006F7574004E6F2050494F207374617465C0
:10B23000206D616368696E65732061726520617657
:10B2400061696C61626C6500556E68616E646C6505
:10B2500064206275666665722025640A000000003D
:10B260004461746120536571204572726F72200AC7
:10B2700000000000556E68616E646C656420495280
:10B280005120307825780A00496E76616C69642017
:10B2900073706565640A000065702025303258209F
:10B2A00077617320616C7265616479206176616990
:10B2B0006C61626C6500000043616E277420636FEF
:10B2C0006E74696E75652078666572206F6E206990
:10B2D0006E61637469766520657020253032580090
:10B2E000E8B2001004FF000021632312001242A202
:10B2F00005010905A10175089502810375019510E5
:10B300001500250106F9FF090309040901090205D1
:10B3100009090A0909090B090C09050906090D099A
:10B320000E09020903090109048102750895021535
:10B330000026FF00050109330934810275109501CB
:10B3400016008026FF7F0930810226008016FF7FCD
:10B350000931810216008026FF7F09328102260012
:10B360008016FF7F09358102750895068103C000AC
:10B3700005010905A10185207508950381031500C4
:10B380002501750195100509190129108102751013
:10B390009502150026FF03050209C509C48102951F
:10B3A00001050116008026FF7F09308102260080FA
:10B3B00016FF7F0931810216008026FF7F09328146
:10B3C0000226008016FF7F093581027508951081DD
:10B3D000039501050C0985150026FF0081028507EC
:10B3E000750895038103750195010509091115007B
:10B3F0002501810295078103C0000000060052501C
:10B40000D3F075428CB1001006005250E182887F63
:10B4100094B1001006005250ABB36053A4B10010B9
:10B4200006005250BBFF3CB6ACB1001006005250B3
:10B43000861C0302C4B10010060052505422A29D83
:10B44000D4B1001005005250DE65F46850C50010FC
:10B45000D04300108043001080430010C843001008
:10B460008043001080430010804300108043001090
:10B47000804300108043001080430010C043001040
:10B4800080430010B8430010804300108043001038
:10B49000B0430010F0450010E6430010E0450010F6
:10B4A000E6430010CA450010E6430010E6430010D2
:10B4B000E6430010E6430010E6430010E6430010A8
:10B4C000E6430010D8430010E6430010E6430010A6
:10B4D000E6430010E6430010E6430010D843001096
:10B4E0008E4600103A4300103A4300103A430010D1
:10B4F0003A4300103A4300103A4300103A43001018
:10B500003A4300103A4300103A4300103A43001007
:10B510003A4300103A4300103A4300103A430010F7
:10B520003A4300103A4300103A4300103A430010E7
:10B530003A4300103A4300103A4300103A430010D7
:10B540003A4300103A4300103A4300103A430010C7
:10B550003A4300103A4300103A4300103A430010B7
:10B56000044600105C460010044600103A430010E8
:10B570003A4300103A4300103A4300103A43001097
:10B580003A4300103A4300103A4300103A43001087
:10B590003A4300103A4300103A4300103A43001077
:10B5A0003A4300103A4300103A4300109E480010FE
:10B5B0003A4300103A4300103A4300103A43001057
:10B5C0003A4300103A4300103A4300103A43001047
:10B5D0003A4300109E480010A04600109E480010FC
:10B5E000044600105C4600100446001000000000F5
:10B5F000000000000000F03F0000000000002440B8
:10B6000000000000000059400000000000408F4092
:10B61000000000000088C34000000000006AF840FD
:10B620000000000080842E4100000000D012634121
:10B630000000000084D797410000000065CDCD4197
:10B640000D0A00000600525053B4F4A110B20010CD
:10B6500008005250120000000800525092100000E2
:10B66000C8790010C8790010AC750010E87500109A
:10B67000C87900103E7600105876001074760010DD
:10B68000807700100A7800105E780010D8780010DB
:10B6900004790010000000000190001019900010C3
:10B6A00035960010259800101D9000100193001091
:10B6B00000000000C5840010D9840010DD84001053
:10B6C0007D850010D185001031850010A006000096
:0CB6D00000000900080052501210020097
:10B6DC00FCB3001008B4001014B4001020B4001017
:10B6EC002CB4001038B4001044B40010D4B60010C0
:0CB6FC0058B6001050B6001044B6001004
:10B70800F0B5C646150000B504001E000268EFF348
:10B71800108172B61368002BFCD0BFF35F8F04232F
:10B72800E3562268002B2BDBBFF35F8F00201060ED
:10B7380081F31088D02212061278002752B2904660
:10B748009A420ED1002080BCB846F0BDBFF35F8F8F
:10B75800176081F310882800310000F0A1F9002853
:10B76800F0D12268EFF3108172B61368002BFCD079
:10B77800BFF35F8F237922687F2BE7D9434602E026
:10B78800D0231B061B682371BFF35F8F0023136050
:10B7980081F310880120D6E7F0B5C64600B50D0044
:10B7A800040000F06DF9FA2206000F0000232800BB
:10B7B8000021920000F06CF936184F41002F02DA90
:10B7C8000126174F7642D0231B061B680025984692
:10B7D8000AE0BFF35F8F156081F3108830003900ED
:10B7E80000F05EF9002818D12268EFF3108172B6D4
:10B7F8001368002BFCD0BFF35F8F237922687F2B5F
:10B80800E7D943462371BFF35F8F0023136081F3A9
:10B818001088012080BCB846F0BD0020FAE7C04679
:10B82800FFFFFF7F0268EFF3108172B61368002BE9
:10B83800FCD0BFF35F8FFF2303710368BFF35F8FF3
:10B8480000221A6081F3108840BF704770B54378B2
:10B8580004000E00012B1FD0184B1D686A69EFF316
:10B86800108172B61368002BFCD0BFF35F8FA961FB
:10B878002800210000F01CF96A69AB69BFF35F8FEB
:10B888000021116083F31088002804D03200617809
:10B89800207800F0EDF870BD094B01781A789142D4
:10B8A800DAD101795A789142D6D141799A78914280
:10B8B800D2D11021DA788A43DA70CDE7DC3A002059
:10B8C8004825002010B5084C2378002B0AD1802386
:10B8D800064807495B051A68C25004338B42FAD1FF
:10B8E8000123237010BDC0466C420020A83B001005
:10B8F8000001001010B5014B984710BDA93B00206E
:10B90800034B1A68C0239B009343024A1360704795
:10B918000C8001400C900140054B1A6880239B0065
:10B928005340C02292001340024A13607047C04639
:10B938000C8001400C9001400023F0B5DE465746CC
:10B948004E4645469A46E0B583B001900E00988A67
:10B9580042491B8B14009847534681464049988AB0
:10B968001B8B984753463F490500988A1B8B98477D
:10B978008046FFF7A7FFC847A847FFF7CDFF251E5A
:10B9880022D00823C0219C460220490562468B6AC2
:10B998001A4018423CD0631B002D2CD1002A11D12B
:10B9A800002C11D0C0235B059B4602239A46063320
:10B9B80099465B464A4657469B6A1A401F423FD003
:10B9C800002AF6D0002C2DD1FFF79AFFC047FFF7C9
:10B9D80091FF03B0F0BCBB46B246A946A046F0BDF5
:10B9E800002C2FD1C0225205926A914608224F4658
:10B9F8003A40BF072DD50D2B1BD9002AF0D1C02204
:10BA08005205926A914608224F463A40BF07F2D43F
:10BA1800002A04D12B002343002BB7D1D4E72B00F5
:10BA2800002CF9D00B6E013C3370230001362B43F8
:10BA3800F2E7019F013D3B7801370B660197E7E785
:10BA48000025E5E7C0235B051B6E013C337001361A
:10BA58009CE72B00002ADFD1DCE7C04649460000FE
:10BA680045580000464300007047C04600000000EB
:10BA780001B40248844601BC604700BF756F0010DE
:10BA880001B40248844601BC604700BFD9250010B4
:10BA980001B40248844601BC604700BF85340010E9
:10BAA80001B40248844601BC604700BFA9240010C5
:10BAB80001B40248844601BC604700BFFD9D0010E8
:10BAC80000000000963007772C610EEEBA510999F4
:10BAD80019C46D078FF46A7035A563E9A395649E50
:10BAE8003288DB0EA4B8DC791EE9D5E088D9D29774
:10BAF8002B4CB609BD7CB17E072DB8E7911DBF90D0
:10BB08006410B71DF220B06A4871B9F3DE41BE84F3
:10BB18007DD4DA1AEBE4DD6D51B5D4F4C785D3834F
:10BB280056986C13C0A86B647AF962FDECC9658AF3
:10BB38004F5C0114D96C0663633D0FFAF50D088D4F
:10BB4800C8206E3B5E10694CE44160D5727167A2F3
:10BB5800D1E4033C47D4044BFD850DD26BB50AA54F
:10BB6800FAA8B5356C98B242D6C9BBDB40F9BCAC73
:10BB7800E36CD832755CDF45CF0DD6DC593DD1ABCF
:10BB8800AC30D9263A00DE518051D7C81661D0BFF3
:10BB9800B5F4B42123C4B3569995BACF0FA5BDB84F
:10BBA8009EB802280888055FB2D90CC624E90BB1F3
:10BBB800877C6F2F114C6858AB1D61C13D2D66B64F
:10BBC8009041DC760671DB01BC20D2982A10D5EFB3
:10BBD8008985B1711FB5B606A5E4BF9F33D4B8E80F
:10BBE800A2C9077834F9000F8EA8099618980EE1B3
:10BBF800BB0D6A7F2D3D6D08976C6491015C63E60F
:10BC0800F4516B6B62616C1CD83065854E0062F232
:10BC1800ED95066C7BA5011BC1F4088257C40FF58E
:10BC2800C6D9B06550E9B712EAB8BE8B7C88B9FCB2
:10BC3800DF1DDD62492DDA15F37CD38C654CD4FB0E
:10BC48005861B24DCE51B53A7400BCA3E230BBD4B2
:10BC580041A5DF4AD795D83D6DC4D1A4FBF4D6D30E
:10BC68006AE96943FCD96E34468867ADD0B860DAB2
:10BC7800732D0444E51D03335F4C0AAAC97C0DDD0E
:10BC88003C710550AA41022710100BBE86200CC932
:10BC980025B56857B3856F2009D466B99FE461CE8E
:10BCA8000EF9DE5E98C9D9292298D0B0B4A8D7C7B2
:10BCB800173DB359810DB42E3B5CBDB7AD6CBAC00E
:10BCC8002083B8EDB6B3BF9A0CE2B6039AD2B1742A
:10BCD8003947D5EAAF77D29D1526DB048316DC7386
:10BCE800120B63E3843B64943E6A6D0DA85A6A7A2A
:10BCF8000BCF0EE49DFF099327AE000AB19E077D86
:10BD080044930FF0D2A3088768F2011EFEC20669A9
:10BD18005D5762F7CB67658071366C19E7066B6E05
:10BD2800761BD4FEE02BD3895A7ADA10CC4ADD6729
:10BD38006FDFB9F9F9EFBE8E43BEB717D58EB06085
:10BD4800E8A3D6D67E93D1A1C4C2D83852F2DF4F29
:10BD5800F167BBD16757BCA6DD06B53F4B36B24885
:10BD6800DA2B0DD84C1B0AAFF64A0336607A044129
:10BD7800C3EF60DF55DF67A8EF8E6E3179BE694685
:10BD88008CB361CB1A8366BCA0D26F2536E26852A9
:10BD980095770CCC03470BBBB91602222F26055505
:10BDA800BE3BBAC5280BBDB2925AB42B046AB35C29
:10BDB800A7FFD7C231CFD0B58B9ED92C1DAEDE5B85
:10BDC800B0C2649B26F263EC9CA36A750A936D0269
:10BDD800A906099C3F360EEB8567077213570005C5
:10BDE800824ABF95147AB8E2AE2BB17B381BB60CE9
:10BDF8009B8ED2920DBED5E5B7EFDC7C21DFDB0B45
:10BE0800D4D2D38642E2D4F1F8B3DD686E83DA1F68
:10BE1800CD16BE815B26B9F6E177B06F7747B718C4
:10BE2800E65A0888706A0FFFCA3B06665C0B011168
:10BE3800FF9E658F69AE62F8D3FF6B6145CF6C16C4
:10BE480078E20AA0EED20DD75483044EC2B3033968
:10BE5800612667A7F71660D04D476949DB776E3EC4
:10BE68004A6AD1AEDC5AD6D9660BDF40F03BD837E8
:10BE780053AEBCA9C59EBBDE7FCFB247E9FFB53044
:10BE88001CF2BDBD8AC2BACA3093B353A6A3B42468
:10BE98000536D0BA9306D7CD2957DE54BF67D923C4
:10BEA8002E7A66B3B84A61C4021B685D942B6F2A68
:10BEB80037BE0BB4A18E0CC31BDF055A8DEF022DC4
:10BEC8000100000000000000A10D001000000000AB
:10BED800A50D0010250F0010D1100010C515001079
:10BEE80000000000C5A000100000000041A30010E1
:10BEF80035A500108DA10010DDA200100620030258
:10BF0800010000000520020F0600000005200101C5
:10BF18000010000000000000000001000000000008
:10BF28000000000000000200000000000000000007
:10BF38000000030000000000000000000000FF00F7
:10BF48000000000001B5486801318E460047704680
:10BF580009380149884701BD311D00100000000063
:10BF680000000000000000000000000000000000C9
:10BF7800901A0020000000000000000000000000EF
:10BF8800503300004C33000054330000523300009B
:10BF98004D5300004D43000053340000433400006B
:10BFA800A9530010AD540010F5530010C1540010EF
:10BFB8000000000000010000E03A002010000C0022
:10BFC8000000000000000000000000000000000069
:10BFD80000000000FF0000004000000040000000DA
:10BFE80010000000FFFFFFFF00000200000000003B
:10BFF8000000000000000000B0090020B009002087
:10C00800B8090020B8090020C0090020C009002094
:10C01800C8090020C8090020D0090020D009002044
:10C02800D8090020D8090020E0090020E0090020F4
:10C03800E8090020E8090020F0090020F0090020A4
:10C04800F8090020F8090020000A0020000A002052
:10C05800080A0020080A0020100A0020100A002000
:10C06800180A0020180A0020200A0020200A0020B0
:10C07800280A0020280A0020300A0020300A002060
:10C08800380A0020380A0020400A0020400A002010
:10C09800480A0020480A0020500A0020500A0020C0
:10C0A800580A0020580A0020600A0020600A002070
:10C0B800680A0020680A0020700A0020700A002020
:10C0C800780A0020780A0020800A0020800A0020D0
:10C0D800880A0020880A0020900A0020900A002080
:10C0E800980A0020980A0020A00A0020A00A002030
:10C0F800A80A0020A80A0020B00A0020B00A0020E0
:10C10800B80A0020B80A0020C00A0020C00A00208F
:10C11800C80A0020C80A0020D00A0020D00A00203F
:10C12800D80A0020D80A0020E00A0020E00A0020EF
:10C13800E80A0020E80A0020F00A0020F00A00209F
:10C14800F80A0020F80A0020000B0020000B00204D
:10C15800080B0020080B0020100B0020100B0020FB
:10C16800180B0020180B0020200B0020200B0020AB
:10C17800280B0020280B0020300B0020300B00205B
:10C18800380B0020380B0020400B0020400B00200B
:10C19800480B0020480B0020500B0020500B0020BB
:10C1A800580B0020580B0020600B0020600B00206B
:10C1B800680B0020680B0020700B0020700B00201B
:10C1C800780B0020780B0020800B0020800B0020CB
:10C1D800880B0020880B0020900B0020900B00207B
:10C1E800980B0020980B0020A00B0020A00B00202B
:10C1F800A80B0020A80B0020B00B0020B00B0020DB
:10C20800B80B0020B80B0020C00B0020C00B00208A
:10C21800C80B0020C80B0020D00B0020D00B00203A
:10C22800D80B0020D80B0020E00B0020E00B0020EA
:10C23800E80B0020E80B0020F00B0020F00B00209A
:10C24800F80B0020F80B0020000C0020000C002048
:10C25800080C0020080C0020100C0020100C0020F6
:10C26800180C0020180C0020200C0020200C0020A6
:10C27800280C0020280C0020300C0020300C002056
:10C28800380C0020380C0020400C0020400C002006
:10C29800480C0020480C0020500C0020500C0020B6
:10C2A800580C0020580C0020600C0020600C002066
:10C2B800680C0020680C0020700C0020700C002016
:10C2C800780C0020780C0020800C0020800C0020C6
:10C2D800880C0020880C0020900C0020900C002076
:10C2E800980C0020980C0020A00C0020A00C002026
:10C2F800A80C0020A80C0020B00C0020B00C0020D6
:10C30800B80C0020B80C0020C00C0020C00C002085
:10C31800C80C0020C80C0020D00C0020D00C002035
:10C32800D80C0020D80C0020E00C0020E00C0020E5
:10C33800E80C0020E80C0020F00C0020F00C002095
:10C34800F80C0020F80C0020000D0020000D002043
:10C35800080D0020080D0020100D0020100D0020F1
:10C36800180D0020180D0020200D0020200D0020A1
:10C37800280D0020280D0020300D0020300D002051
:10C38800380D0020380D0020400D0020400D002001
:10C39800480D0020480D0020500D0020500D0020B1
:10C3A800580D0020580D0020600D0020600D002061
:10C3B800680D0020680D0020700D0020700D002011
:10C3C800780D0020780D0020800D0020800D0020C1
:10C3D800880D0020880D0020900D0020900D002071
:10C3E800980D0020980D0020A00D0020A00D002021
:10C3F800A80D0020A80D0020C00D0020000000009E
:10C4080000000000F42300205C240020C424002045
:10C418000000000000000000000000000000000014
:10C428000000000000000000000000000000000004
:10C4380000000000000000000000000000000000F4
:10C4480000000000000000000000000000000000E4
:10C4580000000000000000000000000000000000D4
:10C4680000000000000000000000000000000000C4
:10C4780000000000000000000000000000000000B4
:10C4880000000000000000000000000000000000A4
:10C498000000000000000000010000000000000093
:10C4A8000E33CDAB34126DE6ECDE05000B00000058
:10C4B8000000000000000000000000000000000074
:10C4C8000000000000000000000000000000000064
:10C4D8000000000000000000000000000000000054
:10C4E8000000000000000000000000000000000044
:10C4F8000000000000000000000000000000000034
:10C508000000000000000000000000000000000023
:10C518000000000000000000000000000000000013
:10C528000000000000000000000000000000000003
:10C5380000000000000000000000000000000000F3
:08C548000000000000000000EB
:04000005100001E9FD
:00000001FF
